-- MySQL dump 10.13  Distrib 8.0.33, for macos13.3 (arm64)
--
-- Host: localhost    Database: nest
-- ------------------------------------------------------
-- Server version	8.0.33

/*!40101 SET @OLD_CHARACTER_SET_CLIENT=@@CHARACTER_SET_CLIENT */;
/*!40101 SET @OLD_CHARACTER_SET_RESULTS=@@CHARACTER_SET_RESULTS */;
/*!40101 SET @OLD_COLLATION_CONNECTION=@@COLLATION_CONNECTION */;
/*!50503 SET NAMES utf8mb4 */;
/*!40103 SET @OLD_TIME_ZONE=@@TIME_ZONE */;
/*!40103 SET TIME_ZONE='+00:00' */;
/*!40014 SET @OLD_UNIQUE_CHECKS=@@UNIQUE_CHECKS, UNIQUE_CHECKS=0 */;
/*!40014 SET @OLD_FOREIGN_KEY_CHECKS=@@FOREIGN_KEY_CHECKS, FOREIGN_KEY_CHECKS=0 */;
/*!40101 SET @OLD_SQL_MODE=@@SQL_MODE, SQL_MODE='NO_AUTO_VALUE_ON_ZERO' */;
/*!40111 SET @OLD_SQL_NOTES=@@SQL_NOTES, SQL_NOTES=0 */;

--
-- Table structure for table `activations`
--

DROP TABLE IF EXISTS `activations`;
/*!40101 SET @saved_cs_client     = @@character_set_client */;
/*!50503 SET character_set_client = utf8mb4 */;
CREATE TABLE `activations` (
  `id` bigint unsigned NOT NULL AUTO_INCREMENT,
  `user_id` bigint unsigned NOT NULL,
  `code` varchar(120) COLLATE utf8mb4_unicode_ci NOT NULL,
  `completed` tinyint(1) NOT NULL DEFAULT '0',
  `completed_at` timestamp NULL DEFAULT NULL,
  `created_at` timestamp NULL DEFAULT NULL,
  `updated_at` timestamp NULL DEFAULT NULL,
  PRIMARY KEY (`id`),
  KEY `activations_user_id_index` (`user_id`)
) ENGINE=InnoDB AUTO_INCREMENT=3 DEFAULT CHARSET=utf8mb4 COLLATE=utf8mb4_unicode_ci;
/*!40101 SET character_set_client = @saved_cs_client */;

--
-- Dumping data for table `activations`
--

LOCK TABLES `activations` WRITE;
/*!40000 ALTER TABLE `activations` DISABLE KEYS */;
INSERT INTO `activations` VALUES (1,1,'tMGwr9BMFsPt0Ee973n3QT9RouqXApLA',1,'2023-11-19 00:36:10','2023-11-19 00:36:10','2023-11-19 00:36:10'),(2,2,'2mLKCFsKO5sbwFyZGLNfGI2zwlvCAUbn',1,'2023-11-19 00:36:10','2023-11-19 00:36:10','2023-11-19 00:36:10');
/*!40000 ALTER TABLE `activations` ENABLE KEYS */;
UNLOCK TABLES;

--
-- Table structure for table `admin_notifications`
--

DROP TABLE IF EXISTS `admin_notifications`;
/*!40101 SET @saved_cs_client     = @@character_set_client */;
/*!50503 SET character_set_client = utf8mb4 */;
CREATE TABLE `admin_notifications` (
  `id` bigint unsigned NOT NULL AUTO_INCREMENT,
  `title` varchar(255) COLLATE utf8mb4_unicode_ci NOT NULL,
  `action_label` varchar(255) COLLATE utf8mb4_unicode_ci DEFAULT NULL,
  `action_url` varchar(255) COLLATE utf8mb4_unicode_ci DEFAULT NULL,
  `description` varchar(400) COLLATE utf8mb4_unicode_ci NOT NULL,
  `read_at` timestamp NULL DEFAULT NULL,
  `created_at` timestamp NULL DEFAULT NULL,
  `updated_at` timestamp NULL DEFAULT NULL,
  `permission` varchar(191) COLLATE utf8mb4_unicode_ci DEFAULT NULL,
  PRIMARY KEY (`id`)
) ENGINE=InnoDB DEFAULT CHARSET=utf8mb4 COLLATE=utf8mb4_unicode_ci;
/*!40101 SET character_set_client = @saved_cs_client */;

--
-- Dumping data for table `admin_notifications`
--

LOCK TABLES `admin_notifications` WRITE;
/*!40000 ALTER TABLE `admin_notifications` DISABLE KEYS */;
/*!40000 ALTER TABLE `admin_notifications` ENABLE KEYS */;
UNLOCK TABLES;

--
-- Table structure for table `ads`
--

DROP TABLE IF EXISTS `ads`;
/*!40101 SET @saved_cs_client     = @@character_set_client */;
/*!50503 SET character_set_client = utf8mb4 */;
CREATE TABLE `ads` (
  `id` bigint unsigned NOT NULL AUTO_INCREMENT,
  `name` varchar(255) COLLATE utf8mb4_unicode_ci NOT NULL,
  `expired_at` datetime DEFAULT NULL,
  `location` varchar(120) COLLATE utf8mb4_unicode_ci DEFAULT NULL,
  `key` varchar(120) COLLATE utf8mb4_unicode_ci NOT NULL,
  `image` varchar(255) COLLATE utf8mb4_unicode_ci DEFAULT NULL,
  `url` varchar(255) COLLATE utf8mb4_unicode_ci DEFAULT NULL,
  `clicked` bigint NOT NULL DEFAULT '0',
  `order` int DEFAULT '0',
  `status` varchar(60) COLLATE utf8mb4_unicode_ci NOT NULL DEFAULT 'published',
  `created_at` timestamp NULL DEFAULT NULL,
  `updated_at` timestamp NULL DEFAULT NULL,
  `open_in_new_tab` tinyint(1) NOT NULL DEFAULT '1',
  `tablet_image` varchar(255) COLLATE utf8mb4_unicode_ci DEFAULT NULL,
  `mobile_image` varchar(255) COLLATE utf8mb4_unicode_ci DEFAULT NULL,
  PRIMARY KEY (`id`),
  UNIQUE KEY `ads_key_unique` (`key`)
) ENGINE=InnoDB AUTO_INCREMENT=13 DEFAULT CHARSET=utf8mb4 COLLATE=utf8mb4_unicode_ci;
/*!40101 SET character_set_client = @saved_cs_client */;

--
-- Dumping data for table `ads`
--

LOCK TABLES `ads` WRITE;
/*!40000 ALTER TABLE `ads` DISABLE KEYS */;
INSERT INTO `ads` VALUES (1,'Everyday Fresh','2028-11-19 00:00:00','not_set','IZ6WU8KUALYD','promotion/1.png','/products',0,1,'published','2023-11-19 00:36:11','2023-11-19 00:36:11',1,NULL,NULL),(2,'Make your Breakfast','2028-11-19 00:00:00','not_set','ILSFJVYFGCPZ','promotion/2.png','/products',0,2,'published','2023-11-19 00:36:11','2023-11-19 00:36:11',1,NULL,NULL),(3,'The best Organic','2028-11-19 00:00:00','not_set','ILSDKVYFGXPH','promotion/3.png','/products',0,3,'published','2023-11-19 00:36:11','2023-11-19 00:36:11',1,NULL,NULL),(4,'Bring nature into your home','2028-11-19 00:00:00','not_set','IZ6WU8KUALYG','promotion/4.png','/products',0,4,'published','2023-11-19 00:36:11','2023-11-19 00:36:11',1,NULL,NULL),(5,'Delivered to your home','2028-11-19 00:00:00','not_set','IZ6WU8KUALYH','promotion/5.png','/products',0,5,'published','2023-11-19 00:36:11','2023-11-19 00:36:11',1,NULL,NULL),(6,'Save 17% on Oganic Juice','2028-11-19 00:00:00','not_set','IZ6WU8KUALYI','promotion/6.png','/products',0,6,'published','2023-11-19 00:36:11','2023-11-19 00:36:11',1,NULL,NULL),(7,'Everyday Fresh & Clean with Our Products','2028-11-19 00:00:00','not_set','IZ6WU8KUALYJ','promotion/7.png','/products',0,7,'published','2023-11-19 00:36:11','2023-11-19 00:36:11',1,NULL,NULL),(8,'The best Organic Products Online','2028-11-19 00:00:00','not_set','IZ6WU8KUALYK','promotion/8.png','/products',0,8,'published','2023-11-19 00:36:11','2023-11-19 00:36:11',1,NULL,NULL),(9,'Everyday Fresh with Our Products','2028-11-19 00:00:00','not_set','IZ6WU8KUALYL','promotion/9.png',NULL,0,9,'published','2023-11-19 00:36:11','2023-11-19 00:36:11',1,NULL,NULL),(10,'100% guaranteed all Fresh items','2028-11-19 00:00:00','not_set','IZ6WU8KUALYM','promotion/10.png',NULL,0,10,'published','2023-11-19 00:36:11','2023-11-19 00:36:11',1,NULL,NULL),(11,'Special grocery sale off this month','2028-11-19 00:00:00','not_set','IZ6WU8KUALYN','promotion/11.png',NULL,0,11,'published','2023-11-19 00:36:11','2023-11-19 00:36:11',1,NULL,NULL),(12,'Enjoy 15% OFF for all vegetable and fruit','2028-11-19 00:00:00','not_set','IZ6WU8KUALYO','promotion/12.png',NULL,0,12,'published','2023-11-19 00:36:11','2023-11-19 00:36:11',1,NULL,NULL);
/*!40000 ALTER TABLE `ads` ENABLE KEYS */;
UNLOCK TABLES;

--
-- Table structure for table `ads_translations`
--

DROP TABLE IF EXISTS `ads_translations`;
/*!40101 SET @saved_cs_client     = @@character_set_client */;
/*!50503 SET character_set_client = utf8mb4 */;
CREATE TABLE `ads_translations` (
  `lang_code` varchar(20) COLLATE utf8mb4_unicode_ci NOT NULL,
  `ads_id` bigint unsigned NOT NULL,
  `name` varchar(255) COLLATE utf8mb4_unicode_ci DEFAULT NULL,
  `image` varchar(255) COLLATE utf8mb4_unicode_ci DEFAULT NULL,
  `url` varchar(255) COLLATE utf8mb4_unicode_ci DEFAULT NULL,
  PRIMARY KEY (`lang_code`,`ads_id`)
) ENGINE=InnoDB DEFAULT CHARSET=utf8mb4 COLLATE=utf8mb4_unicode_ci;
/*!40101 SET character_set_client = @saved_cs_client */;

--
-- Dumping data for table `ads_translations`
--

LOCK TABLES `ads_translations` WRITE;
/*!40000 ALTER TABLE `ads_translations` DISABLE KEYS */;
/*!40000 ALTER TABLE `ads_translations` ENABLE KEYS */;
UNLOCK TABLES;

--
-- Table structure for table `audit_histories`
--

DROP TABLE IF EXISTS `audit_histories`;
/*!40101 SET @saved_cs_client     = @@character_set_client */;
/*!50503 SET character_set_client = utf8mb4 */;
CREATE TABLE `audit_histories` (
  `id` bigint unsigned NOT NULL AUTO_INCREMENT,
  `user_id` bigint unsigned NOT NULL,
  `module` varchar(60) COLLATE utf8mb4_unicode_ci NOT NULL,
  `request` longtext COLLATE utf8mb4_unicode_ci,
  `action` varchar(120) COLLATE utf8mb4_unicode_ci NOT NULL,
  `user_agent` text COLLATE utf8mb4_unicode_ci,
  `ip_address` varchar(39) COLLATE utf8mb4_unicode_ci DEFAULT NULL,
  `reference_user` bigint unsigned NOT NULL,
  `reference_id` bigint unsigned NOT NULL,
  `reference_name` varchar(255) COLLATE utf8mb4_unicode_ci NOT NULL,
  `type` varchar(20) COLLATE utf8mb4_unicode_ci NOT NULL,
  `created_at` timestamp NULL DEFAULT NULL,
  `updated_at` timestamp NULL DEFAULT NULL,
  PRIMARY KEY (`id`),
  KEY `audit_histories_user_id_index` (`user_id`),
  KEY `audit_histories_module_index` (`module`)
) ENGINE=InnoDB DEFAULT CHARSET=utf8mb4 COLLATE=utf8mb4_unicode_ci;
/*!40101 SET character_set_client = @saved_cs_client */;

--
-- Dumping data for table `audit_histories`
--

LOCK TABLES `audit_histories` WRITE;
/*!40000 ALTER TABLE `audit_histories` DISABLE KEYS */;
/*!40000 ALTER TABLE `audit_histories` ENABLE KEYS */;
UNLOCK TABLES;

--
-- Table structure for table `categories`
--

DROP TABLE IF EXISTS `categories`;
/*!40101 SET @saved_cs_client     = @@character_set_client */;
/*!50503 SET character_set_client = utf8mb4 */;
CREATE TABLE `categories` (
  `id` bigint unsigned NOT NULL AUTO_INCREMENT,
  `name` varchar(120) COLLATE utf8mb4_unicode_ci NOT NULL,
  `parent_id` bigint unsigned NOT NULL DEFAULT '0',
  `description` varchar(400) COLLATE utf8mb4_unicode_ci DEFAULT NULL,
  `status` varchar(60) COLLATE utf8mb4_unicode_ci NOT NULL DEFAULT 'published',
  `author_id` bigint unsigned DEFAULT NULL,
  `author_type` varchar(255) COLLATE utf8mb4_unicode_ci NOT NULL DEFAULT 'Botble\\ACL\\Models\\User',
  `icon` varchar(60) COLLATE utf8mb4_unicode_ci DEFAULT NULL,
  `order` tinyint NOT NULL DEFAULT '0',
  `is_featured` tinyint NOT NULL DEFAULT '0',
  `is_default` tinyint unsigned NOT NULL DEFAULT '0',
  `created_at` timestamp NULL DEFAULT NULL,
  `updated_at` timestamp NULL DEFAULT NULL,
  PRIMARY KEY (`id`),
  KEY `categories_parent_id_index` (`parent_id`),
  KEY `categories_status_index` (`status`),
  KEY `categories_created_at_index` (`created_at`)
) ENGINE=InnoDB AUTO_INCREMENT=5 DEFAULT CHARSET=utf8mb4 COLLATE=utf8mb4_unicode_ci;
/*!40101 SET character_set_client = @saved_cs_client */;

--
-- Dumping data for table `categories`
--

LOCK TABLES `categories` WRITE;
/*!40000 ALTER TABLE `categories` DISABLE KEYS */;
INSERT INTO `categories` VALUES (1,'Ecommerce',0,'Molestias laborum ea sapiente corporis ut quo. Molestiae eveniet inventore autem et voluptas. Velit odit similique iste maiores sunt blanditiis laborum quisquam.','published',1,'Botble\\ACL\\Models\\User',NULL,0,0,1,'2023-11-19 00:36:09','2023-11-19 00:36:09'),(2,'Fashion',0,'Rerum molestiae dolore et ut quae omnis. Officia rerum nobis est voluptatem. Et placeat officiis velit placeat.','published',1,'Botble\\ACL\\Models\\User',NULL,0,1,0,'2023-11-19 00:36:09','2023-11-19 00:36:09'),(3,'Electronic',0,'Nihil eum explicabo accusamus quae aperiam ut omnis. Fuga eligendi est alias ut. Quia reiciendis explicabo quia ut. Rerum quis rerum maxime hic suscipit ut aliquid ut.','published',1,'Botble\\ACL\\Models\\User',NULL,0,1,0,'2023-11-19 00:36:09','2023-11-19 00:36:09'),(4,'Commercial',0,'Iure veniam qui et sit ut saepe. Est modi eum vel esse exercitationem optio. Ut quae ut iure. Odit est deserunt reprehenderit ducimus sint.','published',1,'Botble\\ACL\\Models\\User',NULL,0,1,0,'2023-11-19 00:36:09','2023-11-19 00:36:09');
/*!40000 ALTER TABLE `categories` ENABLE KEYS */;
UNLOCK TABLES;

--
-- Table structure for table `categories_translations`
--

DROP TABLE IF EXISTS `categories_translations`;
/*!40101 SET @saved_cs_client     = @@character_set_client */;
/*!50503 SET character_set_client = utf8mb4 */;
CREATE TABLE `categories_translations` (
  `lang_code` varchar(20) COLLATE utf8mb4_unicode_ci NOT NULL,
  `categories_id` bigint unsigned NOT NULL,
  `name` varchar(255) COLLATE utf8mb4_unicode_ci DEFAULT NULL,
  `description` varchar(400) COLLATE utf8mb4_unicode_ci DEFAULT NULL,
  PRIMARY KEY (`lang_code`,`categories_id`)
) ENGINE=InnoDB DEFAULT CHARSET=utf8mb4 COLLATE=utf8mb4_unicode_ci;
/*!40101 SET character_set_client = @saved_cs_client */;

--
-- Dumping data for table `categories_translations`
--

LOCK TABLES `categories_translations` WRITE;
/*!40000 ALTER TABLE `categories_translations` DISABLE KEYS */;
/*!40000 ALTER TABLE `categories_translations` ENABLE KEYS */;
UNLOCK TABLES;

--
-- Table structure for table `cities`
--

DROP TABLE IF EXISTS `cities`;
/*!40101 SET @saved_cs_client     = @@character_set_client */;
/*!50503 SET character_set_client = utf8mb4 */;
CREATE TABLE `cities` (
  `id` bigint unsigned NOT NULL AUTO_INCREMENT,
  `name` varchar(120) COLLATE utf8mb4_unicode_ci NOT NULL,
  `slug` varchar(120) COLLATE utf8mb4_unicode_ci DEFAULT NULL,
  `state_id` bigint unsigned DEFAULT NULL,
  `country_id` bigint unsigned DEFAULT NULL,
  `record_id` varchar(40) COLLATE utf8mb4_unicode_ci DEFAULT NULL,
  `order` tinyint NOT NULL DEFAULT '0',
  `image` varchar(255) COLLATE utf8mb4_unicode_ci DEFAULT NULL,
  `is_default` tinyint unsigned NOT NULL DEFAULT '0',
  `status` varchar(60) COLLATE utf8mb4_unicode_ci NOT NULL DEFAULT 'published',
  `created_at` timestamp NULL DEFAULT NULL,
  `updated_at` timestamp NULL DEFAULT NULL,
  PRIMARY KEY (`id`),
  UNIQUE KEY `cities_slug_unique` (`slug`)
) ENGINE=InnoDB DEFAULT CHARSET=utf8mb4 COLLATE=utf8mb4_unicode_ci;
/*!40101 SET character_set_client = @saved_cs_client */;

--
-- Dumping data for table `cities`
--

LOCK TABLES `cities` WRITE;
/*!40000 ALTER TABLE `cities` DISABLE KEYS */;
/*!40000 ALTER TABLE `cities` ENABLE KEYS */;
UNLOCK TABLES;

--
-- Table structure for table `cities_translations`
--

DROP TABLE IF EXISTS `cities_translations`;
/*!40101 SET @saved_cs_client     = @@character_set_client */;
/*!50503 SET character_set_client = utf8mb4 */;
CREATE TABLE `cities_translations` (
  `lang_code` varchar(20) COLLATE utf8mb4_unicode_ci NOT NULL,
  `cities_id` bigint unsigned NOT NULL,
  `name` varchar(120) COLLATE utf8mb4_unicode_ci DEFAULT NULL,
  `slug` varchar(120) COLLATE utf8mb4_unicode_ci DEFAULT NULL,
  PRIMARY KEY (`lang_code`,`cities_id`)
) ENGINE=InnoDB DEFAULT CHARSET=utf8mb4 COLLATE=utf8mb4_unicode_ci;
/*!40101 SET character_set_client = @saved_cs_client */;

--
-- Dumping data for table `cities_translations`
--

LOCK TABLES `cities_translations` WRITE;
/*!40000 ALTER TABLE `cities_translations` DISABLE KEYS */;
/*!40000 ALTER TABLE `cities_translations` ENABLE KEYS */;
UNLOCK TABLES;

--
-- Table structure for table `contact_replies`
--

DROP TABLE IF EXISTS `contact_replies`;
/*!40101 SET @saved_cs_client     = @@character_set_client */;
/*!50503 SET character_set_client = utf8mb4 */;
CREATE TABLE `contact_replies` (
  `id` bigint unsigned NOT NULL AUTO_INCREMENT,
  `message` longtext COLLATE utf8mb4_unicode_ci NOT NULL,
  `contact_id` bigint unsigned NOT NULL,
  `created_at` timestamp NULL DEFAULT NULL,
  `updated_at` timestamp NULL DEFAULT NULL,
  PRIMARY KEY (`id`)
) ENGINE=InnoDB DEFAULT CHARSET=utf8mb4 COLLATE=utf8mb4_unicode_ci;
/*!40101 SET character_set_client = @saved_cs_client */;

--
-- Dumping data for table `contact_replies`
--

LOCK TABLES `contact_replies` WRITE;
/*!40000 ALTER TABLE `contact_replies` DISABLE KEYS */;
/*!40000 ALTER TABLE `contact_replies` ENABLE KEYS */;
UNLOCK TABLES;

--
-- Table structure for table `contacts`
--

DROP TABLE IF EXISTS `contacts`;
/*!40101 SET @saved_cs_client     = @@character_set_client */;
/*!50503 SET character_set_client = utf8mb4 */;
CREATE TABLE `contacts` (
  `id` bigint unsigned NOT NULL AUTO_INCREMENT,
  `name` varchar(60) COLLATE utf8mb4_unicode_ci NOT NULL,
  `email` varchar(60) COLLATE utf8mb4_unicode_ci NOT NULL,
  `phone` varchar(60) COLLATE utf8mb4_unicode_ci DEFAULT NULL,
  `address` varchar(120) COLLATE utf8mb4_unicode_ci DEFAULT NULL,
  `subject` varchar(120) COLLATE utf8mb4_unicode_ci DEFAULT NULL,
  `content` longtext COLLATE utf8mb4_unicode_ci NOT NULL,
  `status` varchar(60) COLLATE utf8mb4_unicode_ci NOT NULL DEFAULT 'unread',
  `created_at` timestamp NULL DEFAULT NULL,
  `updated_at` timestamp NULL DEFAULT NULL,
  PRIMARY KEY (`id`)
) ENGINE=InnoDB DEFAULT CHARSET=utf8mb4 COLLATE=utf8mb4_unicode_ci;
/*!40101 SET character_set_client = @saved_cs_client */;

--
-- Dumping data for table `contacts`
--

LOCK TABLES `contacts` WRITE;
/*!40000 ALTER TABLE `contacts` DISABLE KEYS */;
/*!40000 ALTER TABLE `contacts` ENABLE KEYS */;
UNLOCK TABLES;

--
-- Table structure for table `countries`
--

DROP TABLE IF EXISTS `countries`;
/*!40101 SET @saved_cs_client     = @@character_set_client */;
/*!50503 SET character_set_client = utf8mb4 */;
CREATE TABLE `countries` (
  `id` bigint unsigned NOT NULL AUTO_INCREMENT,
  `name` varchar(120) COLLATE utf8mb4_unicode_ci NOT NULL,
  `nationality` varchar(120) COLLATE utf8mb4_unicode_ci DEFAULT NULL,
  `order` tinyint NOT NULL DEFAULT '0',
  `is_default` tinyint unsigned NOT NULL DEFAULT '0',
  `status` varchar(60) COLLATE utf8mb4_unicode_ci NOT NULL DEFAULT 'published',
  `created_at` timestamp NULL DEFAULT NULL,
  `updated_at` timestamp NULL DEFAULT NULL,
  `code` varchar(10) COLLATE utf8mb4_unicode_ci DEFAULT NULL,
  PRIMARY KEY (`id`)
) ENGINE=InnoDB DEFAULT CHARSET=utf8mb4 COLLATE=utf8mb4_unicode_ci;
/*!40101 SET character_set_client = @saved_cs_client */;

--
-- Dumping data for table `countries`
--

LOCK TABLES `countries` WRITE;
/*!40000 ALTER TABLE `countries` DISABLE KEYS */;
/*!40000 ALTER TABLE `countries` ENABLE KEYS */;
UNLOCK TABLES;

--
-- Table structure for table `countries_translations`
--

DROP TABLE IF EXISTS `countries_translations`;
/*!40101 SET @saved_cs_client     = @@character_set_client */;
/*!50503 SET character_set_client = utf8mb4 */;
CREATE TABLE `countries_translations` (
  `lang_code` varchar(20) COLLATE utf8mb4_unicode_ci NOT NULL,
  `countries_id` bigint unsigned NOT NULL,
  `name` varchar(120) COLLATE utf8mb4_unicode_ci DEFAULT NULL,
  `nationality` varchar(120) COLLATE utf8mb4_unicode_ci DEFAULT NULL,
  PRIMARY KEY (`lang_code`,`countries_id`)
) ENGINE=InnoDB DEFAULT CHARSET=utf8mb4 COLLATE=utf8mb4_unicode_ci;
/*!40101 SET character_set_client = @saved_cs_client */;

--
-- Dumping data for table `countries_translations`
--

LOCK TABLES `countries_translations` WRITE;
/*!40000 ALTER TABLE `countries_translations` DISABLE KEYS */;
/*!40000 ALTER TABLE `countries_translations` ENABLE KEYS */;
UNLOCK TABLES;

--
-- Table structure for table `dashboard_widget_settings`
--

DROP TABLE IF EXISTS `dashboard_widget_settings`;
/*!40101 SET @saved_cs_client     = @@character_set_client */;
/*!50503 SET character_set_client = utf8mb4 */;
CREATE TABLE `dashboard_widget_settings` (
  `id` bigint unsigned NOT NULL AUTO_INCREMENT,
  `settings` text COLLATE utf8mb4_unicode_ci,
  `user_id` bigint unsigned NOT NULL,
  `widget_id` bigint unsigned NOT NULL,
  `order` tinyint unsigned NOT NULL DEFAULT '0',
  `status` tinyint unsigned NOT NULL DEFAULT '1',
  `created_at` timestamp NULL DEFAULT NULL,
  `updated_at` timestamp NULL DEFAULT NULL,
  PRIMARY KEY (`id`),
  KEY `dashboard_widget_settings_user_id_index` (`user_id`),
  KEY `dashboard_widget_settings_widget_id_index` (`widget_id`)
) ENGINE=InnoDB DEFAULT CHARSET=utf8mb4 COLLATE=utf8mb4_unicode_ci;
/*!40101 SET character_set_client = @saved_cs_client */;

--
-- Dumping data for table `dashboard_widget_settings`
--

LOCK TABLES `dashboard_widget_settings` WRITE;
/*!40000 ALTER TABLE `dashboard_widget_settings` DISABLE KEYS */;
/*!40000 ALTER TABLE `dashboard_widget_settings` ENABLE KEYS */;
UNLOCK TABLES;

--
-- Table structure for table `dashboard_widgets`
--

DROP TABLE IF EXISTS `dashboard_widgets`;
/*!40101 SET @saved_cs_client     = @@character_set_client */;
/*!50503 SET character_set_client = utf8mb4 */;
CREATE TABLE `dashboard_widgets` (
  `id` bigint unsigned NOT NULL AUTO_INCREMENT,
  `name` varchar(120) COLLATE utf8mb4_unicode_ci NOT NULL,
  `created_at` timestamp NULL DEFAULT NULL,
  `updated_at` timestamp NULL DEFAULT NULL,
  PRIMARY KEY (`id`)
) ENGINE=InnoDB DEFAULT CHARSET=utf8mb4 COLLATE=utf8mb4_unicode_ci;
/*!40101 SET character_set_client = @saved_cs_client */;

--
-- Dumping data for table `dashboard_widgets`
--

LOCK TABLES `dashboard_widgets` WRITE;
/*!40000 ALTER TABLE `dashboard_widgets` DISABLE KEYS */;
/*!40000 ALTER TABLE `dashboard_widgets` ENABLE KEYS */;
UNLOCK TABLES;

--
-- Table structure for table `ec_brands`
--

DROP TABLE IF EXISTS `ec_brands`;
/*!40101 SET @saved_cs_client     = @@character_set_client */;
/*!50503 SET character_set_client = utf8mb4 */;
CREATE TABLE `ec_brands` (
  `id` bigint unsigned NOT NULL AUTO_INCREMENT,
  `name` varchar(255) COLLATE utf8mb4_unicode_ci NOT NULL,
  `description` mediumtext COLLATE utf8mb4_unicode_ci,
  `website` varchar(255) COLLATE utf8mb4_unicode_ci DEFAULT NULL,
  `logo` varchar(255) COLLATE utf8mb4_unicode_ci DEFAULT NULL,
  `status` varchar(60) COLLATE utf8mb4_unicode_ci NOT NULL DEFAULT 'published',
  `order` tinyint unsigned NOT NULL DEFAULT '0',
  `is_featured` tinyint unsigned NOT NULL DEFAULT '0',
  `created_at` timestamp NULL DEFAULT NULL,
  `updated_at` timestamp NULL DEFAULT NULL,
  PRIMARY KEY (`id`)
) ENGINE=InnoDB AUTO_INCREMENT=8 DEFAULT CHARSET=utf8mb4 COLLATE=utf8mb4_unicode_ci;
/*!40101 SET character_set_client = @saved_cs_client */;

--
-- Dumping data for table `ec_brands`
--

LOCK TABLES `ec_brands` WRITE;
/*!40000 ALTER TABLE `ec_brands` DISABLE KEYS */;
INSERT INTO `ec_brands` VALUES (1,'Perxsion',NULL,NULL,NULL,'published',0,1,'2023-11-19 00:35:54','2023-11-19 00:35:54'),(2,'Hiching',NULL,NULL,NULL,'published',1,1,'2023-11-19 00:35:54','2023-11-19 00:35:54'),(3,'Kepslo',NULL,NULL,NULL,'published',2,1,'2023-11-19 00:35:54','2023-11-19 00:35:54'),(4,'Groneba',NULL,NULL,NULL,'published',3,1,'2023-11-19 00:35:54','2023-11-19 00:35:54'),(5,'Babian',NULL,NULL,NULL,'published',4,1,'2023-11-19 00:35:54','2023-11-19 00:35:54'),(6,'Valorant',NULL,NULL,NULL,'published',5,1,'2023-11-19 00:35:54','2023-11-19 00:35:54'),(7,'Pure',NULL,NULL,NULL,'published',6,1,'2023-11-19 00:35:54','2023-11-19 00:35:54');
/*!40000 ALTER TABLE `ec_brands` ENABLE KEYS */;
UNLOCK TABLES;

--
-- Table structure for table `ec_brands_translations`
--

DROP TABLE IF EXISTS `ec_brands_translations`;
/*!40101 SET @saved_cs_client     = @@character_set_client */;
/*!50503 SET character_set_client = utf8mb4 */;
CREATE TABLE `ec_brands_translations` (
  `lang_code` varchar(20) COLLATE utf8mb4_unicode_ci NOT NULL,
  `ec_brands_id` bigint unsigned NOT NULL,
  `name` varchar(255) COLLATE utf8mb4_unicode_ci DEFAULT NULL,
  `description` varchar(400) COLLATE utf8mb4_unicode_ci DEFAULT NULL,
  PRIMARY KEY (`lang_code`,`ec_brands_id`)
) ENGINE=InnoDB DEFAULT CHARSET=utf8mb4 COLLATE=utf8mb4_unicode_ci;
/*!40101 SET character_set_client = @saved_cs_client */;

--
-- Dumping data for table `ec_brands_translations`
--

LOCK TABLES `ec_brands_translations` WRITE;
/*!40000 ALTER TABLE `ec_brands_translations` DISABLE KEYS */;
/*!40000 ALTER TABLE `ec_brands_translations` ENABLE KEYS */;
UNLOCK TABLES;

--
-- Table structure for table `ec_cart`
--

DROP TABLE IF EXISTS `ec_cart`;
/*!40101 SET @saved_cs_client     = @@character_set_client */;
/*!50503 SET character_set_client = utf8mb4 */;
CREATE TABLE `ec_cart` (
  `identifier` varchar(60) COLLATE utf8mb4_unicode_ci NOT NULL,
  `instance` varchar(60) COLLATE utf8mb4_unicode_ci NOT NULL,
  `content` longtext COLLATE utf8mb4_unicode_ci NOT NULL,
  `created_at` timestamp NULL DEFAULT NULL,
  `updated_at` timestamp NULL DEFAULT NULL,
  PRIMARY KEY (`identifier`,`instance`)
) ENGINE=InnoDB DEFAULT CHARSET=utf8mb4 COLLATE=utf8mb4_unicode_ci;
/*!40101 SET character_set_client = @saved_cs_client */;

--
-- Dumping data for table `ec_cart`
--

LOCK TABLES `ec_cart` WRITE;
/*!40000 ALTER TABLE `ec_cart` DISABLE KEYS */;
/*!40000 ALTER TABLE `ec_cart` ENABLE KEYS */;
UNLOCK TABLES;

--
-- Table structure for table `ec_currencies`
--

DROP TABLE IF EXISTS `ec_currencies`;
/*!40101 SET @saved_cs_client     = @@character_set_client */;
/*!50503 SET character_set_client = utf8mb4 */;
CREATE TABLE `ec_currencies` (
  `id` bigint unsigned NOT NULL AUTO_INCREMENT,
  `title` varchar(120) COLLATE utf8mb4_unicode_ci NOT NULL,
  `symbol` varchar(10) COLLATE utf8mb4_unicode_ci NOT NULL,
  `is_prefix_symbol` tinyint unsigned NOT NULL DEFAULT '0',
  `decimals` tinyint unsigned DEFAULT '0',
  `order` int unsigned DEFAULT '0',
  `is_default` tinyint NOT NULL DEFAULT '0',
  `exchange_rate` double NOT NULL DEFAULT '1',
  `created_at` timestamp NULL DEFAULT NULL,
  `updated_at` timestamp NULL DEFAULT NULL,
  PRIMARY KEY (`id`)
) ENGINE=InnoDB AUTO_INCREMENT=4 DEFAULT CHARSET=utf8mb4 COLLATE=utf8mb4_unicode_ci;
/*!40101 SET character_set_client = @saved_cs_client */;

--
-- Dumping data for table `ec_currencies`
--

LOCK TABLES `ec_currencies` WRITE;
/*!40000 ALTER TABLE `ec_currencies` DISABLE KEYS */;
INSERT INTO `ec_currencies` VALUES (1,'USD','$',1,2,0,1,1,'2023-11-19 00:35:54','2023-11-19 00:35:54'),(2,'EUR','€',0,2,1,0,0.84,'2023-11-19 00:35:54','2023-11-19 00:35:54'),(3,'VND','₫',0,0,2,0,23203,'2023-11-19 00:35:54','2023-11-19 00:35:54');
/*!40000 ALTER TABLE `ec_currencies` ENABLE KEYS */;
UNLOCK TABLES;

--
-- Table structure for table `ec_customer_addresses`
--

DROP TABLE IF EXISTS `ec_customer_addresses`;
/*!40101 SET @saved_cs_client     = @@character_set_client */;
/*!50503 SET character_set_client = utf8mb4 */;
CREATE TABLE `ec_customer_addresses` (
  `id` bigint unsigned NOT NULL AUTO_INCREMENT,
  `name` varchar(255) COLLATE utf8mb4_unicode_ci NOT NULL,
  `email` varchar(60) COLLATE utf8mb4_unicode_ci DEFAULT NULL,
  `phone` varchar(20) COLLATE utf8mb4_unicode_ci DEFAULT NULL,
  `country` varchar(120) COLLATE utf8mb4_unicode_ci DEFAULT NULL,
  `state` varchar(120) COLLATE utf8mb4_unicode_ci DEFAULT NULL,
  `city` varchar(120) COLLATE utf8mb4_unicode_ci DEFAULT NULL,
  `address` varchar(255) COLLATE utf8mb4_unicode_ci DEFAULT NULL,
  `customer_id` bigint unsigned NOT NULL,
  `is_default` tinyint unsigned NOT NULL DEFAULT '0',
  `created_at` timestamp NULL DEFAULT NULL,
  `updated_at` timestamp NULL DEFAULT NULL,
  `zip_code` varchar(20) COLLATE utf8mb4_unicode_ci DEFAULT NULL,
  PRIMARY KEY (`id`)
) ENGINE=InnoDB AUTO_INCREMENT=13 DEFAULT CHARSET=utf8mb4 COLLATE=utf8mb4_unicode_ci;
/*!40101 SET character_set_client = @saved_cs_client */;

--
-- Dumping data for table `ec_customer_addresses`
--

LOCK TABLES `ec_customer_addresses` WRITE;
/*!40000 ALTER TABLE `ec_customer_addresses` DISABLE KEYS */;
INSERT INTO `ec_customer_addresses` VALUES (1,'Alberta Murazik','customer@botble.com','+15016502395','CO','Arkansas','Jenkinsbury','28556 Mike Streets Apt. 275',1,1,'2023-11-19 00:36:03','2023-11-19 00:36:03','32939-3176'),(2,'Alberta Murazik','customer@botble.com','+18786548123','MH','California','Christiansenport','54036 Strosin Branch Apt. 494',1,0,'2023-11-19 00:36:03','2023-11-19 00:36:03','47330'),(3,'Gussie Gulgowski II','vendor@botble.com','+19528207928','CW','Tennessee','New Esperanza','8769 Wuckert Mount Apt. 429',2,1,'2023-11-19 00:36:03','2023-11-19 00:36:03','32938'),(4,'Gussie Gulgowski II','vendor@botble.com','+15855657677','GW','Utah','Port Ignacio','491 Mckenzie Circle Suite 802',2,0,'2023-11-19 00:36:03','2023-11-19 00:36:03','77855-3938'),(5,'Ms. Anissa Doyle DDS','koelpin.alexys@example.net','+17434669042','LA','Massachusetts','Wunschfort','487 Murphy Alley',3,1,'2023-11-19 00:36:04','2023-11-19 00:36:04','33005-1298'),(6,'Erika Mraz','hessel.rylan@example.net','+18433881561','OM','South Carolina','Port Rosemary','85843 Ena Stream Suite 758',4,1,'2023-11-19 00:36:04','2023-11-19 00:36:04','46997-0194'),(7,'Perry Rohan','nadams@example.org','+16363470526','KY','Georgia','O\'Konfurt','9068 Reinger Valley Suite 815',5,1,'2023-11-19 00:36:04','2023-11-19 00:36:04','40417'),(8,'Lawson Willms','schneider.oral@example.org','+19202968424','GN','Wyoming','Ginotown','2004 Renner Valley Suite 306',6,1,'2023-11-19 00:36:04','2023-11-19 00:36:04','02076-2206'),(9,'Dr. Hadley Howe IV','johnston.sydni@example.org','+12545620597','BF','South Carolina','Assuntashire','2540 Maximo Skyway',7,1,'2023-11-19 00:36:05','2023-11-19 00:36:05','10154'),(10,'Prof. Eve Welch DDS','tcormier@example.net','+18785636093','RW','New York','Prohaskamouth','3655 Quigley Centers',8,1,'2023-11-19 00:36:05','2023-11-19 00:36:05','10304-5685'),(11,'Prof. Norberto Nolan','bode.peter@example.net','+12626252451','NA','Texas','Oceanefort','7568 Jeanne Stream',9,1,'2023-11-19 00:36:05','2023-11-19 00:36:05','86644-9675'),(12,'Ms. Lou Feest','godfrey89@example.org','+19296913832','AI','North Dakota','Lake Candice','67227 Bayer Prairie Apt. 904',10,1,'2023-11-19 00:36:05','2023-11-19 00:36:05','45817');
/*!40000 ALTER TABLE `ec_customer_addresses` ENABLE KEYS */;
UNLOCK TABLES;

--
-- Table structure for table `ec_customer_password_resets`
--

DROP TABLE IF EXISTS `ec_customer_password_resets`;
/*!40101 SET @saved_cs_client     = @@character_set_client */;
/*!50503 SET character_set_client = utf8mb4 */;
CREATE TABLE `ec_customer_password_resets` (
  `email` varchar(191) COLLATE utf8mb4_unicode_ci NOT NULL,
  `token` varchar(191) COLLATE utf8mb4_unicode_ci NOT NULL,
  `created_at` timestamp NULL DEFAULT NULL,
  KEY `ec_customer_password_resets_email_index` (`email`),
  KEY `ec_customer_password_resets_token_index` (`token`)
) ENGINE=InnoDB DEFAULT CHARSET=utf8mb4 COLLATE=utf8mb4_unicode_ci;
/*!40101 SET character_set_client = @saved_cs_client */;

--
-- Dumping data for table `ec_customer_password_resets`
--

LOCK TABLES `ec_customer_password_resets` WRITE;
/*!40000 ALTER TABLE `ec_customer_password_resets` DISABLE KEYS */;
/*!40000 ALTER TABLE `ec_customer_password_resets` ENABLE KEYS */;
UNLOCK TABLES;

--
-- Table structure for table `ec_customer_recently_viewed_products`
--

DROP TABLE IF EXISTS `ec_customer_recently_viewed_products`;
/*!40101 SET @saved_cs_client     = @@character_set_client */;
/*!50503 SET character_set_client = utf8mb4 */;
CREATE TABLE `ec_customer_recently_viewed_products` (
  `id` bigint unsigned NOT NULL AUTO_INCREMENT,
  `customer_id` bigint unsigned NOT NULL,
  `product_id` bigint unsigned NOT NULL,
  PRIMARY KEY (`id`)
) ENGINE=InnoDB DEFAULT CHARSET=utf8mb4 COLLATE=utf8mb4_unicode_ci;
/*!40101 SET character_set_client = @saved_cs_client */;

--
-- Dumping data for table `ec_customer_recently_viewed_products`
--

LOCK TABLES `ec_customer_recently_viewed_products` WRITE;
/*!40000 ALTER TABLE `ec_customer_recently_viewed_products` DISABLE KEYS */;
/*!40000 ALTER TABLE `ec_customer_recently_viewed_products` ENABLE KEYS */;
UNLOCK TABLES;

--
-- Table structure for table `ec_customer_used_coupons`
--

DROP TABLE IF EXISTS `ec_customer_used_coupons`;
/*!40101 SET @saved_cs_client     = @@character_set_client */;
/*!50503 SET character_set_client = utf8mb4 */;
CREATE TABLE `ec_customer_used_coupons` (
  `discount_id` bigint unsigned NOT NULL,
  `customer_id` bigint unsigned NOT NULL,
  PRIMARY KEY (`discount_id`,`customer_id`)
) ENGINE=InnoDB DEFAULT CHARSET=utf8mb4 COLLATE=utf8mb4_unicode_ci;
/*!40101 SET character_set_client = @saved_cs_client */;

--
-- Dumping data for table `ec_customer_used_coupons`
--

LOCK TABLES `ec_customer_used_coupons` WRITE;
/*!40000 ALTER TABLE `ec_customer_used_coupons` DISABLE KEYS */;
/*!40000 ALTER TABLE `ec_customer_used_coupons` ENABLE KEYS */;
UNLOCK TABLES;

--
-- Table structure for table `ec_customers`
--

DROP TABLE IF EXISTS `ec_customers`;
/*!40101 SET @saved_cs_client     = @@character_set_client */;
/*!50503 SET character_set_client = utf8mb4 */;
CREATE TABLE `ec_customers` (
  `id` bigint unsigned NOT NULL AUTO_INCREMENT,
  `name` varchar(255) COLLATE utf8mb4_unicode_ci NOT NULL,
  `email` varchar(191) COLLATE utf8mb4_unicode_ci NOT NULL,
  `password` varchar(191) COLLATE utf8mb4_unicode_ci NOT NULL,
  `avatar` varchar(255) COLLATE utf8mb4_unicode_ci DEFAULT NULL,
  `dob` date DEFAULT NULL,
  `phone` varchar(20) COLLATE utf8mb4_unicode_ci DEFAULT NULL,
  `remember_token` varchar(100) COLLATE utf8mb4_unicode_ci DEFAULT NULL,
  `created_at` timestamp NULL DEFAULT NULL,
  `updated_at` timestamp NULL DEFAULT NULL,
  `confirmed_at` datetime DEFAULT NULL,
  `email_verify_token` varchar(120) COLLATE utf8mb4_unicode_ci DEFAULT NULL,
  `status` varchar(60) COLLATE utf8mb4_unicode_ci NOT NULL DEFAULT 'activated',
  `is_vendor` tinyint(1) NOT NULL DEFAULT '0',
  `vendor_verified_at` datetime DEFAULT NULL,
  PRIMARY KEY (`id`),
  UNIQUE KEY `ec_customers_email_unique` (`email`)
) ENGINE=InnoDB AUTO_INCREMENT=11 DEFAULT CHARSET=utf8mb4 COLLATE=utf8mb4_unicode_ci;
/*!40101 SET character_set_client = @saved_cs_client */;

--
-- Dumping data for table `ec_customers`
--

LOCK TABLES `ec_customers` WRITE;
/*!40000 ALTER TABLE `ec_customers` DISABLE KEYS */;
INSERT INTO `ec_customers` VALUES (1,'Alberta Murazik','customer@botble.com','$2y$12$bkyGEmoTTteK/GrBlQs4S.OLv3US8Dz30NDq5J/AZfPxFftqYi2CO','customers/9.jpg','1974-10-28','+12188551029',NULL,'2023-11-19 00:36:03','2023-11-19 00:36:03','2023-11-19 07:36:03',NULL,'activated',0,NULL),(2,'Gussie Gulgowski II','vendor@botble.com','$2y$12$CvNRgI31WeLEAIK1MlSMzOJuNvgikQ9tbJH7TrKaUX.wtdzF5Pa.q','customers/10.jpg','1981-11-16','+18475970591',NULL,'2023-11-19 00:36:03','2023-11-19 00:36:14','2023-11-19 07:36:03',NULL,'activated',1,'2023-11-19 07:36:14'),(3,'Ms. Anissa Doyle DDS','koelpin.alexys@example.net','$2y$12$tSZVs8Udq3cfYLTFZyr/Nua4Rx9U20IeCTFg6udOWi7uXKnGOEIH2','customers/1.jpg','1999-11-16','+14345933142',NULL,'2023-11-19 00:36:04','2023-11-19 00:36:04','2023-11-19 07:36:04',NULL,'activated',0,NULL),(4,'Erika Mraz','hessel.rylan@example.net','$2y$12$t74XSzvW0/Y/EjO.beW57eVgbzw4SK0GUQJvrejKi4lcs.YktBzdC','customers/2.jpg','1988-10-26','+14845264609',NULL,'2023-11-19 00:36:04','2023-11-19 00:36:04','2023-11-19 07:36:04',NULL,'activated',0,NULL),(5,'Perry Rohan','nadams@example.org','$2y$12$xeQ1Mo7dqopfOfvnWe7SUemMfTzXQw31ka7QLiz81Wd7ggevtf5k6','customers/3.jpg','1981-11-07','+12568161832',NULL,'2023-11-19 00:36:04','2023-11-19 00:36:14','2023-11-19 07:36:04',NULL,'activated',1,'2023-11-19 07:36:14'),(6,'Lawson Willms','schneider.oral@example.org','$2y$12$v8hBh/PgYTOLiXYCEJ.FGOFaCNu2cCAhwltrFUJYNnPfquLeBs6z6','customers/4.jpg','1998-10-26','+17167008762',NULL,'2023-11-19 00:36:04','2023-11-19 00:36:14','2023-11-19 07:36:04',NULL,'activated',1,'2023-11-19 07:36:14'),(7,'Dr. Hadley Howe IV','johnston.sydni@example.org','$2y$12$aSaEiXnR8D4k1cZXZsu6puyyHVwpE..JRzjmR5UWDkk.qcG0UJRhi','customers/5.jpg','1990-10-29','+19284827260',NULL,'2023-11-19 00:36:05','2023-11-19 00:36:05','2023-11-19 07:36:05',NULL,'activated',0,NULL),(8,'Prof. Eve Welch DDS','tcormier@example.net','$2y$12$CgTCOFvRooUXdsMr84K0QOrVKzRodQGka.C5n1ktVJBpXPMeJdjzG','customers/6.jpg','1974-11-03','+18026176055',NULL,'2023-11-19 00:36:05','2023-11-19 00:36:05','2023-11-19 07:36:05',NULL,'activated',0,NULL),(9,'Prof. Norberto Nolan','bode.peter@example.net','$2y$12$aYfhc7QOlOWFrD98guM3cuj2Ie6WzaOC8BfeXi3MdNThOUVbOiQia','customers/7.jpg','1999-11-10','+15648208418',NULL,'2023-11-19 00:36:05','2023-11-19 00:36:05','2023-11-19 07:36:05',NULL,'activated',0,NULL),(10,'Ms. Lou Feest','godfrey89@example.org','$2y$12$r01E61iH8S5gsZlg3ECnUeXt6QbrQ2btVVpoNxmaMHbfWxqzgCdTK','customers/8.jpg','1989-11-16','+14636132643',NULL,'2023-11-19 00:36:05','2023-11-19 00:36:05','2023-11-19 07:36:05',NULL,'activated',0,NULL);
/*!40000 ALTER TABLE `ec_customers` ENABLE KEYS */;
UNLOCK TABLES;

--
-- Table structure for table `ec_discount_customers`
--

DROP TABLE IF EXISTS `ec_discount_customers`;
/*!40101 SET @saved_cs_client     = @@character_set_client */;
/*!50503 SET character_set_client = utf8mb4 */;
CREATE TABLE `ec_discount_customers` (
  `discount_id` bigint unsigned NOT NULL,
  `customer_id` bigint unsigned NOT NULL,
  PRIMARY KEY (`discount_id`,`customer_id`)
) ENGINE=InnoDB DEFAULT CHARSET=utf8mb4 COLLATE=utf8mb4_unicode_ci;
/*!40101 SET character_set_client = @saved_cs_client */;

--
-- Dumping data for table `ec_discount_customers`
--

LOCK TABLES `ec_discount_customers` WRITE;
/*!40000 ALTER TABLE `ec_discount_customers` DISABLE KEYS */;
/*!40000 ALTER TABLE `ec_discount_customers` ENABLE KEYS */;
UNLOCK TABLES;

--
-- Table structure for table `ec_discount_product_categories`
--

DROP TABLE IF EXISTS `ec_discount_product_categories`;
/*!40101 SET @saved_cs_client     = @@character_set_client */;
/*!50503 SET character_set_client = utf8mb4 */;
CREATE TABLE `ec_discount_product_categories` (
  `discount_id` bigint unsigned NOT NULL,
  `product_category_id` bigint unsigned NOT NULL,
  PRIMARY KEY (`discount_id`,`product_category_id`)
) ENGINE=InnoDB DEFAULT CHARSET=utf8mb4 COLLATE=utf8mb4_unicode_ci;
/*!40101 SET character_set_client = @saved_cs_client */;

--
-- Dumping data for table `ec_discount_product_categories`
--

LOCK TABLES `ec_discount_product_categories` WRITE;
/*!40000 ALTER TABLE `ec_discount_product_categories` DISABLE KEYS */;
/*!40000 ALTER TABLE `ec_discount_product_categories` ENABLE KEYS */;
UNLOCK TABLES;

--
-- Table structure for table `ec_discount_product_collections`
--

DROP TABLE IF EXISTS `ec_discount_product_collections`;
/*!40101 SET @saved_cs_client     = @@character_set_client */;
/*!50503 SET character_set_client = utf8mb4 */;
CREATE TABLE `ec_discount_product_collections` (
  `discount_id` bigint unsigned NOT NULL,
  `product_collection_id` bigint unsigned NOT NULL,
  PRIMARY KEY (`discount_id`,`product_collection_id`)
) ENGINE=InnoDB DEFAULT CHARSET=utf8mb4 COLLATE=utf8mb4_unicode_ci;
/*!40101 SET character_set_client = @saved_cs_client */;

--
-- Dumping data for table `ec_discount_product_collections`
--

LOCK TABLES `ec_discount_product_collections` WRITE;
/*!40000 ALTER TABLE `ec_discount_product_collections` DISABLE KEYS */;
/*!40000 ALTER TABLE `ec_discount_product_collections` ENABLE KEYS */;
UNLOCK TABLES;

--
-- Table structure for table `ec_discount_products`
--

DROP TABLE IF EXISTS `ec_discount_products`;
/*!40101 SET @saved_cs_client     = @@character_set_client */;
/*!50503 SET character_set_client = utf8mb4 */;
CREATE TABLE `ec_discount_products` (
  `discount_id` bigint unsigned NOT NULL,
  `product_id` bigint unsigned NOT NULL,
  PRIMARY KEY (`discount_id`,`product_id`)
) ENGINE=InnoDB DEFAULT CHARSET=utf8mb4 COLLATE=utf8mb4_unicode_ci;
/*!40101 SET character_set_client = @saved_cs_client */;

--
-- Dumping data for table `ec_discount_products`
--

LOCK TABLES `ec_discount_products` WRITE;
/*!40000 ALTER TABLE `ec_discount_products` DISABLE KEYS */;
/*!40000 ALTER TABLE `ec_discount_products` ENABLE KEYS */;
UNLOCK TABLES;

--
-- Table structure for table `ec_discounts`
--

DROP TABLE IF EXISTS `ec_discounts`;
/*!40101 SET @saved_cs_client     = @@character_set_client */;
/*!50503 SET character_set_client = utf8mb4 */;
CREATE TABLE `ec_discounts` (
  `id` bigint unsigned NOT NULL AUTO_INCREMENT,
  `title` varchar(120) COLLATE utf8mb4_unicode_ci DEFAULT NULL,
  `code` varchar(20) COLLATE utf8mb4_unicode_ci DEFAULT NULL,
  `start_date` datetime DEFAULT NULL,
  `end_date` datetime DEFAULT NULL,
  `quantity` int DEFAULT NULL,
  `total_used` int unsigned NOT NULL DEFAULT '0',
  `value` double DEFAULT NULL,
  `type` varchar(60) COLLATE utf8mb4_unicode_ci DEFAULT 'coupon',
  `can_use_with_promotion` tinyint(1) NOT NULL DEFAULT '0',
  `discount_on` varchar(20) COLLATE utf8mb4_unicode_ci DEFAULT NULL,
  `product_quantity` int unsigned DEFAULT NULL,
  `type_option` varchar(100) COLLATE utf8mb4_unicode_ci NOT NULL DEFAULT 'amount',
  `target` varchar(100) COLLATE utf8mb4_unicode_ci NOT NULL DEFAULT 'all-orders',
  `min_order_price` decimal(15,2) DEFAULT NULL,
  `apply_via_url` tinyint(1) NOT NULL DEFAULT '0',
  `created_at` timestamp NULL DEFAULT NULL,
  `updated_at` timestamp NULL DEFAULT NULL,
  `store_id` bigint unsigned DEFAULT NULL,
  PRIMARY KEY (`id`),
  UNIQUE KEY `ec_discounts_code_unique` (`code`)
) ENGINE=InnoDB DEFAULT CHARSET=utf8mb4 COLLATE=utf8mb4_unicode_ci;
/*!40101 SET character_set_client = @saved_cs_client */;

--
-- Dumping data for table `ec_discounts`
--

LOCK TABLES `ec_discounts` WRITE;
/*!40000 ALTER TABLE `ec_discounts` DISABLE KEYS */;
/*!40000 ALTER TABLE `ec_discounts` ENABLE KEYS */;
UNLOCK TABLES;

--
-- Table structure for table `ec_flash_sale_products`
--

DROP TABLE IF EXISTS `ec_flash_sale_products`;
/*!40101 SET @saved_cs_client     = @@character_set_client */;
/*!50503 SET character_set_client = utf8mb4 */;
CREATE TABLE `ec_flash_sale_products` (
  `flash_sale_id` bigint unsigned NOT NULL,
  `product_id` bigint unsigned NOT NULL,
  `price` double unsigned DEFAULT NULL,
  `quantity` int unsigned DEFAULT NULL,
  `sold` int unsigned NOT NULL DEFAULT '0'
) ENGINE=InnoDB DEFAULT CHARSET=utf8mb4 COLLATE=utf8mb4_unicode_ci;
/*!40101 SET character_set_client = @saved_cs_client */;

--
-- Dumping data for table `ec_flash_sale_products`
--

LOCK TABLES `ec_flash_sale_products` WRITE;
/*!40000 ALTER TABLE `ec_flash_sale_products` DISABLE KEYS */;
INSERT INTO `ec_flash_sale_products` VALUES (1,16,79.12,11,3),(2,12,60.39,10,2),(3,6,36.04,16,3),(4,1,157.99,6,2),(5,6,42.4,11,1),(5,1,108.78,17,5),(5,2,174.9,13,1),(5,3,116.79,16,5),(5,4,46.0152,9,1),(5,5,13.8,14,4);
/*!40000 ALTER TABLE `ec_flash_sale_products` ENABLE KEYS */;
UNLOCK TABLES;

--
-- Table structure for table `ec_flash_sales`
--

DROP TABLE IF EXISTS `ec_flash_sales`;
/*!40101 SET @saved_cs_client     = @@character_set_client */;
/*!50503 SET character_set_client = utf8mb4 */;
CREATE TABLE `ec_flash_sales` (
  `id` bigint unsigned NOT NULL AUTO_INCREMENT,
  `name` varchar(255) COLLATE utf8mb4_unicode_ci NOT NULL,
  `end_date` datetime NOT NULL,
  `status` varchar(60) COLLATE utf8mb4_unicode_ci NOT NULL DEFAULT 'published',
  `created_at` timestamp NULL DEFAULT NULL,
  `updated_at` timestamp NULL DEFAULT NULL,
  PRIMARY KEY (`id`)
) ENGINE=InnoDB AUTO_INCREMENT=6 DEFAULT CHARSET=utf8mb4 COLLATE=utf8mb4_unicode_ci;
/*!40101 SET character_set_client = @saved_cs_client */;

--
-- Dumping data for table `ec_flash_sales`
--

LOCK TABLES `ec_flash_sales` WRITE;
/*!40000 ALTER TABLE `ec_flash_sales` DISABLE KEYS */;
INSERT INTO `ec_flash_sales` VALUES (1,'Deal of the Day','2023-12-16 00:00:00','published','2023-11-19 00:36:06','2023-11-19 00:36:06'),(2,'Winter Sale','2023-12-07 00:00:00','published','2023-11-19 00:36:06','2023-11-19 00:36:06'),(3,'Gadgets &amp; Accessories','2024-01-02 00:00:00','published','2023-11-19 00:36:06','2023-11-19 00:36:06'),(4,'Hot products','2023-12-15 00:00:00','published','2023-11-19 00:36:06','2023-11-19 00:36:06'),(5,'Best sale items','2023-12-05 00:00:00','published','2023-11-19 00:36:06','2023-11-19 00:36:06');
/*!40000 ALTER TABLE `ec_flash_sales` ENABLE KEYS */;
UNLOCK TABLES;

--
-- Table structure for table `ec_flash_sales_translations`
--

DROP TABLE IF EXISTS `ec_flash_sales_translations`;
/*!40101 SET @saved_cs_client     = @@character_set_client */;
/*!50503 SET character_set_client = utf8mb4 */;
CREATE TABLE `ec_flash_sales_translations` (
  `lang_code` varchar(20) COLLATE utf8mb4_unicode_ci NOT NULL,
  `ec_flash_sales_id` bigint unsigned NOT NULL,
  `name` varchar(255) COLLATE utf8mb4_unicode_ci DEFAULT NULL,
  PRIMARY KEY (`lang_code`,`ec_flash_sales_id`)
) ENGINE=InnoDB DEFAULT CHARSET=utf8mb4 COLLATE=utf8mb4_unicode_ci;
/*!40101 SET character_set_client = @saved_cs_client */;

--
-- Dumping data for table `ec_flash_sales_translations`
--

LOCK TABLES `ec_flash_sales_translations` WRITE;
/*!40000 ALTER TABLE `ec_flash_sales_translations` DISABLE KEYS */;
/*!40000 ALTER TABLE `ec_flash_sales_translations` ENABLE KEYS */;
UNLOCK TABLES;

--
-- Table structure for table `ec_global_option_value`
--

DROP TABLE IF EXISTS `ec_global_option_value`;
/*!40101 SET @saved_cs_client     = @@character_set_client */;
/*!50503 SET character_set_client = utf8mb4 */;
CREATE TABLE `ec_global_option_value` (
  `option_id` bigint unsigned NOT NULL COMMENT 'option id',
  `id` bigint unsigned NOT NULL AUTO_INCREMENT,
  `option_value` tinytext COLLATE utf8mb4_unicode_ci COMMENT 'option value',
  `affect_price` double DEFAULT NULL COMMENT 'value of price of this option affect',
  `order` int NOT NULL DEFAULT '9999',
  `affect_type` tinyint NOT NULL DEFAULT '0' COMMENT '0. fixed 1. percent',
  `created_at` timestamp NULL DEFAULT NULL,
  `updated_at` timestamp NULL DEFAULT NULL,
  PRIMARY KEY (`id`)
) ENGINE=InnoDB AUTO_INCREMENT=13 DEFAULT CHARSET=utf8mb4 COLLATE=utf8mb4_unicode_ci;
/*!40101 SET character_set_client = @saved_cs_client */;

--
-- Dumping data for table `ec_global_option_value`
--

LOCK TABLES `ec_global_option_value` WRITE;
/*!40000 ALTER TABLE `ec_global_option_value` DISABLE KEYS */;
INSERT INTO `ec_global_option_value` VALUES (1,1,'1 Year',0,9999,0,'2023-11-19 00:36:13','2023-11-19 00:36:13'),(1,2,'2 Year',10,9999,0,'2023-11-19 00:36:13','2023-11-19 00:36:13'),(1,3,'3 Year',20,9999,0,'2023-11-19 00:36:13','2023-11-19 00:36:13'),(2,4,'4GB',0,9999,0,'2023-11-19 00:36:13','2023-11-19 00:36:13'),(2,5,'8GB',10,9999,0,'2023-11-19 00:36:13','2023-11-19 00:36:13'),(2,6,'16GB',20,9999,0,'2023-11-19 00:36:13','2023-11-19 00:36:13'),(3,7,'Core i5',0,9999,0,'2023-11-19 00:36:13','2023-11-19 00:36:13'),(3,8,'Core i7',10,9999,0,'2023-11-19 00:36:13','2023-11-19 00:36:13'),(3,9,'Core i9',20,9999,0,'2023-11-19 00:36:13','2023-11-19 00:36:13'),(4,10,'128GB',0,9999,0,'2023-11-19 00:36:13','2023-11-19 00:36:13'),(4,11,'256GB',10,9999,0,'2023-11-19 00:36:13','2023-11-19 00:36:13'),(4,12,'512GB',20,9999,0,'2023-11-19 00:36:13','2023-11-19 00:36:13');
/*!40000 ALTER TABLE `ec_global_option_value` ENABLE KEYS */;
UNLOCK TABLES;

--
-- Table structure for table `ec_global_option_value_translations`
--

DROP TABLE IF EXISTS `ec_global_option_value_translations`;
/*!40101 SET @saved_cs_client     = @@character_set_client */;
/*!50503 SET character_set_client = utf8mb4 */;
CREATE TABLE `ec_global_option_value_translations` (
  `lang_code` varchar(20) COLLATE utf8mb4_unicode_ci NOT NULL,
  `ec_global_option_value_id` bigint unsigned NOT NULL,
  `option_value` varchar(255) COLLATE utf8mb4_unicode_ci DEFAULT NULL,
  PRIMARY KEY (`lang_code`,`ec_global_option_value_id`)
) ENGINE=InnoDB DEFAULT CHARSET=utf8mb4 COLLATE=utf8mb4_unicode_ci;
/*!40101 SET character_set_client = @saved_cs_client */;

--
-- Dumping data for table `ec_global_option_value_translations`
--

LOCK TABLES `ec_global_option_value_translations` WRITE;
/*!40000 ALTER TABLE `ec_global_option_value_translations` DISABLE KEYS */;
/*!40000 ALTER TABLE `ec_global_option_value_translations` ENABLE KEYS */;
UNLOCK TABLES;

--
-- Table structure for table `ec_global_options`
--

DROP TABLE IF EXISTS `ec_global_options`;
/*!40101 SET @saved_cs_client     = @@character_set_client */;
/*!50503 SET character_set_client = utf8mb4 */;
CREATE TABLE `ec_global_options` (
  `id` bigint unsigned NOT NULL AUTO_INCREMENT,
  `name` varchar(255) COLLATE utf8mb4_unicode_ci NOT NULL COMMENT 'Name of options',
  `option_type` varchar(255) COLLATE utf8mb4_unicode_ci NOT NULL COMMENT 'option type',
  `required` tinyint(1) NOT NULL DEFAULT '0' COMMENT 'Checked if this option is required',
  `created_at` timestamp NULL DEFAULT NULL,
  `updated_at` timestamp NULL DEFAULT NULL,
  PRIMARY KEY (`id`)
) ENGINE=InnoDB AUTO_INCREMENT=5 DEFAULT CHARSET=utf8mb4 COLLATE=utf8mb4_unicode_ci;
/*!40101 SET character_set_client = @saved_cs_client */;

--
-- Dumping data for table `ec_global_options`
--

LOCK TABLES `ec_global_options` WRITE;
/*!40000 ALTER TABLE `ec_global_options` DISABLE KEYS */;
INSERT INTO `ec_global_options` VALUES (1,'Warranty','Botble\\Ecommerce\\Option\\OptionType\\RadioButton',1,'2023-11-19 00:36:13','2023-11-19 00:36:13'),(2,'RAM','Botble\\Ecommerce\\Option\\OptionType\\RadioButton',1,'2023-11-19 00:36:13','2023-11-19 00:36:13'),(3,'CPU','Botble\\Ecommerce\\Option\\OptionType\\RadioButton',1,'2023-11-19 00:36:13','2023-11-19 00:36:13'),(4,'HDD','Botble\\Ecommerce\\Option\\OptionType\\Dropdown',0,'2023-11-19 00:36:13','2023-11-19 00:36:13');
/*!40000 ALTER TABLE `ec_global_options` ENABLE KEYS */;
UNLOCK TABLES;

--
-- Table structure for table `ec_global_options_translations`
--

DROP TABLE IF EXISTS `ec_global_options_translations`;
/*!40101 SET @saved_cs_client     = @@character_set_client */;
/*!50503 SET character_set_client = utf8mb4 */;
CREATE TABLE `ec_global_options_translations` (
  `lang_code` varchar(20) COLLATE utf8mb4_unicode_ci NOT NULL,
  `ec_global_options_id` bigint unsigned NOT NULL,
  `name` varchar(255) COLLATE utf8mb4_unicode_ci DEFAULT NULL,
  PRIMARY KEY (`lang_code`,`ec_global_options_id`)
) ENGINE=InnoDB DEFAULT CHARSET=utf8mb4 COLLATE=utf8mb4_unicode_ci;
/*!40101 SET character_set_client = @saved_cs_client */;

--
-- Dumping data for table `ec_global_options_translations`
--

LOCK TABLES `ec_global_options_translations` WRITE;
/*!40000 ALTER TABLE `ec_global_options_translations` DISABLE KEYS */;
/*!40000 ALTER TABLE `ec_global_options_translations` ENABLE KEYS */;
UNLOCK TABLES;

--
-- Table structure for table `ec_grouped_products`
--

DROP TABLE IF EXISTS `ec_grouped_products`;
/*!40101 SET @saved_cs_client     = @@character_set_client */;
/*!50503 SET character_set_client = utf8mb4 */;
CREATE TABLE `ec_grouped_products` (
  `id` bigint unsigned NOT NULL AUTO_INCREMENT,
  `parent_product_id` bigint unsigned NOT NULL,
  `product_id` bigint unsigned NOT NULL,
  `fixed_qty` int NOT NULL DEFAULT '1',
  PRIMARY KEY (`id`)
) ENGINE=InnoDB DEFAULT CHARSET=utf8mb4 COLLATE=utf8mb4_unicode_ci;
/*!40101 SET character_set_client = @saved_cs_client */;

--
-- Dumping data for table `ec_grouped_products`
--

LOCK TABLES `ec_grouped_products` WRITE;
/*!40000 ALTER TABLE `ec_grouped_products` DISABLE KEYS */;
/*!40000 ALTER TABLE `ec_grouped_products` ENABLE KEYS */;
UNLOCK TABLES;

--
-- Table structure for table `ec_invoice_items`
--

DROP TABLE IF EXISTS `ec_invoice_items`;
/*!40101 SET @saved_cs_client     = @@character_set_client */;
/*!50503 SET character_set_client = utf8mb4 */;
CREATE TABLE `ec_invoice_items` (
  `id` bigint unsigned NOT NULL AUTO_INCREMENT,
  `invoice_id` bigint unsigned NOT NULL,
  `reference_type` varchar(191) COLLATE utf8mb4_unicode_ci NOT NULL,
  `reference_id` bigint unsigned NOT NULL,
  `name` varchar(255) COLLATE utf8mb4_unicode_ci NOT NULL,
  `description` varchar(400) COLLATE utf8mb4_unicode_ci DEFAULT NULL,
  `image` varchar(191) COLLATE utf8mb4_unicode_ci DEFAULT NULL,
  `qty` int unsigned NOT NULL,
  `price` decimal(15,2) NOT NULL DEFAULT '0.00',
  `sub_total` decimal(15,2) unsigned NOT NULL,
  `tax_amount` decimal(15,2) unsigned NOT NULL DEFAULT '0.00',
  `discount_amount` decimal(15,2) unsigned NOT NULL DEFAULT '0.00',
  `amount` decimal(15,2) unsigned NOT NULL,
  `options` text COLLATE utf8mb4_unicode_ci,
  `created_at` timestamp NULL DEFAULT NULL,
  `updated_at` timestamp NULL DEFAULT NULL,
  PRIMARY KEY (`id`),
  KEY `ec_invoice_items_reference_type_reference_id_index` (`reference_type`,`reference_id`)
) ENGINE=InnoDB AUTO_INCREMENT=63 DEFAULT CHARSET=utf8mb4 COLLATE=utf8mb4_unicode_ci;
/*!40101 SET character_set_client = @saved_cs_client */;

--
-- Dumping data for table `ec_invoice_items`
--

LOCK TABLES `ec_invoice_items` WRITE;
/*!40000 ALTER TABLE `ec_invoice_items` DISABLE KEYS */;
INSERT INTO `ec_invoice_items` VALUES (1,1,'Botble\\Ecommerce\\Models\\Product',69,'Simply Lemonade with Raspberry Juice',NULL,'products/19.jpg',2,118.00,236.00,0.00,0.00,236.00,'[]','2023-11-19 00:36:15','2023-11-19 00:36:15'),(2,1,'Botble\\Ecommerce\\Models\\Product',72,'Perdue Simply Smart Organics Gluten Free',NULL,'products/20-1.jpg',2,111.00,222.00,0.00,0.00,222.00,'[]','2023-11-19 00:36:15','2023-11-19 00:36:15'),(3,1,'Botble\\Ecommerce\\Models\\Product',75,'Organic Cage-Free Grade A Large Brown Eggs',NULL,'products/22.jpg',1,124.00,124.00,0.00,0.00,124.00,'[]','2023-11-19 00:36:15','2023-11-19 00:36:15'),(4,2,'Botble\\Ecommerce\\Models\\Product',25,'Seeds of Change Organic Quinoe (Digital)',NULL,'products/1.jpg',1,259.00,259.00,0.00,0.00,259.00,'[]','2023-11-19 00:36:15','2023-11-19 00:36:15'),(5,2,'Botble\\Ecommerce\\Models\\Product',49,'Nestle Original Coffee-Mate Coffee Creamer',NULL,'products/11.jpg',1,112.00,112.00,0.00,0.00,112.00,'[]','2023-11-19 00:36:15','2023-11-19 00:36:15'),(6,3,'Botble\\Ecommerce\\Models\\Product',32,'Chobani Complete Vanilla Greek',NULL,'products/6.jpg',3,53.00,159.00,0.00,0.00,159.00,'[]','2023-11-19 00:36:15','2023-11-19 00:36:15'),(7,3,'Botble\\Ecommerce\\Models\\Product',51,'Naturally Flavored Cinnamon Vanilla Light Roast Coffee',NULL,'products/12.jpg',3,122.00,366.00,0.00,0.00,366.00,'[]','2023-11-19 00:36:15','2023-11-19 00:36:15'),(8,4,'Botble\\Ecommerce\\Models\\Product',27,'Angie’s Boomchickapop Sweet &amp; Salty Kettle Corn',NULL,'products/3.jpg',1,229.00,229.00,0.00,0.00,229.00,'[]','2023-11-19 00:36:16','2023-11-19 00:36:16'),(9,5,'Botble\\Ecommerce\\Models\\Product',45,'Haagen-Dazs Caramel Cone Ice Cream',NULL,'products/10-1.jpg',2,386.00,772.00,0.00,0.00,772.00,'[]','2023-11-19 00:36:16','2023-11-19 00:36:16'),(10,6,'Botble\\Ecommerce\\Models\\Product',50,'Nestle Original Coffee-Mate Coffee Creamer',NULL,'products/11.jpg',2,112.00,224.00,0.00,0.00,224.00,'[]','2023-11-19 00:36:16','2023-11-19 00:36:16'),(11,6,'Botble\\Ecommerce\\Models\\Product',82,'Colorful Banana',NULL,'products/23.jpg',3,126.00,378.00,0.00,0.00,378.00,'[]','2023-11-19 00:36:16','2023-11-19 00:36:16'),(12,7,'Botble\\Ecommerce\\Models\\Product',26,'All Natural Italian-Style Chicken Meatballs',NULL,'products/2.jpg',2,265.00,530.00,0.00,0.00,530.00,'[]','2023-11-19 00:36:16','2023-11-19 00:36:16'),(13,7,'Botble\\Ecommerce\\Models\\Product',46,'Nestle Original Coffee-Mate Coffee Creamer',NULL,'products/11.jpg',1,112.00,112.00,0.00,0.00,112.00,'[]','2023-11-19 00:36:16','2023-11-19 00:36:16'),(14,7,'Botble\\Ecommerce\\Models\\Product',49,'Nestle Original Coffee-Mate Coffee Creamer',NULL,'products/11.jpg',3,112.00,336.00,0.00,0.00,336.00,'[]','2023-11-19 00:36:16','2023-11-19 00:36:16'),(15,8,'Botble\\Ecommerce\\Models\\Product',53,'Pepperidge Farm Farmhouse Hearty White Bread (Digital)',NULL,'products/13.jpg',2,110.00,220.00,0.00,0.00,220.00,'[]','2023-11-19 00:36:16','2023-11-19 00:36:16'),(16,9,'Botble\\Ecommerce\\Models\\Product',27,'Angie’s Boomchickapop Sweet &amp; Salty Kettle Corn',NULL,'products/3.jpg',2,229.00,458.00,0.00,0.00,458.00,'[]','2023-11-19 00:36:16','2023-11-19 00:36:16'),(17,10,'Botble\\Ecommerce\\Models\\Product',37,'Canada Dry Ginger Ale – 2 L Bottle',NULL,'products/7.jpg',1,122.00,122.00,0.00,0.00,122.00,'[]','2023-11-19 00:36:16','2023-11-19 00:36:16'),(18,11,'Botble\\Ecommerce\\Models\\Product',51,'Naturally Flavored Cinnamon Vanilla Light Roast Coffee',NULL,'products/12.jpg',3,122.00,366.00,0.00,0.00,366.00,'[]','2023-11-19 00:36:16','2023-11-19 00:36:16'),(19,11,'Botble\\Ecommerce\\Models\\Product',54,'Pepperidge Farm Farmhouse Hearty White Bread (Digital)',NULL,'products/13-1.jpg',3,110.00,330.00,0.00,0.00,330.00,'[]','2023-11-19 00:36:16','2023-11-19 00:36:16'),(20,12,'Botble\\Ecommerce\\Models\\Product',39,'Canada Dry Ginger Ale – 2 L Bottle',NULL,'products/7.jpg',2,122.00,244.00,0.00,0.00,244.00,'[]','2023-11-19 00:36:16','2023-11-19 00:36:16'),(21,12,'Botble\\Ecommerce\\Models\\Product',49,'Nestle Original Coffee-Mate Coffee Creamer',NULL,'products/11.jpg',1,112.00,112.00,0.00,0.00,112.00,'[]','2023-11-19 00:36:16','2023-11-19 00:36:16'),(22,13,'Botble\\Ecommerce\\Models\\Product',56,'Organic Frozen Triple Berry Blend',NULL,'products/14.jpg',2,110.00,220.00,0.00,0.00,220.00,'[]','2023-11-19 00:36:16','2023-11-19 00:36:16'),(23,14,'Botble\\Ecommerce\\Models\\Product',65,'Angie’s Boomchickapop Sweet &amp; Salty Kettle Corn (Digital)',NULL,'products/17.jpg',3,126.00,378.00,0.00,0.00,378.00,'[]','2023-11-19 00:36:16','2023-11-19 00:36:16'),(24,15,'Botble\\Ecommerce\\Models\\Product',82,'Colorful Banana',NULL,'products/23.jpg',3,126.00,378.00,0.00,0.00,378.00,'[]','2023-11-19 00:36:16','2023-11-19 00:36:16'),(25,16,'Botble\\Ecommerce\\Models\\Product',53,'Pepperidge Farm Farmhouse Hearty White Bread (Digital)',NULL,'products/13.jpg',1,110.00,110.00,0.00,0.00,110.00,'[]','2023-11-19 00:36:16','2023-11-19 00:36:16'),(26,16,'Botble\\Ecommerce\\Models\\Product',55,'Pepperidge Farm Farmhouse Hearty White Bread (Digital)',NULL,'products/13.jpg',1,110.00,110.00,0.00,0.00,110.00,'[]','2023-11-19 00:36:16','2023-11-19 00:36:16'),(27,16,'Botble\\Ecommerce\\Models\\Product',72,'Perdue Simply Smart Organics Gluten Free',NULL,'products/20-1.jpg',3,111.00,333.00,0.00,0.00,333.00,'[]','2023-11-19 00:36:16','2023-11-19 00:36:16'),(28,17,'Botble\\Ecommerce\\Models\\Product',57,'Organic Frozen Triple Berry Blend',NULL,'products/14-1.jpg',1,110.00,110.00,0.00,0.00,110.00,'[]','2023-11-19 00:36:16','2023-11-19 00:36:16'),(29,18,'Botble\\Ecommerce\\Models\\Product',75,'Organic Cage-Free Grade A Large Brown Eggs',NULL,'products/22.jpg',1,124.00,124.00,0.00,0.00,124.00,'[]','2023-11-19 00:36:16','2023-11-19 00:36:16'),(30,19,'Botble\\Ecommerce\\Models\\Product',58,'Organic Frozen Triple Berry Blend',NULL,'products/14.jpg',3,110.00,330.00,0.00,0.00,330.00,'[]','2023-11-19 00:36:16','2023-11-19 00:36:16'),(31,20,'Botble\\Ecommerce\\Models\\Product',76,'Organic Cage-Free Grade A Large Brown Eggs',NULL,'products/22-1.jpg',2,124.00,248.00,0.00,0.00,248.00,'[]','2023-11-19 00:36:16','2023-11-19 00:36:16'),(32,21,'Botble\\Ecommerce\\Models\\Product',81,'Colorful Banana',NULL,'products/23-1.jpg',1,126.00,126.00,0.00,0.00,126.00,'[]','2023-11-19 00:36:16','2023-11-19 00:36:16'),(33,22,'Botble\\Ecommerce\\Models\\Product',27,'Angie’s Boomchickapop Sweet &amp; Salty Kettle Corn',NULL,'products/3.jpg',2,229.00,458.00,0.00,0.00,458.00,'[]','2023-11-19 00:36:17','2023-11-19 00:36:17'),(34,23,'Botble\\Ecommerce\\Models\\Product',36,'Canada Dry Ginger Ale – 2 L Bottle',NULL,'products/7-1.jpg',2,122.00,244.00,0.00,0.00,244.00,'[]','2023-11-19 00:36:17','2023-11-19 00:36:17'),(35,24,'Botble\\Ecommerce\\Models\\Product',52,'Naturally Flavored Cinnamon Vanilla Light Roast Coffee',NULL,'products/12-1.jpg',2,122.00,244.00,0.00,0.00,244.00,'[]','2023-11-19 00:36:17','2023-11-19 00:36:17'),(36,24,'Botble\\Ecommerce\\Models\\Product',75,'Organic Cage-Free Grade A Large Brown Eggs',NULL,'products/22.jpg',2,124.00,248.00,0.00,0.00,248.00,'[]','2023-11-19 00:36:17','2023-11-19 00:36:17'),(37,25,'Botble\\Ecommerce\\Models\\Product',63,'Foster Farms Takeout Crispy Classic Buffalo Wings',NULL,'products/16-1.jpg',3,115.00,345.00,0.00,0.00,345.00,'[]','2023-11-19 00:36:17','2023-11-19 00:36:17'),(38,26,'Botble\\Ecommerce\\Models\\Product',83,'Colorful Banana',NULL,'products/23.jpg',2,126.00,252.00,0.00,0.00,252.00,'[]','2023-11-19 00:36:17','2023-11-19 00:36:17'),(39,27,'Botble\\Ecommerce\\Models\\Product',79,'Organic Cage-Free Grade A Large Brown Eggs',NULL,'products/22.jpg',1,124.00,124.00,0.00,0.00,124.00,'[]','2023-11-19 00:36:17','2023-11-19 00:36:17'),(40,28,'Botble\\Ecommerce\\Models\\Product',82,'Colorful Banana',NULL,'products/23.jpg',1,126.00,126.00,0.00,0.00,126.00,'[]','2023-11-19 00:36:17','2023-11-19 00:36:17'),(41,29,'Botble\\Ecommerce\\Models\\Product',26,'All Natural Italian-Style Chicken Meatballs',NULL,'products/2.jpg',3,265.00,795.00,0.00,0.00,795.00,'[]','2023-11-19 00:36:17','2023-11-19 00:36:17'),(42,30,'Botble\\Ecommerce\\Models\\Product',57,'Organic Frozen Triple Berry Blend',NULL,'products/14-1.jpg',3,110.00,330.00,0.00,0.00,330.00,'[]','2023-11-19 00:36:17','2023-11-19 00:36:17'),(43,31,'Botble\\Ecommerce\\Models\\Product',71,'Perdue Simply Smart Organics Gluten Free',NULL,'products/20.jpg',2,111.00,222.00,0.00,0.00,222.00,'[]','2023-11-19 00:36:17','2023-11-19 00:36:17'),(44,32,'Botble\\Ecommerce\\Models\\Product',25,'Seeds of Change Organic Quinoe (Digital)',NULL,'products/1.jpg',3,259.00,777.00,0.00,0.00,777.00,'[]','2023-11-19 00:36:17','2023-11-19 00:36:17'),(45,32,'Botble\\Ecommerce\\Models\\Product',80,'Colorful Banana',NULL,'products/23.jpg',1,126.00,126.00,0.00,0.00,126.00,'[]','2023-11-19 00:36:17','2023-11-19 00:36:17'),(46,33,'Botble\\Ecommerce\\Models\\Product',76,'Organic Cage-Free Grade A Large Brown Eggs',NULL,'products/22-1.jpg',3,124.00,372.00,0.00,0.00,372.00,'[]','2023-11-19 00:36:17','2023-11-19 00:36:17'),(47,34,'Botble\\Ecommerce\\Models\\Product',34,'Chobani Complete Vanilla Greek',NULL,'products/6.jpg',2,53.00,106.00,0.00,0.00,106.00,'[]','2023-11-19 00:36:17','2023-11-19 00:36:17'),(48,34,'Botble\\Ecommerce\\Models\\Product',70,'Simply Lemonade with Raspberry Juice',NULL,'products/19-1.jpg',1,118.00,118.00,0.00,0.00,118.00,'[]','2023-11-19 00:36:17','2023-11-19 00:36:17'),(49,34,'Botble\\Ecommerce\\Models\\Product',75,'Organic Cage-Free Grade A Large Brown Eggs',NULL,'products/22.jpg',2,124.00,248.00,0.00,0.00,248.00,'[]','2023-11-19 00:36:17','2023-11-19 00:36:17'),(50,34,'Botble\\Ecommerce\\Models\\Product',77,'Organic Cage-Free Grade A Large Brown Eggs',NULL,'products/22.jpg',2,124.00,248.00,0.00,0.00,248.00,'[]','2023-11-19 00:36:17','2023-11-19 00:36:17'),(51,35,'Botble\\Ecommerce\\Models\\Product',39,'Canada Dry Ginger Ale – 2 L Bottle',NULL,'products/7.jpg',1,122.00,122.00,0.00,0.00,122.00,'[]','2023-11-19 00:36:17','2023-11-19 00:36:17'),(52,35,'Botble\\Ecommerce\\Models\\Product',81,'Colorful Banana',NULL,'products/23-1.jpg',2,126.00,252.00,0.00,0.00,252.00,'[]','2023-11-19 00:36:17','2023-11-19 00:36:17'),(53,36,'Botble\\Ecommerce\\Models\\Product',70,'Simply Lemonade with Raspberry Juice',NULL,'products/19-1.jpg',1,118.00,118.00,0.00,0.00,118.00,'[]','2023-11-19 00:36:17','2023-11-19 00:36:17'),(54,36,'Botble\\Ecommerce\\Models\\Product',79,'Organic Cage-Free Grade A Large Brown Eggs',NULL,'products/22.jpg',2,124.00,248.00,0.00,0.00,248.00,'[]','2023-11-19 00:36:17','2023-11-19 00:36:17'),(55,37,'Botble\\Ecommerce\\Models\\Product',31,'Blue Diamond Almonds Lightly (Digital)',NULL,'products/5.jpg',3,46.00,138.00,0.00,0.00,138.00,'[]','2023-11-19 00:36:17','2023-11-19 00:36:17'),(56,37,'Botble\\Ecommerce\\Models\\Product',57,'Organic Frozen Triple Berry Blend',NULL,'products/14-1.jpg',3,110.00,330.00,0.00,0.00,330.00,'[]','2023-11-19 00:36:17','2023-11-19 00:36:17'),(57,38,'Botble\\Ecommerce\\Models\\Product',59,'Oroweat Country Buttermilk Bread',NULL,'products/15.jpg',2,121.00,242.00,0.00,0.00,242.00,'[]','2023-11-19 00:36:17','2023-11-19 00:36:17'),(58,39,'Botble\\Ecommerce\\Models\\Product',70,'Simply Lemonade with Raspberry Juice',NULL,'products/19-1.jpg',2,118.00,236.00,0.00,0.00,236.00,'[]','2023-11-19 00:36:18','2023-11-19 00:36:18'),(59,40,'Botble\\Ecommerce\\Models\\Product',74,'Chen Watermelon (Digital)',NULL,'products/21-1.jpg',1,123.00,123.00,0.00,0.00,123.00,'[]','2023-11-19 00:36:18','2023-11-19 00:36:18'),(60,41,'Botble\\Ecommerce\\Models\\Product',29,'Blue Diamond Almonds Lightly (Digital)',NULL,'products/5.jpg',1,46.00,46.00,0.00,0.00,46.00,'[]','2023-11-19 00:36:18','2023-11-19 00:36:18'),(61,41,'Botble\\Ecommerce\\Models\\Product',57,'Organic Frozen Triple Berry Blend',NULL,'products/14-1.jpg',3,110.00,330.00,0.00,0.00,330.00,'[]','2023-11-19 00:36:18','2023-11-19 00:36:18'),(62,42,'Botble\\Ecommerce\\Models\\Product',36,'Canada Dry Ginger Ale – 2 L Bottle',NULL,'products/7-1.jpg',1,122.00,122.00,0.00,0.00,122.00,'[]','2023-11-19 00:36:18','2023-11-19 00:36:18');
/*!40000 ALTER TABLE `ec_invoice_items` ENABLE KEYS */;
UNLOCK TABLES;

--
-- Table structure for table `ec_invoices`
--

DROP TABLE IF EXISTS `ec_invoices`;
/*!40101 SET @saved_cs_client     = @@character_set_client */;
/*!50503 SET character_set_client = utf8mb4 */;
CREATE TABLE `ec_invoices` (
  `id` bigint unsigned NOT NULL AUTO_INCREMENT,
  `reference_type` varchar(191) COLLATE utf8mb4_unicode_ci NOT NULL,
  `reference_id` bigint unsigned NOT NULL,
  `code` varchar(255) COLLATE utf8mb4_unicode_ci NOT NULL,
  `customer_name` varchar(255) COLLATE utf8mb4_unicode_ci DEFAULT NULL,
  `company_name` varchar(255) COLLATE utf8mb4_unicode_ci DEFAULT NULL,
  `company_logo` varchar(255) COLLATE utf8mb4_unicode_ci DEFAULT NULL,
  `customer_email` varchar(255) COLLATE utf8mb4_unicode_ci DEFAULT NULL,
  `customer_phone` varchar(255) COLLATE utf8mb4_unicode_ci DEFAULT NULL,
  `customer_address` varchar(255) COLLATE utf8mb4_unicode_ci DEFAULT NULL,
  `customer_tax_id` varchar(255) COLLATE utf8mb4_unicode_ci DEFAULT NULL,
  `sub_total` decimal(15,2) unsigned NOT NULL,
  `tax_amount` decimal(15,2) unsigned NOT NULL DEFAULT '0.00',
  `shipping_amount` decimal(15,2) unsigned NOT NULL DEFAULT '0.00',
  `discount_amount` decimal(15,2) unsigned NOT NULL DEFAULT '0.00',
  `shipping_option` varchar(60) COLLATE utf8mb4_unicode_ci DEFAULT NULL,
  `shipping_method` varchar(60) COLLATE utf8mb4_unicode_ci NOT NULL DEFAULT 'default',
  `coupon_code` varchar(120) COLLATE utf8mb4_unicode_ci DEFAULT NULL,
  `discount_description` varchar(255) COLLATE utf8mb4_unicode_ci DEFAULT NULL,
  `amount` decimal(15,2) unsigned NOT NULL,
  `description` text COLLATE utf8mb4_unicode_ci,
  `payment_id` bigint unsigned DEFAULT NULL,
  `status` varchar(60) COLLATE utf8mb4_unicode_ci NOT NULL DEFAULT 'pending',
  `paid_at` timestamp NULL DEFAULT NULL,
  `created_at` timestamp NULL DEFAULT NULL,
  `updated_at` timestamp NULL DEFAULT NULL,
  PRIMARY KEY (`id`),
  UNIQUE KEY `ec_invoices_code_unique` (`code`),
  KEY `ec_invoices_reference_type_reference_id_index` (`reference_type`,`reference_id`),
  KEY `ec_invoices_payment_id_index` (`payment_id`),
  KEY `ec_invoices_status_index` (`status`)
) ENGINE=InnoDB AUTO_INCREMENT=43 DEFAULT CHARSET=utf8mb4 COLLATE=utf8mb4_unicode_ci;
/*!40101 SET character_set_client = @saved_cs_client */;

--
-- Dumping data for table `ec_invoices`
--

LOCK TABLES `ec_invoices` WRITE;
/*!40000 ALTER TABLE `ec_invoices` DISABLE KEYS */;
INSERT INTO `ec_invoices` VALUES (1,'Botble\\Ecommerce\\Models\\Order',1,'INV-1','Prof. Eve Welch DDS','',NULL,'tcormier@example.net','+18785636093','3655 Quigley Centers, Prohaskamouth, New York, RW',NULL,582.00,0.00,0.00,0.00,'1','default',NULL,NULL,582.00,NULL,1,'completed','2023-11-19 00:36:15','2023-11-02 08:36:15','2023-11-19 00:36:15'),(2,'Botble\\Ecommerce\\Models\\Order',2,'INV-2','Alberta Murazik','',NULL,'customer@botble.com','+15016502395','28556 Mike Streets Apt. 275, Jenkinsbury, Arkansas, CO',NULL,371.00,0.00,0.00,0.00,'1','default',NULL,NULL,371.00,NULL,2,'completed','2023-11-19 00:36:15','2023-11-07 22:36:15','2023-11-19 00:36:15'),(3,'Botble\\Ecommerce\\Models\\Order',3,'INV-3','Alberta Murazik','',NULL,'customer@botble.com','+15016502395','28556 Mike Streets Apt. 275, Jenkinsbury, Arkansas, CO',NULL,525.00,0.00,0.00,0.00,'1','default',NULL,NULL,525.00,NULL,3,'pending',NULL,'2023-11-09 12:36:15','2023-11-19 00:36:15'),(4,'Botble\\Ecommerce\\Models\\Order',4,'INV-4','Ms. Anissa Doyle DDS','',NULL,'koelpin.alexys@example.net','+17434669042','487 Murphy Alley, Wunschfort, Massachusetts, LA',NULL,229.00,0.00,0.00,0.00,'1','default',NULL,NULL,229.00,NULL,4,'completed','2023-11-19 00:36:16','2023-11-04 00:36:15','2023-11-19 00:36:16'),(5,'Botble\\Ecommerce\\Models\\Order',5,'INV-5','Ms. Anissa Doyle DDS','',NULL,'koelpin.alexys@example.net','+17434669042','487 Murphy Alley, Wunschfort, Massachusetts, LA',NULL,772.00,0.00,0.00,0.00,'1','default',NULL,NULL,772.00,NULL,5,'pending',NULL,'2023-11-08 12:36:16','2023-11-19 00:36:16'),(6,'Botble\\Ecommerce\\Models\\Order',6,'INV-6','Ms. Anissa Doyle DDS','',NULL,'koelpin.alexys@example.net','+17434669042','487 Murphy Alley, Wunschfort, Massachusetts, LA',NULL,602.00,0.00,0.00,0.00,'1','default',NULL,NULL,602.00,NULL,6,'completed','2023-11-19 00:36:16','2023-11-04 00:36:16','2023-11-19 00:36:16'),(7,'Botble\\Ecommerce\\Models\\Order',7,'INV-7','Ms. Anissa Doyle DDS','',NULL,'koelpin.alexys@example.net','+17434669042','487 Murphy Alley, Wunschfort, Massachusetts, LA',NULL,978.00,0.00,0.00,0.00,'1','default',NULL,NULL,978.00,NULL,7,'completed','2023-11-19 00:36:16','2023-11-09 02:36:16','2023-11-19 00:36:16'),(8,'Botble\\Ecommerce\\Models\\Order',8,'INV-8','Ms. Anissa Doyle DDS','',NULL,'koelpin.alexys@example.net','+17434669042','487 Murphy Alley, Wunschfort, Massachusetts, LA',NULL,220.00,0.00,0.00,0.00,NULL,'',NULL,NULL,220.00,NULL,8,'pending',NULL,'2023-11-13 08:36:16','2023-11-19 00:36:16'),(9,'Botble\\Ecommerce\\Models\\Order',9,'INV-9','Alberta Murazik','',NULL,'customer@botble.com','+15016502395','28556 Mike Streets Apt. 275, Jenkinsbury, Arkansas, CO',NULL,458.00,0.00,0.00,0.00,'1','default',NULL,NULL,458.00,NULL,9,'completed','2023-11-19 00:36:16','2023-11-12 08:36:16','2023-11-19 00:36:16'),(10,'Botble\\Ecommerce\\Models\\Order',10,'INV-10','Alberta Murazik','',NULL,'customer@botble.com','+15016502395','28556 Mike Streets Apt. 275, Jenkinsbury, Arkansas, CO',NULL,122.00,0.00,0.00,0.00,'1','default',NULL,NULL,122.00,NULL,10,'completed','2023-11-19 00:36:16','2023-11-12 08:36:16','2023-11-19 00:36:16'),(11,'Botble\\Ecommerce\\Models\\Order',11,'INV-11','Alberta Murazik','',NULL,'customer@botble.com','+15016502395','28556 Mike Streets Apt. 275, Jenkinsbury, Arkansas, CO',NULL,696.00,0.00,0.00,0.00,'1','default',NULL,NULL,696.00,NULL,11,'pending',NULL,'2023-11-13 16:36:16','2023-11-19 00:36:16'),(12,'Botble\\Ecommerce\\Models\\Order',12,'INV-12','Ms. Anissa Doyle DDS','',NULL,'koelpin.alexys@example.net','+17434669042','487 Murphy Alley, Wunschfort, Massachusetts, LA',NULL,356.00,0.00,0.00,0.00,'1','default',NULL,NULL,356.00,NULL,12,'completed','2023-11-19 00:36:16','2023-11-12 18:36:16','2023-11-19 00:36:16'),(13,'Botble\\Ecommerce\\Models\\Order',13,'INV-13','Prof. Norberto Nolan','',NULL,'bode.peter@example.net','+12626252451','7568 Jeanne Stream, Oceanefort, Texas, NA',NULL,220.00,0.00,0.00,0.00,'1','default',NULL,NULL,220.00,NULL,13,'completed','2023-11-19 00:36:16','2023-11-15 12:36:16','2023-11-19 00:36:16'),(14,'Botble\\Ecommerce\\Models\\Order',14,'INV-14','Prof. Norberto Nolan','',NULL,'bode.peter@example.net','+12626252451','7568 Jeanne Stream, Oceanefort, Texas, NA',NULL,378.00,0.00,0.00,0.00,NULL,'',NULL,NULL,378.00,NULL,14,'completed','2023-11-19 00:36:16','2023-11-17 20:36:16','2023-11-19 00:36:16'),(15,'Botble\\Ecommerce\\Models\\Order',15,'INV-15','Prof. Norberto Nolan','',NULL,'bode.peter@example.net','+12626252451','7568 Jeanne Stream, Oceanefort, Texas, NA',NULL,378.00,0.00,0.00,0.00,'1','default',NULL,NULL,378.00,NULL,15,'completed','2023-11-19 00:36:16','2023-11-17 20:36:16','2023-11-19 00:36:16'),(16,'Botble\\Ecommerce\\Models\\Order',16,'INV-16','Erika Mraz','',NULL,'hessel.rylan@example.net','+18433881561','85843 Ena Stream Suite 758, Port Rosemary, South Carolina, OM',NULL,553.00,0.00,0.00,0.00,'1','default',NULL,NULL,553.00,NULL,16,'pending',NULL,'2023-11-15 18:36:16','2023-11-19 00:36:16'),(17,'Botble\\Ecommerce\\Models\\Order',17,'INV-17','Ms. Anissa Doyle DDS','',NULL,'koelpin.alexys@example.net','+17434669042','487 Murphy Alley, Wunschfort, Massachusetts, LA',NULL,110.00,0.00,0.00,0.00,'1','default',NULL,NULL,110.00,NULL,17,'pending',NULL,'2023-11-11 00:36:16','2023-11-19 00:36:16'),(18,'Botble\\Ecommerce\\Models\\Order',18,'INV-18','Ms. Anissa Doyle DDS','',NULL,'koelpin.alexys@example.net','+17434669042','487 Murphy Alley, Wunschfort, Massachusetts, LA',NULL,124.00,0.00,0.00,0.00,'1','default',NULL,NULL,124.00,NULL,18,'pending',NULL,'2023-11-15 00:36:16','2023-11-19 00:36:16'),(19,'Botble\\Ecommerce\\Models\\Order',19,'INV-19','Prof. Norberto Nolan','',NULL,'bode.peter@example.net','+12626252451','7568 Jeanne Stream, Oceanefort, Texas, NA',NULL,330.00,0.00,0.00,0.00,'1','default',NULL,NULL,330.00,NULL,19,'completed','2023-11-19 00:36:16','2023-11-14 10:36:16','2023-11-19 00:36:16'),(20,'Botble\\Ecommerce\\Models\\Order',20,'INV-20','Prof. Norberto Nolan','',NULL,'bode.peter@example.net','+12626252451','7568 Jeanne Stream, Oceanefort, Texas, NA',NULL,248.00,0.00,0.00,0.00,'1','default',NULL,NULL,248.00,NULL,20,'pending',NULL,'2023-11-15 08:36:16','2023-11-19 00:36:16'),(21,'Botble\\Ecommerce\\Models\\Order',21,'INV-21','Prof. Norberto Nolan','',NULL,'bode.peter@example.net','+12626252451','7568 Jeanne Stream, Oceanefort, Texas, NA',NULL,126.00,0.00,0.00,0.00,'1','default',NULL,NULL,126.00,NULL,21,'completed','2023-11-19 00:36:16','2023-11-16 06:36:16','2023-11-19 00:36:16'),(22,'Botble\\Ecommerce\\Models\\Order',22,'INV-22','Ms. Lou Feest','',NULL,'godfrey89@example.org','+19296913832','67227 Bayer Prairie Apt. 904, Lake Candice, North Dakota, AI',NULL,458.00,0.00,0.00,0.00,'1','default',NULL,NULL,458.00,NULL,22,'pending',NULL,'2023-11-10 16:36:17','2023-11-19 00:36:17'),(23,'Botble\\Ecommerce\\Models\\Order',23,'INV-23','Ms. Lou Feest','',NULL,'godfrey89@example.org','+19296913832','67227 Bayer Prairie Apt. 904, Lake Candice, North Dakota, AI',NULL,244.00,0.00,0.00,0.00,'1','default',NULL,NULL,244.00,NULL,23,'completed','2023-11-19 00:36:17','2023-11-11 12:36:17','2023-11-19 00:36:17'),(24,'Botble\\Ecommerce\\Models\\Order',24,'INV-24','Ms. Lou Feest','',NULL,'godfrey89@example.org','+19296913832','67227 Bayer Prairie Apt. 904, Lake Candice, North Dakota, AI',NULL,492.00,0.00,0.00,0.00,'1','default',NULL,NULL,492.00,NULL,24,'completed','2023-11-19 00:36:17','2023-11-11 12:36:17','2023-11-19 00:36:17'),(25,'Botble\\Ecommerce\\Models\\Order',25,'INV-25','Dr. Hadley Howe IV','',NULL,'johnston.sydni@example.org','+12545620597','2540 Maximo Skyway, Assuntashire, South Carolina, BF',NULL,345.00,0.00,0.00,0.00,'1','default',NULL,NULL,345.00,NULL,25,'completed','2023-11-19 00:36:17','2023-11-16 00:36:17','2023-11-19 00:36:17'),(26,'Botble\\Ecommerce\\Models\\Order',26,'INV-26','Dr. Hadley Howe IV','',NULL,'johnston.sydni@example.org','+12545620597','2540 Maximo Skyway, Assuntashire, South Carolina, BF',NULL,252.00,0.00,0.00,0.00,'1','default',NULL,NULL,252.00,NULL,26,'completed','2023-11-19 00:36:17','2023-11-13 18:36:17','2023-11-19 00:36:17'),(27,'Botble\\Ecommerce\\Models\\Order',27,'INV-27','Prof. Norberto Nolan','',NULL,'bode.peter@example.net','+12626252451','7568 Jeanne Stream, Oceanefort, Texas, NA',NULL,124.00,0.00,0.00,0.00,'1','default',NULL,NULL,124.00,NULL,27,'pending',NULL,'2023-11-15 00:36:17','2023-11-19 00:36:17'),(28,'Botble\\Ecommerce\\Models\\Order',28,'INV-28','Prof. Norberto Nolan','',NULL,'bode.peter@example.net','+12626252451','7568 Jeanne Stream, Oceanefort, Texas, NA',NULL,126.00,0.00,0.00,0.00,'1','default',NULL,NULL,126.00,NULL,28,'pending',NULL,'2023-11-15 16:36:17','2023-11-19 00:36:17'),(29,'Botble\\Ecommerce\\Models\\Order',29,'INV-29','Dr. Hadley Howe IV','',NULL,'johnston.sydni@example.org','+12545620597','2540 Maximo Skyway, Assuntashire, South Carolina, BF',NULL,795.00,0.00,0.00,0.00,'1','default',NULL,NULL,795.00,NULL,29,'completed','2023-11-19 00:36:17','2023-11-18 10:36:17','2023-11-19 00:36:17'),(30,'Botble\\Ecommerce\\Models\\Order',30,'INV-30','Dr. Hadley Howe IV','',NULL,'johnston.sydni@example.org','+12545620597','2540 Maximo Skyway, Assuntashire, South Carolina, BF',NULL,330.00,0.00,0.00,0.00,'1','default',NULL,NULL,330.00,NULL,30,'completed','2023-11-19 00:36:17','2023-11-13 04:36:17','2023-11-19 00:36:17'),(31,'Botble\\Ecommerce\\Models\\Order',31,'INV-31','Dr. Hadley Howe IV','',NULL,'johnston.sydni@example.org','+12545620597','2540 Maximo Skyway, Assuntashire, South Carolina, BF',NULL,222.00,0.00,0.00,0.00,'1','default',NULL,NULL,222.00,NULL,31,'completed','2023-11-19 00:36:17','2023-11-14 08:36:17','2023-11-19 00:36:17'),(32,'Botble\\Ecommerce\\Models\\Order',32,'INV-32','Ms. Anissa Doyle DDS','',NULL,'koelpin.alexys@example.net','+17434669042','487 Murphy Alley, Wunschfort, Massachusetts, LA',NULL,903.00,0.00,0.00,0.00,'1','default',NULL,NULL,903.00,NULL,32,'pending',NULL,'2023-11-14 12:36:17','2023-11-19 00:36:17'),(33,'Botble\\Ecommerce\\Models\\Order',33,'INV-33','Ms. Anissa Doyle DDS','',NULL,'koelpin.alexys@example.net','+17434669042','487 Murphy Alley, Wunschfort, Massachusetts, LA',NULL,372.00,0.00,0.00,0.00,'1','default',NULL,NULL,372.00,NULL,33,'completed','2023-11-19 00:36:17','2023-11-15 12:36:17','2023-11-19 00:36:17'),(34,'Botble\\Ecommerce\\Models\\Order',34,'INV-34','Prof. Eve Welch DDS','',NULL,'tcormier@example.net','+18785636093','3655 Quigley Centers, Prohaskamouth, New York, RW',NULL,720.00,0.00,0.00,0.00,'1','default',NULL,NULL,720.00,NULL,34,'completed','2023-11-19 00:36:17','2023-11-18 14:36:17','2023-11-19 00:36:17'),(35,'Botble\\Ecommerce\\Models\\Order',35,'INV-35','Ms. Lou Feest','',NULL,'godfrey89@example.org','+19296913832','67227 Bayer Prairie Apt. 904, Lake Candice, North Dakota, AI',NULL,374.00,0.00,0.00,0.00,'1','default',NULL,NULL,374.00,NULL,35,'completed','2023-11-19 00:36:17','2023-11-17 00:36:17','2023-11-19 00:36:17'),(36,'Botble\\Ecommerce\\Models\\Order',36,'INV-36','Ms. Lou Feest','',NULL,'godfrey89@example.org','+19296913832','67227 Bayer Prairie Apt. 904, Lake Candice, North Dakota, AI',NULL,366.00,0.00,0.00,0.00,'1','default',NULL,NULL,366.00,NULL,36,'completed','2023-11-19 00:36:17','2023-11-17 16:36:17','2023-11-19 00:36:17'),(37,'Botble\\Ecommerce\\Models\\Order',37,'INV-37','Dr. Hadley Howe IV','',NULL,'johnston.sydni@example.org','+12545620597','2540 Maximo Skyway, Assuntashire, South Carolina, BF',NULL,468.00,0.00,0.00,0.00,'1','default',NULL,NULL,468.00,NULL,37,'pending',NULL,'2023-11-18 18:36:17','2023-11-19 00:36:17'),(38,'Botble\\Ecommerce\\Models\\Order',38,'INV-38','Dr. Hadley Howe IV','',NULL,'johnston.sydni@example.org','+12545620597','2540 Maximo Skyway, Assuntashire, South Carolina, BF',NULL,242.00,0.00,0.00,0.00,'1','default',NULL,NULL,242.00,NULL,38,'completed','2023-11-19 00:36:17','2023-11-18 06:36:17','2023-11-19 00:36:17'),(39,'Botble\\Ecommerce\\Models\\Order',39,'INV-39','Erika Mraz','',NULL,'hessel.rylan@example.net','+18433881561','85843 Ena Stream Suite 758, Port Rosemary, South Carolina, OM',NULL,236.00,0.00,0.00,0.00,'1','default',NULL,NULL,236.00,NULL,39,'completed','2023-11-19 00:36:18','2023-11-18 20:36:18','2023-11-19 00:36:18'),(40,'Botble\\Ecommerce\\Models\\Order',40,'INV-40','Erika Mraz','',NULL,'hessel.rylan@example.net','+18433881561','85843 Ena Stream Suite 758, Port Rosemary, South Carolina, OM',NULL,123.00,0.00,0.00,0.00,NULL,'',NULL,NULL,123.00,NULL,40,'completed','2023-11-19 00:36:18','2023-11-17 16:36:18','2023-11-19 00:36:18'),(41,'Botble\\Ecommerce\\Models\\Order',41,'INV-41','Prof. Eve Welch DDS','',NULL,'tcormier@example.net','+18785636093','3655 Quigley Centers, Prohaskamouth, New York, RW',NULL,376.00,0.00,0.00,0.00,'1','default',NULL,NULL,376.00,NULL,41,'completed','2023-11-19 00:36:18','2023-11-18 16:36:18','2023-11-19 00:36:18'),(42,'Botble\\Ecommerce\\Models\\Order',42,'INV-42','Prof. Eve Welch DDS','',NULL,'tcormier@example.net','+18785636093','3655 Quigley Centers, Prohaskamouth, New York, RW',NULL,122.00,0.00,0.00,0.00,'1','default',NULL,NULL,122.00,NULL,42,'pending',NULL,'2023-11-18 12:36:18','2023-11-19 00:36:18');
/*!40000 ALTER TABLE `ec_invoices` ENABLE KEYS */;
UNLOCK TABLES;

--
-- Table structure for table `ec_option_value`
--

DROP TABLE IF EXISTS `ec_option_value`;
/*!40101 SET @saved_cs_client     = @@character_set_client */;
/*!50503 SET character_set_client = utf8mb4 */;
CREATE TABLE `ec_option_value` (
  `option_id` bigint unsigned NOT NULL COMMENT 'option id',
  `id` bigint unsigned NOT NULL AUTO_INCREMENT,
  `option_value` tinytext COLLATE utf8mb4_unicode_ci COMMENT 'option value',
  `affect_price` double DEFAULT NULL COMMENT 'value of price of this option affect',
  `order` int NOT NULL DEFAULT '9999',
  `affect_type` tinyint NOT NULL DEFAULT '0' COMMENT '0. fixed 1. percent',
  `created_at` timestamp NULL DEFAULT NULL,
  `updated_at` timestamp NULL DEFAULT NULL,
  PRIMARY KEY (`id`)
) ENGINE=InnoDB DEFAULT CHARSET=utf8mb4 COLLATE=utf8mb4_unicode_ci;
/*!40101 SET character_set_client = @saved_cs_client */;

--
-- Dumping data for table `ec_option_value`
--

LOCK TABLES `ec_option_value` WRITE;
/*!40000 ALTER TABLE `ec_option_value` DISABLE KEYS */;
/*!40000 ALTER TABLE `ec_option_value` ENABLE KEYS */;
UNLOCK TABLES;

--
-- Table structure for table `ec_option_value_translations`
--

DROP TABLE IF EXISTS `ec_option_value_translations`;
/*!40101 SET @saved_cs_client     = @@character_set_client */;
/*!50503 SET character_set_client = utf8mb4 */;
CREATE TABLE `ec_option_value_translations` (
  `lang_code` varchar(20) COLLATE utf8mb4_unicode_ci NOT NULL,
  `ec_option_value_id` bigint unsigned NOT NULL,
  `option_value` varchar(255) COLLATE utf8mb4_unicode_ci DEFAULT NULL,
  PRIMARY KEY (`lang_code`,`ec_option_value_id`)
) ENGINE=InnoDB DEFAULT CHARSET=utf8mb4 COLLATE=utf8mb4_unicode_ci;
/*!40101 SET character_set_client = @saved_cs_client */;

--
-- Dumping data for table `ec_option_value_translations`
--

LOCK TABLES `ec_option_value_translations` WRITE;
/*!40000 ALTER TABLE `ec_option_value_translations` DISABLE KEYS */;
/*!40000 ALTER TABLE `ec_option_value_translations` ENABLE KEYS */;
UNLOCK TABLES;

--
-- Table structure for table `ec_options`
--

DROP TABLE IF EXISTS `ec_options`;
/*!40101 SET @saved_cs_client     = @@character_set_client */;
/*!50503 SET character_set_client = utf8mb4 */;
CREATE TABLE `ec_options` (
  `id` bigint unsigned NOT NULL AUTO_INCREMENT,
  `name` varchar(255) COLLATE utf8mb4_unicode_ci NOT NULL COMMENT 'Name of options',
  `option_type` varchar(255) COLLATE utf8mb4_unicode_ci DEFAULT NULL COMMENT 'option type',
  `product_id` bigint unsigned NOT NULL DEFAULT '0',
  `order` int NOT NULL DEFAULT '9999',
  `required` tinyint(1) NOT NULL DEFAULT '0' COMMENT 'Checked if this option is required',
  `created_at` timestamp NULL DEFAULT NULL,
  `updated_at` timestamp NULL DEFAULT NULL,
  PRIMARY KEY (`id`)
) ENGINE=InnoDB DEFAULT CHARSET=utf8mb4 COLLATE=utf8mb4_unicode_ci;
/*!40101 SET character_set_client = @saved_cs_client */;

--
-- Dumping data for table `ec_options`
--

LOCK TABLES `ec_options` WRITE;
/*!40000 ALTER TABLE `ec_options` DISABLE KEYS */;
/*!40000 ALTER TABLE `ec_options` ENABLE KEYS */;
UNLOCK TABLES;

--
-- Table structure for table `ec_options_translations`
--

DROP TABLE IF EXISTS `ec_options_translations`;
/*!40101 SET @saved_cs_client     = @@character_set_client */;
/*!50503 SET character_set_client = utf8mb4 */;
CREATE TABLE `ec_options_translations` (
  `lang_code` varchar(20) COLLATE utf8mb4_unicode_ci NOT NULL,
  `ec_options_id` bigint unsigned NOT NULL,
  `name` varchar(255) COLLATE utf8mb4_unicode_ci DEFAULT NULL,
  PRIMARY KEY (`lang_code`,`ec_options_id`)
) ENGINE=InnoDB DEFAULT CHARSET=utf8mb4 COLLATE=utf8mb4_unicode_ci;
/*!40101 SET character_set_client = @saved_cs_client */;

--
-- Dumping data for table `ec_options_translations`
--

LOCK TABLES `ec_options_translations` WRITE;
/*!40000 ALTER TABLE `ec_options_translations` DISABLE KEYS */;
/*!40000 ALTER TABLE `ec_options_translations` ENABLE KEYS */;
UNLOCK TABLES;

--
-- Table structure for table `ec_order_addresses`
--

DROP TABLE IF EXISTS `ec_order_addresses`;
/*!40101 SET @saved_cs_client     = @@character_set_client */;
/*!50503 SET character_set_client = utf8mb4 */;
CREATE TABLE `ec_order_addresses` (
  `id` bigint unsigned NOT NULL AUTO_INCREMENT,
  `name` varchar(255) COLLATE utf8mb4_unicode_ci NOT NULL,
  `phone` varchar(20) COLLATE utf8mb4_unicode_ci DEFAULT NULL,
  `email` varchar(120) COLLATE utf8mb4_unicode_ci DEFAULT NULL,
  `country` varchar(120) COLLATE utf8mb4_unicode_ci DEFAULT NULL,
  `state` varchar(120) COLLATE utf8mb4_unicode_ci DEFAULT NULL,
  `city` varchar(120) COLLATE utf8mb4_unicode_ci DEFAULT NULL,
  `address` varchar(255) COLLATE utf8mb4_unicode_ci DEFAULT NULL,
  `order_id` bigint unsigned NOT NULL,
  `zip_code` varchar(20) COLLATE utf8mb4_unicode_ci DEFAULT NULL,
  `type` varchar(60) COLLATE utf8mb4_unicode_ci NOT NULL DEFAULT 'shipping_address',
  PRIMARY KEY (`id`)
) ENGINE=InnoDB AUTO_INCREMENT=43 DEFAULT CHARSET=utf8mb4 COLLATE=utf8mb4_unicode_ci;
/*!40101 SET character_set_client = @saved_cs_client */;

--
-- Dumping data for table `ec_order_addresses`
--

LOCK TABLES `ec_order_addresses` WRITE;
/*!40000 ALTER TABLE `ec_order_addresses` DISABLE KEYS */;
INSERT INTO `ec_order_addresses` VALUES (1,'Prof. Eve Welch DDS','+18785636093','tcormier@example.net','RW','New York','Prohaskamouth','3655 Quigley Centers',1,'10304-5685','shipping_address'),(2,'Alberta Murazik','+15016502395','customer@botble.com','CO','Arkansas','Jenkinsbury','28556 Mike Streets Apt. 275',2,'32939-3176','shipping_address'),(3,'Alberta Murazik','+15016502395','customer@botble.com','CO','Arkansas','Jenkinsbury','28556 Mike Streets Apt. 275',3,'32939-3176','shipping_address'),(4,'Ms. Anissa Doyle DDS','+17434669042','koelpin.alexys@example.net','LA','Massachusetts','Wunschfort','487 Murphy Alley',4,'33005-1298','shipping_address'),(5,'Ms. Anissa Doyle DDS','+17434669042','koelpin.alexys@example.net','LA','Massachusetts','Wunschfort','487 Murphy Alley',5,'33005-1298','shipping_address'),(6,'Ms. Anissa Doyle DDS','+17434669042','koelpin.alexys@example.net','LA','Massachusetts','Wunschfort','487 Murphy Alley',6,'33005-1298','shipping_address'),(7,'Ms. Anissa Doyle DDS','+17434669042','koelpin.alexys@example.net','LA','Massachusetts','Wunschfort','487 Murphy Alley',7,'33005-1298','shipping_address'),(8,'Ms. Anissa Doyle DDS','+17434669042','koelpin.alexys@example.net','LA','Massachusetts','Wunschfort','487 Murphy Alley',8,'33005-1298','shipping_address'),(9,'Alberta Murazik','+15016502395','customer@botble.com','CO','Arkansas','Jenkinsbury','28556 Mike Streets Apt. 275',9,'32939-3176','shipping_address'),(10,'Alberta Murazik','+15016502395','customer@botble.com','CO','Arkansas','Jenkinsbury','28556 Mike Streets Apt. 275',10,'32939-3176','shipping_address'),(11,'Alberta Murazik','+15016502395','customer@botble.com','CO','Arkansas','Jenkinsbury','28556 Mike Streets Apt. 275',11,'32939-3176','shipping_address'),(12,'Ms. Anissa Doyle DDS','+17434669042','koelpin.alexys@example.net','LA','Massachusetts','Wunschfort','487 Murphy Alley',12,'33005-1298','shipping_address'),(13,'Prof. Norberto Nolan','+12626252451','bode.peter@example.net','NA','Texas','Oceanefort','7568 Jeanne Stream',13,'86644-9675','shipping_address'),(14,'Prof. Norberto Nolan','+12626252451','bode.peter@example.net','NA','Texas','Oceanefort','7568 Jeanne Stream',14,'86644-9675','shipping_address'),(15,'Prof. Norberto Nolan','+12626252451','bode.peter@example.net','NA','Texas','Oceanefort','7568 Jeanne Stream',15,'86644-9675','shipping_address'),(16,'Erika Mraz','+18433881561','hessel.rylan@example.net','OM','South Carolina','Port Rosemary','85843 Ena Stream Suite 758',16,'46997-0194','shipping_address'),(17,'Ms. Anissa Doyle DDS','+17434669042','koelpin.alexys@example.net','LA','Massachusetts','Wunschfort','487 Murphy Alley',17,'33005-1298','shipping_address'),(18,'Ms. Anissa Doyle DDS','+17434669042','koelpin.alexys@example.net','LA','Massachusetts','Wunschfort','487 Murphy Alley',18,'33005-1298','shipping_address'),(19,'Prof. Norberto Nolan','+12626252451','bode.peter@example.net','NA','Texas','Oceanefort','7568 Jeanne Stream',19,'86644-9675','shipping_address'),(20,'Prof. Norberto Nolan','+12626252451','bode.peter@example.net','NA','Texas','Oceanefort','7568 Jeanne Stream',20,'86644-9675','shipping_address'),(21,'Prof. Norberto Nolan','+12626252451','bode.peter@example.net','NA','Texas','Oceanefort','7568 Jeanne Stream',21,'86644-9675','shipping_address'),(22,'Ms. Lou Feest','+19296913832','godfrey89@example.org','AI','North Dakota','Lake Candice','67227 Bayer Prairie Apt. 904',22,'45817','shipping_address'),(23,'Ms. Lou Feest','+19296913832','godfrey89@example.org','AI','North Dakota','Lake Candice','67227 Bayer Prairie Apt. 904',23,'45817','shipping_address'),(24,'Ms. Lou Feest','+19296913832','godfrey89@example.org','AI','North Dakota','Lake Candice','67227 Bayer Prairie Apt. 904',24,'45817','shipping_address'),(25,'Dr. Hadley Howe IV','+12545620597','johnston.sydni@example.org','BF','South Carolina','Assuntashire','2540 Maximo Skyway',25,'10154','shipping_address'),(26,'Dr. Hadley Howe IV','+12545620597','johnston.sydni@example.org','BF','South Carolina','Assuntashire','2540 Maximo Skyway',26,'10154','shipping_address'),(27,'Prof. Norberto Nolan','+12626252451','bode.peter@example.net','NA','Texas','Oceanefort','7568 Jeanne Stream',27,'86644-9675','shipping_address'),(28,'Prof. Norberto Nolan','+12626252451','bode.peter@example.net','NA','Texas','Oceanefort','7568 Jeanne Stream',28,'86644-9675','shipping_address'),(29,'Dr. Hadley Howe IV','+12545620597','johnston.sydni@example.org','BF','South Carolina','Assuntashire','2540 Maximo Skyway',29,'10154','shipping_address'),(30,'Dr. Hadley Howe IV','+12545620597','johnston.sydni@example.org','BF','South Carolina','Assuntashire','2540 Maximo Skyway',30,'10154','shipping_address'),(31,'Dr. Hadley Howe IV','+12545620597','johnston.sydni@example.org','BF','South Carolina','Assuntashire','2540 Maximo Skyway',31,'10154','shipping_address'),(32,'Ms. Anissa Doyle DDS','+17434669042','koelpin.alexys@example.net','LA','Massachusetts','Wunschfort','487 Murphy Alley',32,'33005-1298','shipping_address'),(33,'Ms. Anissa Doyle DDS','+17434669042','koelpin.alexys@example.net','LA','Massachusetts','Wunschfort','487 Murphy Alley',33,'33005-1298','shipping_address'),(34,'Prof. Eve Welch DDS','+18785636093','tcormier@example.net','RW','New York','Prohaskamouth','3655 Quigley Centers',34,'10304-5685','shipping_address'),(35,'Ms. Lou Feest','+19296913832','godfrey89@example.org','AI','North Dakota','Lake Candice','67227 Bayer Prairie Apt. 904',35,'45817','shipping_address'),(36,'Ms. Lou Feest','+19296913832','godfrey89@example.org','AI','North Dakota','Lake Candice','67227 Bayer Prairie Apt. 904',36,'45817','shipping_address'),(37,'Dr. Hadley Howe IV','+12545620597','johnston.sydni@example.org','BF','South Carolina','Assuntashire','2540 Maximo Skyway',37,'10154','shipping_address'),(38,'Dr. Hadley Howe IV','+12545620597','johnston.sydni@example.org','BF','South Carolina','Assuntashire','2540 Maximo Skyway',38,'10154','shipping_address'),(39,'Erika Mraz','+18433881561','hessel.rylan@example.net','OM','South Carolina','Port Rosemary','85843 Ena Stream Suite 758',39,'46997-0194','shipping_address'),(40,'Erika Mraz','+18433881561','hessel.rylan@example.net','OM','South Carolina','Port Rosemary','85843 Ena Stream Suite 758',40,'46997-0194','shipping_address'),(41,'Prof. Eve Welch DDS','+18785636093','tcormier@example.net','RW','New York','Prohaskamouth','3655 Quigley Centers',41,'10304-5685','shipping_address'),(42,'Prof. Eve Welch DDS','+18785636093','tcormier@example.net','RW','New York','Prohaskamouth','3655 Quigley Centers',42,'10304-5685','shipping_address');
/*!40000 ALTER TABLE `ec_order_addresses` ENABLE KEYS */;
UNLOCK TABLES;

--
-- Table structure for table `ec_order_histories`
--

DROP TABLE IF EXISTS `ec_order_histories`;
/*!40101 SET @saved_cs_client     = @@character_set_client */;
/*!50503 SET character_set_client = utf8mb4 */;
CREATE TABLE `ec_order_histories` (
  `id` bigint unsigned NOT NULL AUTO_INCREMENT,
  `action` varchar(120) COLLATE utf8mb4_unicode_ci NOT NULL,
  `description` varchar(255) COLLATE utf8mb4_unicode_ci NOT NULL,
  `user_id` bigint unsigned DEFAULT NULL,
  `order_id` bigint unsigned NOT NULL,
  `extras` text COLLATE utf8mb4_unicode_ci,
  `created_at` timestamp NULL DEFAULT NULL,
  `updated_at` timestamp NULL DEFAULT NULL,
  PRIMARY KEY (`id`)
) ENGINE=InnoDB AUTO_INCREMENT=180 DEFAULT CHARSET=utf8mb4 COLLATE=utf8mb4_unicode_ci;
/*!40101 SET character_set_client = @saved_cs_client */;

--
-- Dumping data for table `ec_order_histories`
--

LOCK TABLES `ec_order_histories` WRITE;
/*!40000 ALTER TABLE `ec_order_histories` DISABLE KEYS */;
INSERT INTO `ec_order_histories` VALUES (1,'create_order_from_seeder','Order is created from the checkout page',NULL,1,NULL,'2023-11-02 08:36:15','2023-11-02 08:36:15'),(2,'confirm_order','Order was verified by %user_name%',0,1,NULL,'2023-11-02 08:36:15','2023-11-02 08:36:15'),(3,'confirm_payment','Payment was confirmed (amount $582.00) by %user_name%',0,1,NULL,'2023-11-19 00:36:15','2023-11-19 00:36:15'),(4,'create_shipment','Created shipment for order',0,1,NULL,'2023-11-19 00:36:15','2023-11-19 00:36:15'),(5,'create_order_from_seeder','Order is created from the checkout page',NULL,2,NULL,'2023-11-07 22:36:15','2023-11-07 22:36:15'),(6,'confirm_order','Order was verified by %user_name%',0,2,NULL,'2023-11-07 22:36:15','2023-11-07 22:36:15'),(7,'confirm_payment','Payment was confirmed (amount $371.00) by %user_name%',0,2,NULL,'2023-11-19 00:36:15','2023-11-19 00:36:15'),(8,'create_shipment','Created shipment for order',0,2,NULL,'2023-11-19 00:36:15','2023-11-19 00:36:15'),(9,'create_order_from_seeder','Order is created from the checkout page',NULL,3,NULL,'2023-11-09 12:36:15','2023-11-09 12:36:15'),(10,'confirm_order','Order was verified by %user_name%',0,3,NULL,'2023-11-09 12:36:15','2023-11-09 12:36:15'),(11,'create_shipment','Created shipment for order',0,3,NULL,'2023-11-19 00:36:15','2023-11-19 00:36:15'),(12,'create_order_from_seeder','Order is created from the checkout page',NULL,4,NULL,'2023-11-04 00:36:15','2023-11-04 00:36:15'),(13,'confirm_order','Order was verified by %user_name%',0,4,NULL,'2023-11-04 00:36:15','2023-11-04 00:36:15'),(14,'confirm_payment','Payment was confirmed (amount $229.00) by %user_name%',0,4,NULL,'2023-11-19 00:36:15','2023-11-19 00:36:15'),(15,'create_shipment','Created shipment for order',0,4,NULL,'2023-11-19 00:36:16','2023-11-19 00:36:16'),(16,'update_status','Changed status of shipping to: Delivered. Updated by: %user_name%',0,4,NULL,'2023-11-19 00:36:16','2023-11-19 00:36:16'),(17,'create_order_from_seeder','Order is created from the checkout page',NULL,5,NULL,'2023-11-08 12:36:16','2023-11-08 12:36:16'),(18,'confirm_order','Order was verified by %user_name%',0,5,NULL,'2023-11-08 12:36:16','2023-11-08 12:36:16'),(19,'create_shipment','Created shipment for order',0,5,NULL,'2023-11-19 00:36:16','2023-11-19 00:36:16'),(20,'create_order_from_seeder','Order is created from the checkout page',NULL,6,NULL,'2023-11-04 00:36:16','2023-11-04 00:36:16'),(21,'confirm_order','Order was verified by %user_name%',0,6,NULL,'2023-11-04 00:36:16','2023-11-04 00:36:16'),(22,'confirm_payment','Payment was confirmed (amount $602.00) by %user_name%',0,6,NULL,'2023-11-19 00:36:16','2023-11-19 00:36:16'),(23,'create_shipment','Created shipment for order',0,6,NULL,'2023-11-19 00:36:16','2023-11-19 00:36:16'),(24,'create_order_from_seeder','Order is created from the checkout page',NULL,7,NULL,'2023-11-09 02:36:16','2023-11-09 02:36:16'),(25,'confirm_order','Order was verified by %user_name%',0,7,NULL,'2023-11-09 02:36:16','2023-11-09 02:36:16'),(26,'confirm_payment','Payment was confirmed (amount $978.00) by %user_name%',0,7,NULL,'2023-11-19 00:36:16','2023-11-19 00:36:16'),(27,'create_shipment','Created shipment for order',0,7,NULL,'2023-11-19 00:36:16','2023-11-19 00:36:16'),(28,'create_order_from_seeder','Order is created from the checkout page',NULL,8,NULL,'2023-11-13 08:36:16','2023-11-13 08:36:16'),(29,'confirm_order','Order was verified by %user_name%',0,8,NULL,'2023-11-13 08:36:16','2023-11-13 08:36:16'),(30,'create_order_from_seeder','Order is created from the checkout page',NULL,9,NULL,'2023-11-12 08:36:16','2023-11-12 08:36:16'),(31,'confirm_order','Order was verified by %user_name%',0,9,NULL,'2023-11-12 08:36:16','2023-11-12 08:36:16'),(32,'confirm_payment','Payment was confirmed (amount $458.00) by %user_name%',0,9,NULL,'2023-11-19 00:36:16','2023-11-19 00:36:16'),(33,'create_shipment','Created shipment for order',0,9,NULL,'2023-11-19 00:36:16','2023-11-19 00:36:16'),(34,'update_status','Changed status of shipping to: Delivered. Updated by: %user_name%',0,9,NULL,'2023-11-19 00:36:16','2023-11-19 00:36:16'),(35,'create_order_from_seeder','Order is created from the checkout page',NULL,10,NULL,'2023-11-12 08:36:16','2023-11-12 08:36:16'),(36,'confirm_order','Order was verified by %user_name%',0,10,NULL,'2023-11-12 08:36:16','2023-11-12 08:36:16'),(37,'confirm_payment','Payment was confirmed (amount $122.00) by %user_name%',0,10,NULL,'2023-11-19 00:36:16','2023-11-19 00:36:16'),(38,'create_shipment','Created shipment for order',0,10,NULL,'2023-11-19 00:36:16','2023-11-19 00:36:16'),(39,'create_order_from_seeder','Order is created from the checkout page',NULL,11,NULL,'2023-11-13 16:36:16','2023-11-13 16:36:16'),(40,'confirm_order','Order was verified by %user_name%',0,11,NULL,'2023-11-13 16:36:16','2023-11-13 16:36:16'),(41,'create_shipment','Created shipment for order',0,11,NULL,'2023-11-19 00:36:16','2023-11-19 00:36:16'),(42,'update_status','Changed status of shipping to: Delivered. Updated by: %user_name%',0,11,NULL,'2023-11-19 00:36:16','2023-11-19 00:36:16'),(43,'create_order_from_seeder','Order is created from the checkout page',NULL,12,NULL,'2023-11-12 18:36:16','2023-11-12 18:36:16'),(44,'confirm_order','Order was verified by %user_name%',0,12,NULL,'2023-11-12 18:36:16','2023-11-12 18:36:16'),(45,'confirm_payment','Payment was confirmed (amount $356.00) by %user_name%',0,12,NULL,'2023-11-19 00:36:16','2023-11-19 00:36:16'),(46,'create_shipment','Created shipment for order',0,12,NULL,'2023-11-19 00:36:16','2023-11-19 00:36:16'),(47,'create_order_from_seeder','Order is created from the checkout page',NULL,13,NULL,'2023-11-15 12:36:16','2023-11-15 12:36:16'),(48,'confirm_order','Order was verified by %user_name%',0,13,NULL,'2023-11-15 12:36:16','2023-11-15 12:36:16'),(49,'confirm_payment','Payment was confirmed (amount $220.00) by %user_name%',0,13,NULL,'2023-11-19 00:36:16','2023-11-19 00:36:16'),(50,'create_shipment','Created shipment for order',0,13,NULL,'2023-11-19 00:36:16','2023-11-19 00:36:16'),(51,'create_order_from_seeder','Order is created from the checkout page',NULL,14,NULL,'2023-11-17 20:36:16','2023-11-17 20:36:16'),(52,'confirm_order','Order was verified by %user_name%',0,14,NULL,'2023-11-17 20:36:16','2023-11-17 20:36:16'),(53,'confirm_payment','Payment was confirmed (amount $378.00) by %user_name%',0,14,NULL,'2023-11-19 00:36:16','2023-11-19 00:36:16'),(54,'update_status','Changed status of shipping to: . Updated by: %user_name%',0,14,NULL,'2023-11-19 00:36:16','2023-11-19 00:36:16'),(55,'create_order_from_seeder','Order is created from the checkout page',NULL,15,NULL,'2023-11-17 20:36:16','2023-11-17 20:36:16'),(56,'confirm_order','Order was verified by %user_name%',0,15,NULL,'2023-11-17 20:36:16','2023-11-17 20:36:16'),(57,'confirm_payment','Payment was confirmed (amount $378.00) by %user_name%',0,15,NULL,'2023-11-19 00:36:16','2023-11-19 00:36:16'),(58,'create_shipment','Created shipment for order',0,15,NULL,'2023-11-19 00:36:16','2023-11-19 00:36:16'),(59,'create_order_from_seeder','Order is created from the checkout page',NULL,16,NULL,'2023-11-15 18:36:16','2023-11-15 18:36:16'),(60,'confirm_order','Order was verified by %user_name%',0,16,NULL,'2023-11-15 18:36:16','2023-11-15 18:36:16'),(61,'create_shipment','Created shipment for order',0,16,NULL,'2023-11-19 00:36:16','2023-11-19 00:36:16'),(62,'update_status','Changed status of shipping to: Delivered. Updated by: %user_name%',0,16,NULL,'2023-11-19 00:36:16','2023-11-19 00:36:16'),(63,'create_order_from_seeder','Order is created from the checkout page',NULL,17,NULL,'2023-11-11 00:36:16','2023-11-11 00:36:16'),(64,'confirm_order','Order was verified by %user_name%',0,17,NULL,'2023-11-11 00:36:16','2023-11-11 00:36:16'),(65,'create_shipment','Created shipment for order',0,17,NULL,'2023-11-19 00:36:16','2023-11-19 00:36:16'),(66,'update_status','Changed status of shipping to: Delivered. Updated by: %user_name%',0,17,NULL,'2023-11-19 00:36:16','2023-11-19 00:36:16'),(67,'create_order_from_seeder','Order is created from the checkout page',NULL,18,NULL,'2023-11-15 00:36:16','2023-11-15 00:36:16'),(68,'confirm_order','Order was verified by %user_name%',0,18,NULL,'2023-11-15 00:36:16','2023-11-15 00:36:16'),(69,'create_shipment','Created shipment for order',0,18,NULL,'2023-11-19 00:36:16','2023-11-19 00:36:16'),(70,'update_status','Changed status of shipping to: Delivered. Updated by: %user_name%',0,18,NULL,'2023-11-19 00:36:16','2023-11-19 00:36:16'),(71,'create_order_from_seeder','Order is created from the checkout page',NULL,19,NULL,'2023-11-14 10:36:16','2023-11-14 10:36:16'),(72,'confirm_order','Order was verified by %user_name%',0,19,NULL,'2023-11-14 10:36:16','2023-11-14 10:36:16'),(73,'confirm_payment','Payment was confirmed (amount $330.00) by %user_name%',0,19,NULL,'2023-11-19 00:36:16','2023-11-19 00:36:16'),(74,'create_shipment','Created shipment for order',0,19,NULL,'2023-11-19 00:36:16','2023-11-19 00:36:16'),(75,'create_order_from_seeder','Order is created from the checkout page',NULL,20,NULL,'2023-11-15 08:36:16','2023-11-15 08:36:16'),(76,'confirm_order','Order was verified by %user_name%',0,20,NULL,'2023-11-15 08:36:16','2023-11-15 08:36:16'),(77,'create_shipment','Created shipment for order',0,20,NULL,'2023-11-19 00:36:16','2023-11-19 00:36:16'),(78,'update_status','Changed status of shipping to: Delivered. Updated by: %user_name%',0,20,NULL,'2023-11-19 00:36:16','2023-11-19 00:36:16'),(79,'create_order_from_seeder','Order is created from the checkout page',NULL,21,NULL,'2023-11-16 06:36:16','2023-11-16 06:36:16'),(80,'confirm_order','Order was verified by %user_name%',0,21,NULL,'2023-11-16 06:36:16','2023-11-16 06:36:16'),(81,'confirm_payment','Payment was confirmed (amount $126.00) by %user_name%',0,21,NULL,'2023-11-19 00:36:16','2023-11-19 00:36:16'),(82,'create_shipment','Created shipment for order',0,21,NULL,'2023-11-19 00:36:17','2023-11-19 00:36:17'),(83,'create_order_from_seeder','Order is created from the checkout page',NULL,22,NULL,'2023-11-10 16:36:17','2023-11-10 16:36:17'),(84,'confirm_order','Order was verified by %user_name%',0,22,NULL,'2023-11-10 16:36:17','2023-11-10 16:36:17'),(85,'create_shipment','Created shipment for order',0,22,NULL,'2023-11-19 00:36:17','2023-11-19 00:36:17'),(86,'update_status','Changed status of shipping to: Delivered. Updated by: %user_name%',0,22,NULL,'2023-11-19 00:36:17','2023-11-19 00:36:17'),(87,'create_order_from_seeder','Order is created from the checkout page',NULL,23,NULL,'2023-11-11 12:36:17','2023-11-11 12:36:17'),(88,'confirm_order','Order was verified by %user_name%',0,23,NULL,'2023-11-11 12:36:17','2023-11-11 12:36:17'),(89,'confirm_payment','Payment was confirmed (amount $244.00) by %user_name%',0,23,NULL,'2023-11-19 00:36:17','2023-11-19 00:36:17'),(90,'create_shipment','Created shipment for order',0,23,NULL,'2023-11-19 00:36:17','2023-11-19 00:36:17'),(91,'update_status','Changed status of shipping to: Delivered. Updated by: %user_name%',0,23,NULL,'2023-11-19 00:36:17','2023-11-19 00:36:17'),(92,'create_order_from_seeder','Order is created from the checkout page',NULL,24,NULL,'2023-11-11 12:36:17','2023-11-11 12:36:17'),(93,'confirm_order','Order was verified by %user_name%',0,24,NULL,'2023-11-11 12:36:17','2023-11-11 12:36:17'),(94,'confirm_payment','Payment was confirmed (amount $492.00) by %user_name%',0,24,NULL,'2023-11-19 00:36:17','2023-11-19 00:36:17'),(95,'create_shipment','Created shipment for order',0,24,NULL,'2023-11-19 00:36:17','2023-11-19 00:36:17'),(96,'update_status','Changed status of shipping to: Delivered. Updated by: %user_name%',0,24,NULL,'2023-11-19 00:36:17','2023-11-19 00:36:17'),(97,'create_order_from_seeder','Order is created from the checkout page',NULL,25,NULL,'2023-11-16 00:36:17','2023-11-16 00:36:17'),(98,'confirm_order','Order was verified by %user_name%',0,25,NULL,'2023-11-16 00:36:17','2023-11-16 00:36:17'),(99,'confirm_payment','Payment was confirmed (amount $345.00) by %user_name%',0,25,NULL,'2023-11-19 00:36:17','2023-11-19 00:36:17'),(100,'create_shipment','Created shipment for order',0,25,NULL,'2023-11-19 00:36:17','2023-11-19 00:36:17'),(101,'update_status','Changed status of shipping to: Delivered. Updated by: %user_name%',0,25,NULL,'2023-11-19 00:36:17','2023-11-19 00:36:17'),(102,'create_order_from_seeder','Order is created from the checkout page',NULL,26,NULL,'2023-11-13 18:36:17','2023-11-13 18:36:17'),(103,'confirm_order','Order was verified by %user_name%',0,26,NULL,'2023-11-13 18:36:17','2023-11-13 18:36:17'),(104,'confirm_payment','Payment was confirmed (amount $252.00) by %user_name%',0,26,NULL,'2023-11-19 00:36:17','2023-11-19 00:36:17'),(105,'create_shipment','Created shipment for order',0,26,NULL,'2023-11-19 00:36:17','2023-11-19 00:36:17'),(106,'update_status','Changed status of shipping to: Delivered. Updated by: %user_name%',0,26,NULL,'2023-11-19 00:36:17','2023-11-19 00:36:17'),(107,'create_order_from_seeder','Order is created from the checkout page',NULL,27,NULL,'2023-11-15 00:36:17','2023-11-15 00:36:17'),(108,'confirm_order','Order was verified by %user_name%',0,27,NULL,'2023-11-15 00:36:17','2023-11-15 00:36:17'),(109,'create_shipment','Created shipment for order',0,27,NULL,'2023-11-19 00:36:17','2023-11-19 00:36:17'),(110,'create_order_from_seeder','Order is created from the checkout page',NULL,28,NULL,'2023-11-15 16:36:17','2023-11-15 16:36:17'),(111,'confirm_order','Order was verified by %user_name%',0,28,NULL,'2023-11-15 16:36:17','2023-11-15 16:36:17'),(112,'create_shipment','Created shipment for order',0,28,NULL,'2023-11-19 00:36:17','2023-11-19 00:36:17'),(113,'create_order_from_seeder','Order is created from the checkout page',NULL,29,NULL,'2023-11-18 10:36:17','2023-11-18 10:36:17'),(114,'confirm_order','Order was verified by %user_name%',0,29,NULL,'2023-11-18 10:36:17','2023-11-18 10:36:17'),(115,'confirm_payment','Payment was confirmed (amount $795.00) by %user_name%',0,29,NULL,'2023-11-19 00:36:17','2023-11-19 00:36:17'),(116,'create_shipment','Created shipment for order',0,29,NULL,'2023-11-19 00:36:17','2023-11-19 00:36:17'),(117,'update_status','Changed status of shipping to: Delivered. Updated by: %user_name%',0,29,NULL,'2023-11-19 00:36:17','2023-11-19 00:36:17'),(118,'create_order_from_seeder','Order is created from the checkout page',NULL,30,NULL,'2023-11-13 04:36:17','2023-11-13 04:36:17'),(119,'confirm_order','Order was verified by %user_name%',0,30,NULL,'2023-11-13 04:36:17','2023-11-13 04:36:17'),(120,'confirm_payment','Payment was confirmed (amount $330.00) by %user_name%',0,30,NULL,'2023-11-19 00:36:17','2023-11-19 00:36:17'),(121,'create_shipment','Created shipment for order',0,30,NULL,'2023-11-19 00:36:17','2023-11-19 00:36:17'),(122,'create_order_from_seeder','Order is created from the checkout page',NULL,31,NULL,'2023-11-14 08:36:17','2023-11-14 08:36:17'),(123,'confirm_order','Order was verified by %user_name%',0,31,NULL,'2023-11-14 08:36:17','2023-11-14 08:36:17'),(124,'confirm_payment','Payment was confirmed (amount $222.00) by %user_name%',0,31,NULL,'2023-11-19 00:36:17','2023-11-19 00:36:17'),(125,'create_shipment','Created shipment for order',0,31,NULL,'2023-11-19 00:36:17','2023-11-19 00:36:17'),(126,'create_order_from_seeder','Order is created from the checkout page',NULL,32,NULL,'2023-11-14 12:36:17','2023-11-14 12:36:17'),(127,'confirm_order','Order was verified by %user_name%',0,32,NULL,'2023-11-14 12:36:17','2023-11-14 12:36:17'),(128,'create_shipment','Created shipment for order',0,32,NULL,'2023-11-19 00:36:17','2023-11-19 00:36:17'),(129,'create_order_from_seeder','Order is created from the checkout page',NULL,33,NULL,'2023-11-15 12:36:17','2023-11-15 12:36:17'),(130,'confirm_order','Order was verified by %user_name%',0,33,NULL,'2023-11-15 12:36:17','2023-11-15 12:36:17'),(131,'confirm_payment','Payment was confirmed (amount $372.00) by %user_name%',0,33,NULL,'2023-11-19 00:36:17','2023-11-19 00:36:17'),(132,'create_shipment','Created shipment for order',0,33,NULL,'2023-11-19 00:36:17','2023-11-19 00:36:17'),(133,'create_order_from_seeder','Order is created from the checkout page',NULL,34,NULL,'2023-11-18 14:36:17','2023-11-18 14:36:17'),(134,'confirm_order','Order was verified by %user_name%',0,34,NULL,'2023-11-18 14:36:17','2023-11-18 14:36:17'),(135,'confirm_payment','Payment was confirmed (amount $720.00) by %user_name%',0,34,NULL,'2023-11-19 00:36:17','2023-11-19 00:36:17'),(136,'create_shipment','Created shipment for order',0,34,NULL,'2023-11-19 00:36:17','2023-11-19 00:36:17'),(137,'update_status','Changed status of shipping to: Delivered. Updated by: %user_name%',0,34,NULL,'2023-11-19 00:36:17','2023-11-19 00:36:17'),(138,'create_order_from_seeder','Order is created from the checkout page',NULL,35,NULL,'2023-11-17 00:36:17','2023-11-17 00:36:17'),(139,'confirm_order','Order was verified by %user_name%',0,35,NULL,'2023-11-17 00:36:17','2023-11-17 00:36:17'),(140,'confirm_payment','Payment was confirmed (amount $374.00) by %user_name%',0,35,NULL,'2023-11-19 00:36:17','2023-11-19 00:36:17'),(141,'create_shipment','Created shipment for order',0,35,NULL,'2023-11-19 00:36:17','2023-11-19 00:36:17'),(142,'create_order_from_seeder','Order is created from the checkout page',NULL,36,NULL,'2023-11-17 16:36:17','2023-11-17 16:36:17'),(143,'confirm_order','Order was verified by %user_name%',0,36,NULL,'2023-11-17 16:36:17','2023-11-17 16:36:17'),(144,'confirm_payment','Payment was confirmed (amount $366.00) by %user_name%',0,36,NULL,'2023-11-19 00:36:17','2023-11-19 00:36:17'),(145,'create_shipment','Created shipment for order',0,36,NULL,'2023-11-19 00:36:17','2023-11-19 00:36:17'),(146,'create_order_from_seeder','Order is created from the checkout page',NULL,37,NULL,'2023-11-18 18:36:17','2023-11-18 18:36:17'),(147,'confirm_order','Order was verified by %user_name%',0,37,NULL,'2023-11-18 18:36:17','2023-11-18 18:36:17'),(148,'create_shipment','Created shipment for order',0,37,NULL,'2023-11-19 00:36:17','2023-11-19 00:36:17'),(149,'update_status','Changed status of shipping to: Delivered. Updated by: %user_name%',0,37,NULL,'2023-11-19 00:36:17','2023-11-19 00:36:17'),(150,'create_order_from_seeder','Order is created from the checkout page',NULL,38,NULL,'2023-11-18 06:36:17','2023-11-18 06:36:17'),(151,'confirm_order','Order was verified by %user_name%',0,38,NULL,'2023-11-18 06:36:17','2023-11-18 06:36:17'),(152,'confirm_payment','Payment was confirmed (amount $242.00) by %user_name%',0,38,NULL,'2023-11-19 00:36:17','2023-11-19 00:36:17'),(153,'create_shipment','Created shipment for order',0,38,NULL,'2023-11-19 00:36:17','2023-11-19 00:36:17'),(154,'update_status','Changed status of shipping to: Delivered. Updated by: %user_name%',0,38,NULL,'2023-11-19 00:36:17','2023-11-19 00:36:17'),(155,'create_order_from_seeder','Order is created from the checkout page',NULL,39,NULL,'2023-11-18 20:36:18','2023-11-18 20:36:18'),(156,'confirm_order','Order was verified by %user_name%',0,39,NULL,'2023-11-18 20:36:18','2023-11-18 20:36:18'),(157,'confirm_payment','Payment was confirmed (amount $236.00) by %user_name%',0,39,NULL,'2023-11-19 00:36:18','2023-11-19 00:36:18'),(158,'create_shipment','Created shipment for order',0,39,NULL,'2023-11-19 00:36:18','2023-11-19 00:36:18'),(159,'create_order_from_seeder','Order is created from the checkout page',NULL,40,NULL,'2023-11-17 16:36:18','2023-11-17 16:36:18'),(160,'confirm_order','Order was verified by %user_name%',0,40,NULL,'2023-11-17 16:36:18','2023-11-17 16:36:18'),(161,'confirm_payment','Payment was confirmed (amount $123.00) by %user_name%',0,40,NULL,'2023-11-19 00:36:18','2023-11-19 00:36:18'),(162,'update_status','Changed status of shipping to: . Updated by: %user_name%',0,40,NULL,'2023-11-19 00:36:18','2023-11-19 00:36:18'),(163,'create_order_from_seeder','Order is created from the checkout page',NULL,41,NULL,'2023-11-18 16:36:18','2023-11-18 16:36:18'),(164,'confirm_order','Order was verified by %user_name%',0,41,NULL,'2023-11-18 16:36:18','2023-11-18 16:36:18'),(165,'confirm_payment','Payment was confirmed (amount $376.00) by %user_name%',0,41,NULL,'2023-11-19 00:36:18','2023-11-19 00:36:18'),(166,'create_shipment','Created shipment for order',0,41,NULL,'2023-11-19 00:36:18','2023-11-19 00:36:18'),(167,'create_order_from_seeder','Order is created from the checkout page',NULL,42,NULL,'2023-11-18 12:36:18','2023-11-18 12:36:18'),(168,'confirm_order','Order was verified by %user_name%',0,42,NULL,'2023-11-18 12:36:18','2023-11-18 12:36:18'),(169,'create_shipment','Created shipment for order',0,42,NULL,'2023-11-19 00:36:18','2023-11-19 00:36:18'),(170,'update_status','Changed status of shipping to: Delivered. Updated by: %user_name%',0,42,NULL,'2023-11-19 00:36:18','2023-11-19 00:36:18'),(171,'update_status','Order confirmed by %user_name%',0,4,NULL,'2023-11-19 00:36:18','2023-11-19 00:36:18'),(172,'update_status','Order confirmed by %user_name%',0,9,NULL,'2023-11-19 00:36:18','2023-11-19 00:36:18'),(173,'update_status','Order confirmed by %user_name%',0,23,NULL,'2023-11-19 00:36:19','2023-11-19 00:36:19'),(174,'update_status','Order confirmed by %user_name%',0,24,NULL,'2023-11-19 00:36:19','2023-11-19 00:36:19'),(175,'update_status','Order confirmed by %user_name%',0,25,NULL,'2023-11-19 00:36:20','2023-11-19 00:36:20'),(176,'update_status','Order confirmed by %user_name%',0,26,NULL,'2023-11-19 00:36:20','2023-11-19 00:36:20'),(177,'update_status','Order confirmed by %user_name%',0,29,NULL,'2023-11-19 00:36:21','2023-11-19 00:36:21'),(178,'update_status','Order confirmed by %user_name%',0,34,NULL,'2023-11-19 00:36:21','2023-11-19 00:36:21'),(179,'update_status','Order confirmed by %user_name%',0,38,NULL,'2023-11-19 00:36:22','2023-11-19 00:36:22');
/*!40000 ALTER TABLE `ec_order_histories` ENABLE KEYS */;
UNLOCK TABLES;

--
-- Table structure for table `ec_order_product`
--

DROP TABLE IF EXISTS `ec_order_product`;
/*!40101 SET @saved_cs_client     = @@character_set_client */;
/*!50503 SET character_set_client = utf8mb4 */;
CREATE TABLE `ec_order_product` (
  `id` bigint unsigned NOT NULL AUTO_INCREMENT,
  `order_id` bigint unsigned NOT NULL,
  `qty` int NOT NULL,
  `price` decimal(15,2) NOT NULL,
  `tax_amount` decimal(15,2) NOT NULL,
  `options` text COLLATE utf8mb4_unicode_ci,
  `product_options` text COLLATE utf8mb4_unicode_ci COMMENT 'product option data',
  `product_id` bigint unsigned DEFAULT NULL,
  `product_name` varchar(191) COLLATE utf8mb4_unicode_ci NOT NULL,
  `product_image` varchar(255) COLLATE utf8mb4_unicode_ci DEFAULT NULL,
  `weight` double(8,2) DEFAULT '0.00',
  `restock_quantity` int unsigned DEFAULT '0',
  `created_at` timestamp NULL DEFAULT NULL,
  `updated_at` timestamp NULL DEFAULT NULL,
  `product_type` varchar(60) COLLATE utf8mb4_unicode_ci NOT NULL DEFAULT 'physical',
  `times_downloaded` int NOT NULL DEFAULT '0',
  `license_code` char(36) COLLATE utf8mb4_unicode_ci DEFAULT NULL,
  PRIMARY KEY (`id`)
) ENGINE=InnoDB AUTO_INCREMENT=63 DEFAULT CHARSET=utf8mb4 COLLATE=utf8mb4_unicode_ci;
/*!40101 SET character_set_client = @saved_cs_client */;

--
-- Dumping data for table `ec_order_product`
--

LOCK TABLES `ec_order_product` WRITE;
/*!40000 ALTER TABLE `ec_order_product` DISABLE KEYS */;
INSERT INTO `ec_order_product` VALUES (1,1,2,118.00,0.00,'[]',NULL,69,'Simply Lemonade with Raspberry Juice','products/19.jpg',1292.00,0,'2023-11-19 00:36:15','2023-11-19 00:36:15','physical',0,NULL),(2,1,2,111.00,0.00,'[]',NULL,72,'Perdue Simply Smart Organics Gluten Free','products/20-1.jpg',1206.00,0,'2023-11-19 00:36:15','2023-11-19 00:36:15','physical',0,NULL),(3,1,1,124.00,0.00,'[]',NULL,75,'Organic Cage-Free Grade A Large Brown Eggs','products/22.jpg',595.00,0,'2023-11-19 00:36:15','2023-11-19 00:36:15','physical',0,NULL),(4,2,1,259.00,0.00,'[]',NULL,25,'Seeds of Change Organic Quinoe (Digital)','products/1.jpg',749.00,0,'2023-11-19 00:36:15','2023-11-19 00:36:15','digital',4,NULL),(5,2,1,112.00,0.00,'[]',NULL,49,'Nestle Original Coffee-Mate Coffee Creamer','products/11.jpg',850.00,0,'2023-11-19 00:36:15','2023-11-19 00:36:15','physical',0,NULL),(6,3,3,53.00,0.00,'[]',NULL,32,'Chobani Complete Vanilla Greek','products/6.jpg',1581.00,0,'2023-11-19 00:36:15','2023-11-19 00:36:15','physical',0,NULL),(7,3,3,122.00,0.00,'[]',NULL,51,'Naturally Flavored Cinnamon Vanilla Light Roast Coffee','products/12.jpg',1533.00,0,'2023-11-19 00:36:15','2023-11-19 00:36:15','physical',0,NULL),(8,4,1,229.00,0.00,'[]',NULL,27,'Angie’s Boomchickapop Sweet & Salty Kettle Corn','products/3.jpg',841.00,0,'2023-11-19 00:36:15','2023-11-19 00:36:15','physical',0,NULL),(9,5,2,386.00,0.00,'[]',NULL,45,'Haagen-Dazs Caramel Cone Ice Cream','products/10-1.jpg',1090.00,0,'2023-11-19 00:36:16','2023-11-19 00:36:16','physical',0,NULL),(10,6,2,112.00,0.00,'[]',NULL,50,'Nestle Original Coffee-Mate Coffee Creamer','products/11.jpg',1700.00,0,'2023-11-19 00:36:16','2023-11-19 00:36:16','physical',0,NULL),(11,6,3,126.00,0.00,'[]',NULL,82,'Colorful Banana','products/23.jpg',2496.00,0,'2023-11-19 00:36:16','2023-11-19 00:36:16','physical',0,NULL),(12,7,2,265.00,0.00,'[]',NULL,26,'All Natural Italian-Style Chicken Meatballs','products/2.jpg',1118.00,0,'2023-11-19 00:36:16','2023-11-19 00:36:16','physical',0,NULL),(13,7,1,112.00,0.00,'[]',NULL,46,'Nestle Original Coffee-Mate Coffee Creamer','products/11.jpg',850.00,0,'2023-11-19 00:36:16','2023-11-19 00:36:16','physical',0,NULL),(14,7,3,112.00,0.00,'[]',NULL,49,'Nestle Original Coffee-Mate Coffee Creamer','products/11.jpg',2550.00,0,'2023-11-19 00:36:16','2023-11-19 00:36:16','physical',0,NULL),(15,8,2,110.00,0.00,'[]',NULL,53,'Pepperidge Farm Farmhouse Hearty White Bread (Digital)','products/13.jpg',1432.00,0,'2023-11-19 00:36:16','2023-11-19 00:36:16','digital',1,NULL),(16,9,2,229.00,0.00,'[]',NULL,27,'Angie’s Boomchickapop Sweet & Salty Kettle Corn','products/3.jpg',1682.00,0,'2023-11-19 00:36:16','2023-11-19 00:36:16','physical',0,NULL),(17,10,1,122.00,0.00,'[]',NULL,37,'Canada Dry Ginger Ale – 2 L Bottle','products/7.jpg',539.00,0,'2023-11-19 00:36:16','2023-11-19 00:36:16','physical',0,NULL),(18,11,3,122.00,0.00,'[]',NULL,51,'Naturally Flavored Cinnamon Vanilla Light Roast Coffee','products/12.jpg',1533.00,0,'2023-11-19 00:36:16','2023-11-19 00:36:16','physical',0,NULL),(19,11,3,110.00,0.00,'[]',NULL,54,'Pepperidge Farm Farmhouse Hearty White Bread (Digital)','products/13-1.jpg',2148.00,0,'2023-11-19 00:36:16','2023-11-19 00:36:16','digital',4,NULL),(20,12,2,122.00,0.00,'[]',NULL,39,'Canada Dry Ginger Ale – 2 L Bottle','products/7.jpg',1078.00,0,'2023-11-19 00:36:16','2023-11-19 00:36:16','physical',0,NULL),(21,12,1,112.00,0.00,'[]',NULL,49,'Nestle Original Coffee-Mate Coffee Creamer','products/11.jpg',850.00,0,'2023-11-19 00:36:16','2023-11-19 00:36:16','physical',0,NULL),(22,13,2,110.00,0.00,'[]',NULL,56,'Organic Frozen Triple Berry Blend','products/14.jpg',1270.00,0,'2023-11-19 00:36:16','2023-11-19 00:36:16','physical',0,NULL),(23,14,3,126.00,0.00,'[]',NULL,65,'Angie’s Boomchickapop Sweet & Salty Kettle Corn (Digital)','products/17.jpg',1776.00,0,'2023-11-19 00:36:16','2023-11-19 00:36:16','digital',8,NULL),(24,15,3,126.00,0.00,'[]',NULL,82,'Colorful Banana','products/23.jpg',2496.00,0,'2023-11-19 00:36:16','2023-11-19 00:36:16','physical',0,NULL),(25,16,1,110.00,0.00,'[]',NULL,53,'Pepperidge Farm Farmhouse Hearty White Bread (Digital)','products/13.jpg',716.00,0,'2023-11-19 00:36:16','2023-11-19 00:36:16','digital',2,NULL),(26,16,1,110.00,0.00,'[]',NULL,55,'Pepperidge Farm Farmhouse Hearty White Bread (Digital)','products/13.jpg',716.00,0,'2023-11-19 00:36:16','2023-11-19 00:36:16','digital',9,NULL),(27,16,3,111.00,0.00,'[]',NULL,72,'Perdue Simply Smart Organics Gluten Free','products/20-1.jpg',1809.00,0,'2023-11-19 00:36:16','2023-11-19 00:36:16','physical',0,NULL),(28,17,1,110.00,0.00,'[]',NULL,57,'Organic Frozen Triple Berry Blend','products/14-1.jpg',635.00,0,'2023-11-19 00:36:16','2023-11-19 00:36:16','physical',0,NULL),(29,18,1,124.00,0.00,'[]',NULL,75,'Organic Cage-Free Grade A Large Brown Eggs','products/22.jpg',595.00,0,'2023-11-19 00:36:16','2023-11-19 00:36:16','physical',0,NULL),(30,19,3,110.00,0.00,'[]',NULL,58,'Organic Frozen Triple Berry Blend','products/14.jpg',1905.00,0,'2023-11-19 00:36:16','2023-11-19 00:36:16','physical',0,NULL),(31,20,2,124.00,0.00,'[]',NULL,76,'Organic Cage-Free Grade A Large Brown Eggs','products/22-1.jpg',1190.00,0,'2023-11-19 00:36:16','2023-11-19 00:36:16','physical',0,NULL),(32,21,1,126.00,0.00,'[]',NULL,81,'Colorful Banana','products/23-1.jpg',832.00,0,'2023-11-19 00:36:16','2023-11-19 00:36:16','physical',0,NULL),(33,22,2,229.00,0.00,'[]',NULL,27,'Angie’s Boomchickapop Sweet & Salty Kettle Corn','products/3.jpg',1682.00,0,'2023-11-19 00:36:17','2023-11-19 00:36:17','physical',0,NULL),(34,23,2,122.00,0.00,'[]',NULL,36,'Canada Dry Ginger Ale – 2 L Bottle','products/7-1.jpg',1078.00,0,'2023-11-19 00:36:17','2023-11-19 00:36:17','physical',0,NULL),(35,24,2,122.00,0.00,'[]',NULL,52,'Naturally Flavored Cinnamon Vanilla Light Roast Coffee','products/12-1.jpg',1022.00,0,'2023-11-19 00:36:17','2023-11-19 00:36:17','physical',0,NULL),(36,24,2,124.00,0.00,'[]',NULL,75,'Organic Cage-Free Grade A Large Brown Eggs','products/22.jpg',1190.00,0,'2023-11-19 00:36:17','2023-11-19 00:36:17','physical',0,NULL),(37,25,3,115.00,0.00,'[]',NULL,63,'Foster Farms Takeout Crispy Classic Buffalo Wings','products/16-1.jpg',2160.00,0,'2023-11-19 00:36:17','2023-11-19 00:36:17','physical',0,NULL),(38,26,2,126.00,0.00,'[]',NULL,83,'Colorful Banana','products/23.jpg',1664.00,0,'2023-11-19 00:36:17','2023-11-19 00:36:17','physical',0,NULL),(39,27,1,124.00,0.00,'[]',NULL,79,'Organic Cage-Free Grade A Large Brown Eggs','products/22.jpg',595.00,0,'2023-11-19 00:36:17','2023-11-19 00:36:17','physical',0,NULL),(40,28,1,126.00,0.00,'[]',NULL,82,'Colorful Banana','products/23.jpg',832.00,0,'2023-11-19 00:36:17','2023-11-19 00:36:17','physical',0,NULL),(41,29,3,265.00,0.00,'[]',NULL,26,'All Natural Italian-Style Chicken Meatballs','products/2.jpg',1677.00,0,'2023-11-19 00:36:17','2023-11-19 00:36:17','physical',0,NULL),(42,30,3,110.00,0.00,'[]',NULL,57,'Organic Frozen Triple Berry Blend','products/14-1.jpg',1905.00,0,'2023-11-19 00:36:17','2023-11-19 00:36:17','physical',0,NULL),(43,31,2,111.00,0.00,'[]',NULL,71,'Perdue Simply Smart Organics Gluten Free','products/20.jpg',1206.00,0,'2023-11-19 00:36:17','2023-11-19 00:36:17','physical',0,NULL),(44,32,3,259.00,0.00,'[]',NULL,25,'Seeds of Change Organic Quinoe (Digital)','products/1.jpg',2247.00,0,'2023-11-19 00:36:17','2023-11-19 00:36:17','digital',2,NULL),(45,32,1,126.00,0.00,'[]',NULL,80,'Colorful Banana','products/23.jpg',832.00,0,'2023-11-19 00:36:17','2023-11-19 00:36:17','physical',0,NULL),(46,33,3,124.00,0.00,'[]',NULL,76,'Organic Cage-Free Grade A Large Brown Eggs','products/22-1.jpg',1785.00,0,'2023-11-19 00:36:17','2023-11-19 00:36:17','physical',0,NULL),(47,34,2,53.00,0.00,'[]',NULL,34,'Chobani Complete Vanilla Greek','products/6.jpg',1054.00,0,'2023-11-19 00:36:17','2023-11-19 00:36:17','physical',0,NULL),(48,34,1,118.00,0.00,'[]',NULL,70,'Simply Lemonade with Raspberry Juice','products/19-1.jpg',646.00,0,'2023-11-19 00:36:17','2023-11-19 00:36:17','physical',0,NULL),(49,34,2,124.00,0.00,'[]',NULL,75,'Organic Cage-Free Grade A Large Brown Eggs','products/22.jpg',1190.00,0,'2023-11-19 00:36:17','2023-11-19 00:36:17','physical',0,NULL),(50,34,2,124.00,0.00,'[]',NULL,77,'Organic Cage-Free Grade A Large Brown Eggs','products/22.jpg',1190.00,0,'2023-11-19 00:36:17','2023-11-19 00:36:17','physical',0,NULL),(51,35,1,122.00,0.00,'[]',NULL,39,'Canada Dry Ginger Ale – 2 L Bottle','products/7.jpg',539.00,0,'2023-11-19 00:36:17','2023-11-19 00:36:17','physical',0,NULL),(52,35,2,126.00,0.00,'[]',NULL,81,'Colorful Banana','products/23-1.jpg',1664.00,0,'2023-11-19 00:36:17','2023-11-19 00:36:17','physical',0,NULL),(53,36,1,118.00,0.00,'[]',NULL,70,'Simply Lemonade with Raspberry Juice','products/19-1.jpg',646.00,0,'2023-11-19 00:36:17','2023-11-19 00:36:17','physical',0,NULL),(54,36,2,124.00,0.00,'[]',NULL,79,'Organic Cage-Free Grade A Large Brown Eggs','products/22.jpg',1190.00,0,'2023-11-19 00:36:17','2023-11-19 00:36:17','physical',0,NULL),(55,37,3,46.00,0.00,'[]',NULL,31,'Blue Diamond Almonds Lightly (Digital)','products/5.jpg',2589.00,0,'2023-11-19 00:36:17','2023-11-19 00:36:17','digital',0,NULL),(56,37,3,110.00,0.00,'[]',NULL,57,'Organic Frozen Triple Berry Blend','products/14-1.jpg',1905.00,0,'2023-11-19 00:36:17','2023-11-19 00:36:17','physical',0,NULL),(57,38,2,121.00,0.00,'[]',NULL,59,'Oroweat Country Buttermilk Bread','products/15.jpg',1428.00,0,'2023-11-19 00:36:17','2023-11-19 00:36:17','physical',0,NULL),(58,39,2,118.00,0.00,'[]',NULL,70,'Simply Lemonade with Raspberry Juice','products/19-1.jpg',1292.00,0,'2023-11-19 00:36:18','2023-11-19 00:36:18','physical',0,NULL),(59,40,1,123.00,0.00,'[]',NULL,74,'Chen Watermelon (Digital)','products/21-1.jpg',518.00,0,'2023-11-19 00:36:18','2023-11-19 00:36:18','digital',8,NULL),(60,41,1,46.00,0.00,'[]',NULL,29,'Blue Diamond Almonds Lightly (Digital)','products/5.jpg',863.00,0,'2023-11-19 00:36:18','2023-11-19 00:36:18','digital',0,NULL),(61,41,3,110.00,0.00,'[]',NULL,57,'Organic Frozen Triple Berry Blend','products/14-1.jpg',1905.00,0,'2023-11-19 00:36:18','2023-11-19 00:36:18','physical',0,NULL),(62,42,1,122.00,0.00,'[]',NULL,36,'Canada Dry Ginger Ale – 2 L Bottle','products/7-1.jpg',539.00,0,'2023-11-19 00:36:18','2023-11-19 00:36:18','physical',0,NULL);
/*!40000 ALTER TABLE `ec_order_product` ENABLE KEYS */;
UNLOCK TABLES;

--
-- Table structure for table `ec_order_referrals`
--

DROP TABLE IF EXISTS `ec_order_referrals`;
/*!40101 SET @saved_cs_client     = @@character_set_client */;
/*!50503 SET character_set_client = utf8mb4 */;
CREATE TABLE `ec_order_referrals` (
  `id` bigint unsigned NOT NULL AUTO_INCREMENT,
  `ip` varchar(39) COLLATE utf8mb4_unicode_ci DEFAULT NULL,
  `landing_domain` varchar(255) COLLATE utf8mb4_unicode_ci DEFAULT NULL,
  `landing_page` varchar(255) COLLATE utf8mb4_unicode_ci DEFAULT NULL,
  `landing_params` varchar(255) COLLATE utf8mb4_unicode_ci DEFAULT NULL,
  `referral` varchar(255) COLLATE utf8mb4_unicode_ci DEFAULT NULL,
  `gclid` varchar(255) COLLATE utf8mb4_unicode_ci DEFAULT NULL,
  `fclid` varchar(255) COLLATE utf8mb4_unicode_ci DEFAULT NULL,
  `utm_source` varchar(255) COLLATE utf8mb4_unicode_ci DEFAULT NULL,
  `utm_campaign` varchar(255) COLLATE utf8mb4_unicode_ci DEFAULT NULL,
  `utm_medium` varchar(255) COLLATE utf8mb4_unicode_ci DEFAULT NULL,
  `utm_term` varchar(255) COLLATE utf8mb4_unicode_ci DEFAULT NULL,
  `utm_content` varchar(255) COLLATE utf8mb4_unicode_ci DEFAULT NULL,
  `referrer_url` text COLLATE utf8mb4_unicode_ci,
  `referrer_domain` varchar(255) COLLATE utf8mb4_unicode_ci DEFAULT NULL,
  `order_id` bigint unsigned DEFAULT NULL,
  `created_at` timestamp NULL DEFAULT NULL,
  `updated_at` timestamp NULL DEFAULT NULL,
  PRIMARY KEY (`id`),
  KEY `ec_order_referrals_order_id_index` (`order_id`)
) ENGINE=InnoDB DEFAULT CHARSET=utf8mb4 COLLATE=utf8mb4_unicode_ci;
/*!40101 SET character_set_client = @saved_cs_client */;

--
-- Dumping data for table `ec_order_referrals`
--

LOCK TABLES `ec_order_referrals` WRITE;
/*!40000 ALTER TABLE `ec_order_referrals` DISABLE KEYS */;
/*!40000 ALTER TABLE `ec_order_referrals` ENABLE KEYS */;
UNLOCK TABLES;

--
-- Table structure for table `ec_order_return_items`
--

DROP TABLE IF EXISTS `ec_order_return_items`;
/*!40101 SET @saved_cs_client     = @@character_set_client */;
/*!50503 SET character_set_client = utf8mb4 */;
CREATE TABLE `ec_order_return_items` (
  `id` bigint unsigned NOT NULL AUTO_INCREMENT,
  `order_return_id` bigint unsigned NOT NULL COMMENT 'Order return ID',
  `order_product_id` bigint unsigned NOT NULL COMMENT 'Order product ID',
  `product_id` bigint unsigned NOT NULL COMMENT 'Product ID',
  `product_name` varchar(255) COLLATE utf8mb4_unicode_ci NOT NULL,
  `product_image` varchar(255) COLLATE utf8mb4_unicode_ci DEFAULT NULL,
  `qty` int NOT NULL COMMENT 'Quantity return',
  `price` decimal(15,2) NOT NULL COMMENT 'Price Product',
  `reason` text COLLATE utf8mb4_unicode_ci,
  `created_at` timestamp NULL DEFAULT NULL,
  `updated_at` timestamp NULL DEFAULT NULL,
  `refund_amount` decimal(12,2) DEFAULT '0.00',
  PRIMARY KEY (`id`)
) ENGINE=InnoDB DEFAULT CHARSET=utf8mb4 COLLATE=utf8mb4_unicode_ci;
/*!40101 SET character_set_client = @saved_cs_client */;

--
-- Dumping data for table `ec_order_return_items`
--

LOCK TABLES `ec_order_return_items` WRITE;
/*!40000 ALTER TABLE `ec_order_return_items` DISABLE KEYS */;
/*!40000 ALTER TABLE `ec_order_return_items` ENABLE KEYS */;
UNLOCK TABLES;

--
-- Table structure for table `ec_order_returns`
--

DROP TABLE IF EXISTS `ec_order_returns`;
/*!40101 SET @saved_cs_client     = @@character_set_client */;
/*!50503 SET character_set_client = utf8mb4 */;
CREATE TABLE `ec_order_returns` (
  `id` bigint unsigned NOT NULL AUTO_INCREMENT,
  `code` varchar(191) COLLATE utf8mb4_unicode_ci DEFAULT NULL,
  `order_id` bigint unsigned NOT NULL COMMENT 'Order ID',
  `store_id` bigint unsigned DEFAULT NULL COMMENT 'Store ID',
  `user_id` bigint unsigned NOT NULL COMMENT 'Customer ID',
  `reason` text COLLATE utf8mb4_unicode_ci COMMENT 'Reason return order',
  `order_status` varchar(255) COLLATE utf8mb4_unicode_ci DEFAULT NULL COMMENT 'Order current status',
  `return_status` varchar(255) COLLATE utf8mb4_unicode_ci NOT NULL COMMENT 'Return status',
  `created_at` timestamp NULL DEFAULT NULL,
  `updated_at` timestamp NULL DEFAULT NULL,
  PRIMARY KEY (`id`),
  UNIQUE KEY `ec_order_returns_code_unique` (`code`)
) ENGINE=InnoDB DEFAULT CHARSET=utf8mb4 COLLATE=utf8mb4_unicode_ci;
/*!40101 SET character_set_client = @saved_cs_client */;

--
-- Dumping data for table `ec_order_returns`
--

LOCK TABLES `ec_order_returns` WRITE;
/*!40000 ALTER TABLE `ec_order_returns` DISABLE KEYS */;
/*!40000 ALTER TABLE `ec_order_returns` ENABLE KEYS */;
UNLOCK TABLES;

--
-- Table structure for table `ec_order_tax_information`
--

DROP TABLE IF EXISTS `ec_order_tax_information`;
/*!40101 SET @saved_cs_client     = @@character_set_client */;
/*!50503 SET character_set_client = utf8mb4 */;
CREATE TABLE `ec_order_tax_information` (
  `id` bigint unsigned NOT NULL AUTO_INCREMENT,
  `order_id` bigint unsigned NOT NULL,
  `company_name` varchar(120) COLLATE utf8mb4_unicode_ci NOT NULL,
  `company_address` varchar(255) COLLATE utf8mb4_unicode_ci NOT NULL,
  `company_tax_code` varchar(20) COLLATE utf8mb4_unicode_ci NOT NULL,
  `company_email` varchar(60) COLLATE utf8mb4_unicode_ci NOT NULL,
  `created_at` timestamp NULL DEFAULT NULL,
  `updated_at` timestamp NULL DEFAULT NULL,
  PRIMARY KEY (`id`),
  KEY `ec_order_tax_information_order_id_index` (`order_id`)
) ENGINE=InnoDB DEFAULT CHARSET=utf8mb4 COLLATE=utf8mb4_unicode_ci;
/*!40101 SET character_set_client = @saved_cs_client */;

--
-- Dumping data for table `ec_order_tax_information`
--

LOCK TABLES `ec_order_tax_information` WRITE;
/*!40000 ALTER TABLE `ec_order_tax_information` DISABLE KEYS */;
/*!40000 ALTER TABLE `ec_order_tax_information` ENABLE KEYS */;
UNLOCK TABLES;

--
-- Table structure for table `ec_orders`
--

DROP TABLE IF EXISTS `ec_orders`;
/*!40101 SET @saved_cs_client     = @@character_set_client */;
/*!50503 SET character_set_client = utf8mb4 */;
CREATE TABLE `ec_orders` (
  `id` bigint unsigned NOT NULL AUTO_INCREMENT,
  `code` varchar(255) COLLATE utf8mb4_unicode_ci DEFAULT NULL,
  `user_id` bigint unsigned NOT NULL,
  `shipping_option` varchar(60) COLLATE utf8mb4_unicode_ci DEFAULT NULL,
  `shipping_method` varchar(60) COLLATE utf8mb4_unicode_ci NOT NULL DEFAULT 'default',
  `status` varchar(120) COLLATE utf8mb4_unicode_ci NOT NULL DEFAULT 'pending',
  `amount` decimal(15,2) NOT NULL,
  `tax_amount` decimal(15,2) DEFAULT NULL,
  `shipping_amount` decimal(15,2) DEFAULT NULL,
  `description` text COLLATE utf8mb4_unicode_ci,
  `coupon_code` varchar(120) COLLATE utf8mb4_unicode_ci DEFAULT NULL,
  `discount_amount` decimal(15,2) DEFAULT NULL,
  `sub_total` decimal(15,2) NOT NULL,
  `is_confirmed` tinyint(1) NOT NULL DEFAULT '0',
  `discount_description` varchar(255) COLLATE utf8mb4_unicode_ci DEFAULT NULL,
  `is_finished` tinyint(1) DEFAULT '0',
  `completed_at` timestamp NULL DEFAULT NULL,
  `token` varchar(120) COLLATE utf8mb4_unicode_ci DEFAULT NULL,
  `payment_id` bigint unsigned DEFAULT NULL,
  `created_at` timestamp NULL DEFAULT NULL,
  `updated_at` timestamp NULL DEFAULT NULL,
  `store_id` bigint unsigned DEFAULT NULL,
  PRIMARY KEY (`id`),
  UNIQUE KEY `ec_orders_code_unique` (`code`),
  KEY `ec_orders_user_id_status_created_at_index` (`user_id`,`status`,`created_at`)
) ENGINE=InnoDB AUTO_INCREMENT=43 DEFAULT CHARSET=utf8mb4 COLLATE=utf8mb4_unicode_ci;
/*!40101 SET character_set_client = @saved_cs_client */;

--
-- Dumping data for table `ec_orders`
--

LOCK TABLES `ec_orders` WRITE;
/*!40000 ALTER TABLE `ec_orders` DISABLE KEYS */;
INSERT INTO `ec_orders` VALUES (1,'#10000001',8,'1','default','pending',582.00,0.00,0.00,NULL,NULL,0.00,582.00,1,NULL,1,NULL,'jMCKcAlLWp5eu6Mufwg9NJOfel70u',1,'2023-11-02 08:36:15','2023-11-19 00:36:15',1),(2,'#10000002',1,'1','default','pending',371.00,0.00,0.00,NULL,NULL,0.00,371.00,1,NULL,1,NULL,'aAzMD7TQU6PI4B9yQqxc2yVOzlE3b',2,'2023-11-07 22:36:15','2023-11-19 00:36:15',2),(3,'#10000003',1,'1','default','pending',525.00,0.00,0.00,NULL,NULL,0.00,525.00,1,NULL,1,NULL,'ZolfC3CUkfpOc2PzihPVWqLICXPzs',3,'2023-11-09 12:36:15','2023-11-19 00:36:15',1),(4,'#10000004',3,'1','default','completed',229.00,0.00,0.00,NULL,NULL,0.00,229.00,1,NULL,1,'2023-11-19 00:36:18','WAJwO5EMeS60cb8t3IwwMsQUFXoED',4,'2023-11-04 00:36:15','2023-11-19 00:36:18',3),(5,'#10000005',3,'1','default','pending',772.00,0.00,0.00,NULL,NULL,0.00,772.00,1,NULL,1,NULL,'UI1oIiKQ7JQrKQGlcetUwfB5mAp9T',5,'2023-11-08 12:36:16','2023-11-19 00:36:16',1),(6,'#10000006',3,'1','default','pending',602.00,0.00,0.00,NULL,NULL,0.00,602.00,1,NULL,1,NULL,'fYAz1ct7ZcF81SOnAxs3hXeIaNlNS',6,'2023-11-04 00:36:16','2023-11-19 00:36:16',2),(7,'#10000007',3,'1','default','pending',978.00,0.00,0.00,NULL,NULL,0.00,978.00,1,NULL,1,NULL,'CwijUtls2Ynkb1cyg0NUovBMOopWB',7,'2023-11-09 02:36:16','2023-11-19 00:36:16',2),(8,'#10000008',3,NULL,'','pending',220.00,0.00,0.00,NULL,NULL,0.00,220.00,1,NULL,1,NULL,'tUoOss37NoCahkItEVxFFuxxIdxkq',8,'2023-11-13 08:36:16','2023-11-19 00:36:16',1),(9,'#10000009',1,'1','default','completed',458.00,0.00,0.00,NULL,NULL,0.00,458.00,1,NULL,1,'2023-11-19 00:36:18','AXrRkYRdJTD0O2vslr8HD7eyTVPBX',9,'2023-11-12 08:36:16','2023-11-19 00:36:18',3),(10,'#10000010',1,'1','default','pending',122.00,0.00,0.00,NULL,NULL,0.00,122.00,1,NULL,1,NULL,'Emh372I1jn3QCGP20kouRaXxRqoaC',10,'2023-11-12 08:36:16','2023-11-19 00:36:16',2),(11,'#10000011',1,'1','default','completed',696.00,0.00,0.00,NULL,NULL,0.00,696.00,1,NULL,1,'2023-11-19 00:36:16','kfxUVbj9owQH06WHntLy5b62MICmA',11,'2023-11-13 16:36:16','2023-11-19 00:36:16',1),(12,'#10000012',3,'1','default','pending',356.00,0.00,0.00,NULL,NULL,0.00,356.00,1,NULL,1,NULL,'suk7NdukdgZQxLqqg9AXoYrFacRL5',12,'2023-11-12 18:36:16','2023-11-19 00:36:16',2),(13,'#10000013',9,'1','default','pending',220.00,0.00,0.00,NULL,NULL,0.00,220.00,1,NULL,1,NULL,'d34BK4eT35ZxGAPaIzzaCJD7pQIAL',13,'2023-11-15 12:36:16','2023-11-19 00:36:16',3),(14,'#10000014',9,NULL,'','completed',378.00,0.00,0.00,NULL,NULL,0.00,378.00,1,NULL,1,'2023-11-19 00:36:16','pxrQg7MSCvBHsdUR6bHwgWbgpmdhY',14,'2023-11-17 20:36:16','2023-11-19 00:36:16',1),(15,'#10000015',9,'1','default','pending',378.00,0.00,0.00,NULL,NULL,0.00,378.00,1,NULL,1,NULL,'gi86OttDMOpoz2tCsA1XhWRASIyKi',15,'2023-11-17 20:36:16','2023-11-19 00:36:16',2),(16,'#10000016',4,'1','default','completed',553.00,0.00,0.00,NULL,NULL,0.00,553.00,1,NULL,1,'2023-11-19 00:36:16','i47GLzyfdnwPawc50PwwNM4B2rnFI',16,'2023-11-15 18:36:16','2023-11-19 00:36:16',1),(17,'#10000017',3,'1','default','completed',110.00,0.00,0.00,NULL,NULL,0.00,110.00,1,NULL,1,'2023-11-19 00:36:16','0KkIyXzlLYMq2UHAftGgM57AsoXRT',17,'2023-11-11 00:36:16','2023-11-19 00:36:16',3),(18,'#10000018',3,'1','default','completed',124.00,0.00,0.00,NULL,NULL,0.00,124.00,1,NULL,1,'2023-11-19 00:36:16','knjQYlu9HaltV4DM2IoupOJpubkIO',18,'2023-11-15 00:36:16','2023-11-19 00:36:16',1),(19,'#10000019',9,'1','default','pending',330.00,0.00,0.00,NULL,NULL,0.00,330.00,1,NULL,1,NULL,'1kZlYoDesjqmHuuJS9rJtA5DZWxJs',19,'2023-11-14 10:36:16','2023-11-19 00:36:16',3),(20,'#10000020',9,'1','default','completed',248.00,0.00,0.00,NULL,NULL,0.00,248.00,1,NULL,1,'2023-11-19 00:36:16','FhmeKfzEwE7ZajQA5u9RSSKQlALUI',20,'2023-11-15 08:36:16','2023-11-19 00:36:16',1),(21,'#10000021',9,'1','default','pending',126.00,0.00,0.00,NULL,NULL,0.00,126.00,1,NULL,1,NULL,'yEb7TlYPtibaYmKqFxVWMvjylknkb',21,'2023-11-16 06:36:16','2023-11-19 00:36:16',2),(22,'#10000022',10,'1','default','completed',458.00,0.00,0.00,NULL,NULL,0.00,458.00,1,NULL,1,'2023-11-19 00:36:17','Cvqn7xQjHcQXExiM6juxglOt1kP4N',22,'2023-11-10 16:36:17','2023-11-19 00:36:17',3),(23,'#10000023',10,'1','default','completed',244.00,0.00,0.00,NULL,NULL,0.00,244.00,1,NULL,1,'2023-11-19 00:36:19','UgkYGe1EqZO8jCwoc8IZzIPxuJcM3',23,'2023-11-11 12:36:17','2023-11-19 00:36:19',2),(24,'#10000024',10,'1','default','completed',492.00,0.00,0.00,NULL,NULL,0.00,492.00,1,NULL,1,'2023-11-19 00:36:19','ATNsAXGK55cOTVWkajh8DKdcnPd2E',24,'2023-11-11 12:36:17','2023-11-19 00:36:19',1),(25,'#10000025',7,'1','default','completed',345.00,0.00,0.00,NULL,NULL,0.00,345.00,1,NULL,1,'2023-11-19 00:36:20','NFqsKmMi0wRWLaZhuGYM6IfH4wQuC',25,'2023-11-16 00:36:17','2023-11-19 00:36:20',3),(26,'#10000026',7,'1','default','completed',252.00,0.00,0.00,NULL,NULL,0.00,252.00,1,NULL,1,'2023-11-19 00:36:20','QlCdyaFGjjRldCH781gdXQndlvu5q',26,'2023-11-13 18:36:17','2023-11-19 00:36:20',2),(27,'#10000027',9,'1','default','pending',124.00,0.00,0.00,NULL,NULL,0.00,124.00,1,NULL,1,NULL,'tN1cm2V38RIIoLTcaKPrgzIyb9rUk',27,'2023-11-15 00:36:17','2023-11-19 00:36:17',1),(28,'#10000028',9,'1','default','pending',126.00,0.00,0.00,NULL,NULL,0.00,126.00,1,NULL,1,NULL,'pP4x0z0I2oTinnBzZwxwucMFk9AbM',28,'2023-11-15 16:36:17','2023-11-19 00:36:17',2),(29,'#10000029',7,'1','default','completed',795.00,0.00,0.00,NULL,NULL,0.00,795.00,1,NULL,1,'2023-11-19 00:36:21','WV84D1IJzfmEOf9BU1dnBsiCwgyxq',29,'2023-11-18 10:36:17','2023-11-19 00:36:21',2),(30,'#10000030',7,'1','default','pending',330.00,0.00,0.00,NULL,NULL,0.00,330.00,1,NULL,1,NULL,'iH4ZCRo6GSmhvsmUXKSzVu3rquiBo',30,'2023-11-13 04:36:17','2023-11-19 00:36:17',3),(31,'#10000031',7,'1','default','pending',222.00,0.00,0.00,NULL,NULL,0.00,222.00,1,NULL,1,NULL,'mWU7AZgiTsvg7pebBXgFl6dc8uTot',31,'2023-11-14 08:36:17','2023-11-19 00:36:17',1),(32,'#10000032',3,'1','default','pending',903.00,0.00,0.00,NULL,NULL,0.00,903.00,1,NULL,1,NULL,'URaQp0c0ZHXCuRUfmcrT0OHqJpNoU',32,'2023-11-14 12:36:17','2023-11-19 00:36:17',2),(33,'#10000033',3,'1','default','pending',372.00,0.00,0.00,NULL,NULL,0.00,372.00,1,NULL,1,NULL,'4KNzNiKgExmxbYVGuUBjqSKjxsuOV',33,'2023-11-15 12:36:17','2023-11-19 00:36:17',1),(34,'#10000034',8,'1','default','completed',720.00,0.00,0.00,NULL,NULL,0.00,720.00,1,NULL,1,'2023-11-19 00:36:21','9dgmfoc7i7aIArrhy2UleShTUV7Mu',34,'2023-11-18 14:36:17','2023-11-19 00:36:21',1),(35,'#10000035',10,'1','default','pending',374.00,0.00,0.00,NULL,NULL,0.00,374.00,1,NULL,1,NULL,'pJbCJ5oNGxNuMbMrIIaZZEbig9My5',35,'2023-11-17 00:36:17','2023-11-19 00:36:17',2),(36,'#10000036',10,'1','default','pending',366.00,0.00,0.00,NULL,NULL,0.00,366.00,1,NULL,1,NULL,'lCJK3CPXG5oM6DlmpFUAgcoEQ7Atb',36,'2023-11-17 16:36:17','2023-11-19 00:36:17',1),(37,'#10000037',7,'1','default','completed',468.00,0.00,0.00,NULL,NULL,0.00,468.00,1,NULL,1,'2023-11-19 00:36:17','sNrv8Zc0EeNN63Ztl9EPnsthXCflB',37,'2023-11-18 18:36:17','2023-11-19 00:36:17',3),(38,'#10000038',7,'1','default','completed',242.00,0.00,0.00,NULL,NULL,0.00,242.00,1,NULL,1,'2023-11-19 00:36:22','Xj6eMZBxAoY99emKBzjDYsFVQjKGe',38,'2023-11-18 06:36:17','2023-11-19 00:36:22',1),(39,'#10000039',4,'1','default','pending',236.00,0.00,0.00,NULL,NULL,0.00,236.00,1,NULL,1,NULL,'16n0xKYPklrqO3FjPslVFrTJ8dHr7',39,'2023-11-18 20:36:18','2023-11-19 00:36:18',1),(40,'#10000040',4,NULL,'','completed',123.00,0.00,0.00,NULL,NULL,0.00,123.00,1,NULL,1,'2023-11-19 00:36:18','9juWxX1PZj1ORkdG9SEQ7GXmNX0si',40,'2023-11-17 16:36:18','2023-11-19 00:36:18',2),(41,'#10000041',8,'1','default','pending',376.00,0.00,0.00,NULL,NULL,0.00,376.00,1,NULL,1,NULL,'lJjM2bZgQSzKk3mK5LcLcJsHeL7US',41,'2023-11-18 16:36:18','2023-11-19 00:36:18',3),(42,'#10000042',8,'1','default','completed',122.00,0.00,0.00,NULL,NULL,0.00,122.00,1,NULL,1,'2023-11-19 00:36:18','oTwt2A3qkZ90YUfGHiiFGdS6fz3Dz',42,'2023-11-18 12:36:18','2023-11-19 00:36:18',2);
/*!40000 ALTER TABLE `ec_orders` ENABLE KEYS */;
UNLOCK TABLES;

--
-- Table structure for table `ec_product_attribute_sets`
--

DROP TABLE IF EXISTS `ec_product_attribute_sets`;
/*!40101 SET @saved_cs_client     = @@character_set_client */;
/*!50503 SET character_set_client = utf8mb4 */;
CREATE TABLE `ec_product_attribute_sets` (
  `id` bigint unsigned NOT NULL AUTO_INCREMENT,
  `title` varchar(120) COLLATE utf8mb4_unicode_ci NOT NULL,
  `slug` varchar(120) COLLATE utf8mb4_unicode_ci DEFAULT NULL,
  `display_layout` varchar(191) COLLATE utf8mb4_unicode_ci NOT NULL DEFAULT 'swatch_dropdown',
  `is_searchable` tinyint unsigned NOT NULL DEFAULT '1',
  `is_comparable` tinyint unsigned NOT NULL DEFAULT '1',
  `is_use_in_product_listing` tinyint unsigned NOT NULL DEFAULT '0',
  `status` varchar(60) COLLATE utf8mb4_unicode_ci NOT NULL DEFAULT 'published',
  `order` tinyint unsigned NOT NULL DEFAULT '0',
  `created_at` timestamp NULL DEFAULT NULL,
  `updated_at` timestamp NULL DEFAULT NULL,
  `use_image_from_product_variation` tinyint unsigned NOT NULL DEFAULT '0',
  PRIMARY KEY (`id`)
) ENGINE=InnoDB AUTO_INCREMENT=3 DEFAULT CHARSET=utf8mb4 COLLATE=utf8mb4_unicode_ci;
/*!40101 SET character_set_client = @saved_cs_client */;

--
-- Dumping data for table `ec_product_attribute_sets`
--

LOCK TABLES `ec_product_attribute_sets` WRITE;
/*!40000 ALTER TABLE `ec_product_attribute_sets` DISABLE KEYS */;
INSERT INTO `ec_product_attribute_sets` VALUES (1,'Weight','weight','text',1,1,1,'published',0,'2023-11-19 00:35:56','2023-11-19 00:35:56',0),(2,'Boxes','boxes','text',1,1,1,'published',1,'2023-11-19 00:35:56','2023-11-19 00:35:56',0);
/*!40000 ALTER TABLE `ec_product_attribute_sets` ENABLE KEYS */;
UNLOCK TABLES;

--
-- Table structure for table `ec_product_attribute_sets_translations`
--

DROP TABLE IF EXISTS `ec_product_attribute_sets_translations`;
/*!40101 SET @saved_cs_client     = @@character_set_client */;
/*!50503 SET character_set_client = utf8mb4 */;
CREATE TABLE `ec_product_attribute_sets_translations` (
  `lang_code` varchar(20) COLLATE utf8mb4_unicode_ci NOT NULL,
  `ec_product_attribute_sets_id` bigint unsigned NOT NULL,
  `title` varchar(255) COLLATE utf8mb4_unicode_ci DEFAULT NULL,
  PRIMARY KEY (`lang_code`,`ec_product_attribute_sets_id`)
) ENGINE=InnoDB DEFAULT CHARSET=utf8mb4 COLLATE=utf8mb4_unicode_ci;
/*!40101 SET character_set_client = @saved_cs_client */;

--
-- Dumping data for table `ec_product_attribute_sets_translations`
--

LOCK TABLES `ec_product_attribute_sets_translations` WRITE;
/*!40000 ALTER TABLE `ec_product_attribute_sets_translations` DISABLE KEYS */;
/*!40000 ALTER TABLE `ec_product_attribute_sets_translations` ENABLE KEYS */;
UNLOCK TABLES;

--
-- Table structure for table `ec_product_attributes`
--

DROP TABLE IF EXISTS `ec_product_attributes`;
/*!40101 SET @saved_cs_client     = @@character_set_client */;
/*!50503 SET character_set_client = utf8mb4 */;
CREATE TABLE `ec_product_attributes` (
  `id` bigint unsigned NOT NULL AUTO_INCREMENT,
  `attribute_set_id` bigint unsigned NOT NULL,
  `title` varchar(120) COLLATE utf8mb4_unicode_ci NOT NULL,
  `slug` varchar(120) COLLATE utf8mb4_unicode_ci DEFAULT NULL,
  `color` varchar(50) COLLATE utf8mb4_unicode_ci DEFAULT NULL,
  `image` varchar(191) COLLATE utf8mb4_unicode_ci DEFAULT NULL,
  `is_default` tinyint unsigned NOT NULL DEFAULT '0',
  `order` tinyint unsigned NOT NULL DEFAULT '0',
  `created_at` timestamp NULL DEFAULT NULL,
  `updated_at` timestamp NULL DEFAULT NULL,
  PRIMARY KEY (`id`),
  KEY `attribute_set_status_index` (`attribute_set_id`)
) ENGINE=InnoDB AUTO_INCREMENT=11 DEFAULT CHARSET=utf8mb4 COLLATE=utf8mb4_unicode_ci;
/*!40101 SET character_set_client = @saved_cs_client */;

--
-- Dumping data for table `ec_product_attributes`
--

LOCK TABLES `ec_product_attributes` WRITE;
/*!40000 ALTER TABLE `ec_product_attributes` DISABLE KEYS */;
INSERT INTO `ec_product_attributes` VALUES (1,1,'1KG','1kg',NULL,NULL,1,1,'2023-11-19 00:35:56','2023-11-19 00:35:56'),(2,1,'2KG','2kg',NULL,NULL,0,2,'2023-11-19 00:35:56','2023-11-19 00:35:56'),(3,1,'3KG','3kg',NULL,NULL,0,3,'2023-11-19 00:35:56','2023-11-19 00:35:56'),(4,1,'4KG','4kg',NULL,NULL,0,4,'2023-11-19 00:35:56','2023-11-19 00:35:56'),(5,1,'5KG','5kg',NULL,NULL,0,5,'2023-11-19 00:35:56','2023-11-19 00:35:56'),(6,2,'1 Box','1box',NULL,NULL,1,1,'2023-11-19 00:35:56','2023-11-19 00:35:56'),(7,2,'2 Boxes','2boxes',NULL,NULL,0,2,'2023-11-19 00:35:56','2023-11-19 00:35:56'),(8,2,'3 Boxes','3boxes',NULL,NULL,0,3,'2023-11-19 00:35:56','2023-11-19 00:35:56'),(9,2,'4 Boxes','4boxes',NULL,NULL,0,4,'2023-11-19 00:35:56','2023-11-19 00:35:56'),(10,2,'5 Boxes','5boxes',NULL,NULL,0,5,'2023-11-19 00:35:56','2023-11-19 00:35:56');
/*!40000 ALTER TABLE `ec_product_attributes` ENABLE KEYS */;
UNLOCK TABLES;

--
-- Table structure for table `ec_product_attributes_translations`
--

DROP TABLE IF EXISTS `ec_product_attributes_translations`;
/*!40101 SET @saved_cs_client     = @@character_set_client */;
/*!50503 SET character_set_client = utf8mb4 */;
CREATE TABLE `ec_product_attributes_translations` (
  `lang_code` varchar(20) COLLATE utf8mb4_unicode_ci NOT NULL,
  `ec_product_attributes_id` bigint unsigned NOT NULL,
  `title` varchar(255) COLLATE utf8mb4_unicode_ci DEFAULT NULL,
  PRIMARY KEY (`lang_code`,`ec_product_attributes_id`)
) ENGINE=InnoDB DEFAULT CHARSET=utf8mb4 COLLATE=utf8mb4_unicode_ci;
/*!40101 SET character_set_client = @saved_cs_client */;

--
-- Dumping data for table `ec_product_attributes_translations`
--

LOCK TABLES `ec_product_attributes_translations` WRITE;
/*!40000 ALTER TABLE `ec_product_attributes_translations` DISABLE KEYS */;
/*!40000 ALTER TABLE `ec_product_attributes_translations` ENABLE KEYS */;
UNLOCK TABLES;

--
-- Table structure for table `ec_product_categories`
--

DROP TABLE IF EXISTS `ec_product_categories`;
/*!40101 SET @saved_cs_client     = @@character_set_client */;
/*!50503 SET character_set_client = utf8mb4 */;
CREATE TABLE `ec_product_categories` (
  `id` bigint unsigned NOT NULL AUTO_INCREMENT,
  `name` varchar(255) COLLATE utf8mb4_unicode_ci NOT NULL,
  `parent_id` bigint unsigned NOT NULL DEFAULT '0',
  `description` mediumtext COLLATE utf8mb4_unicode_ci,
  `status` varchar(60) COLLATE utf8mb4_unicode_ci NOT NULL DEFAULT 'published',
  `order` int unsigned NOT NULL DEFAULT '0',
  `image` varchar(255) COLLATE utf8mb4_unicode_ci DEFAULT NULL,
  `is_featured` tinyint unsigned NOT NULL DEFAULT '0',
  `created_at` timestamp NULL DEFAULT NULL,
  `updated_at` timestamp NULL DEFAULT NULL,
  `icon` varchar(191) COLLATE utf8mb4_unicode_ci DEFAULT NULL,
  `icon_image` varchar(191) COLLATE utf8mb4_unicode_ci DEFAULT NULL,
  PRIMARY KEY (`id`),
  KEY `ec_product_categories_parent_id_status_created_at_index` (`parent_id`,`status`,`created_at`),
  KEY `ec_product_categories_parent_id_status_index` (`parent_id`,`status`)
) ENGINE=InnoDB AUTO_INCREMENT=15 DEFAULT CHARSET=utf8mb4 COLLATE=utf8mb4_unicode_ci;
/*!40101 SET character_set_client = @saved_cs_client */;

--
-- Dumping data for table `ec_product_categories`
--

LOCK TABLES `ec_product_categories` WRITE;
/*!40000 ALTER TABLE `ec_product_categories` DISABLE KEYS */;
INSERT INTO `ec_product_categories` VALUES (1,'Milks and Dairies',0,NULL,'published',0,'product-categories/image-1.png',1,'2023-11-19 00:35:56','2023-11-19 00:35:56',NULL,'product-categories/icon-1.png'),(2,'Clothing & beauty',0,NULL,'published',1,'product-categories/image-2.png',1,'2023-11-19 00:35:56','2023-11-19 00:35:56',NULL,'product-categories/icon-2.png'),(3,'Pet Toy',0,NULL,'published',2,'product-categories/image-3.png',1,'2023-11-19 00:35:56','2023-11-19 00:35:56',NULL,'product-categories/icon-3.png'),(4,'Baking material',0,NULL,'published',3,'product-categories/image-4.png',1,'2023-11-19 00:35:56','2023-11-19 00:35:56',NULL,'product-categories/icon-4.png'),(5,'Fresh Fruit',0,NULL,'published',4,'product-categories/image-5.png',1,'2023-11-19 00:35:56','2023-11-19 00:35:56',NULL,'product-categories/icon-5.png'),(6,'Wines & Drinks',0,NULL,'published',5,'product-categories/image-6.png',1,'2023-11-19 00:35:56','2023-11-19 00:35:56',NULL,'product-categories/icon-6.png'),(7,'Fresh Seafood',0,NULL,'published',6,'product-categories/image-7.png',1,'2023-11-19 00:35:56','2023-11-19 00:35:56',NULL,'product-categories/icon-7.png'),(8,'Fast food',0,NULL,'published',7,'product-categories/image-8.png',1,'2023-11-19 00:35:56','2023-11-19 00:35:56',NULL,'product-categories/icon-8.png'),(9,'Vegetables',0,NULL,'published',8,'product-categories/image-9.png',1,'2023-11-19 00:35:56','2023-11-19 00:35:56',NULL,'product-categories/icon-9.png'),(10,'Bread and Juice',0,NULL,'published',9,'product-categories/image-10.png',1,'2023-11-19 00:35:56','2023-11-19 00:35:56',NULL,'product-categories/icon-10.png'),(11,'Cake & Milk',0,NULL,'published',10,'product-categories/image-11.png',1,'2023-11-19 00:35:56','2023-11-19 00:35:56',NULL,'product-categories/icon-11.png'),(12,'Coffee & Teas',0,NULL,'published',11,'product-categories/image-12.png',1,'2023-11-19 00:35:56','2023-11-19 00:35:56',NULL,'product-categories/icon-12.png'),(13,'Pet Foods',0,NULL,'published',12,'product-categories/image-13.png',0,'2023-11-19 00:35:56','2023-11-19 00:35:56',NULL,'product-categories/icon-13.png'),(14,'Diet Foods',0,NULL,'published',13,'product-categories/image-14.png',0,'2023-11-19 00:35:56','2023-11-19 00:35:56',NULL,'product-categories/icon-14.png');
/*!40000 ALTER TABLE `ec_product_categories` ENABLE KEYS */;
UNLOCK TABLES;

--
-- Table structure for table `ec_product_categories_translations`
--

DROP TABLE IF EXISTS `ec_product_categories_translations`;
/*!40101 SET @saved_cs_client     = @@character_set_client */;
/*!50503 SET character_set_client = utf8mb4 */;
CREATE TABLE `ec_product_categories_translations` (
  `lang_code` varchar(20) COLLATE utf8mb4_unicode_ci NOT NULL,
  `ec_product_categories_id` bigint unsigned NOT NULL,
  `name` varchar(255) COLLATE utf8mb4_unicode_ci DEFAULT NULL,
  `description` text COLLATE utf8mb4_unicode_ci,
  PRIMARY KEY (`lang_code`,`ec_product_categories_id`)
) ENGINE=InnoDB DEFAULT CHARSET=utf8mb4 COLLATE=utf8mb4_unicode_ci;
/*!40101 SET character_set_client = @saved_cs_client */;

--
-- Dumping data for table `ec_product_categories_translations`
--

LOCK TABLES `ec_product_categories_translations` WRITE;
/*!40000 ALTER TABLE `ec_product_categories_translations` DISABLE KEYS */;
/*!40000 ALTER TABLE `ec_product_categories_translations` ENABLE KEYS */;
UNLOCK TABLES;

--
-- Table structure for table `ec_product_categorizables`
--

DROP TABLE IF EXISTS `ec_product_categorizables`;
/*!40101 SET @saved_cs_client     = @@character_set_client */;
/*!50503 SET character_set_client = utf8mb4 */;
CREATE TABLE `ec_product_categorizables` (
  `category_id` bigint unsigned NOT NULL,
  `reference_id` bigint unsigned NOT NULL,
  `reference_type` varchar(120) COLLATE utf8mb4_unicode_ci NOT NULL,
  PRIMARY KEY (`category_id`,`reference_id`,`reference_type`),
  KEY `ec_product_categorizables_category_id_index` (`category_id`),
  KEY `ec_product_categorizables_reference_id_index` (`reference_id`),
  KEY `ec_product_categorizables_reference_type_index` (`reference_type`)
) ENGINE=InnoDB DEFAULT CHARSET=utf8mb4 COLLATE=utf8mb4_unicode_ci;
/*!40101 SET character_set_client = @saved_cs_client */;

--
-- Dumping data for table `ec_product_categorizables`
--

LOCK TABLES `ec_product_categorizables` WRITE;
/*!40000 ALTER TABLE `ec_product_categorizables` DISABLE KEYS */;
/*!40000 ALTER TABLE `ec_product_categorizables` ENABLE KEYS */;
UNLOCK TABLES;

--
-- Table structure for table `ec_product_category_product`
--

DROP TABLE IF EXISTS `ec_product_category_product`;
/*!40101 SET @saved_cs_client     = @@character_set_client */;
/*!50503 SET character_set_client = utf8mb4 */;
CREATE TABLE `ec_product_category_product` (
  `category_id` bigint unsigned NOT NULL,
  `product_id` bigint unsigned NOT NULL,
  PRIMARY KEY (`product_id`,`category_id`),
  KEY `ec_product_category_product_category_id_index` (`category_id`),
  KEY `ec_product_category_product_product_id_index` (`product_id`)
) ENGINE=InnoDB DEFAULT CHARSET=utf8mb4 COLLATE=utf8mb4_unicode_ci;
/*!40101 SET character_set_client = @saved_cs_client */;

--
-- Dumping data for table `ec_product_category_product`
--

LOCK TABLES `ec_product_category_product` WRITE;
/*!40000 ALTER TABLE `ec_product_category_product` DISABLE KEYS */;
INSERT INTO `ec_product_category_product` VALUES (1,13),(1,16),(2,7),(3,6),(3,21),(4,11),(6,19),(7,14),(7,17),(7,24),(8,10),(8,12),(8,15),(9,9),(10,5),(10,8),(10,20),(10,22),(10,23),(12,2),(12,3),(12,4),(13,18),(14,1);
/*!40000 ALTER TABLE `ec_product_category_product` ENABLE KEYS */;
UNLOCK TABLES;

--
-- Table structure for table `ec_product_collection_products`
--

DROP TABLE IF EXISTS `ec_product_collection_products`;
/*!40101 SET @saved_cs_client     = @@character_set_client */;
/*!50503 SET character_set_client = utf8mb4 */;
CREATE TABLE `ec_product_collection_products` (
  `product_collection_id` bigint unsigned NOT NULL,
  `product_id` bigint unsigned NOT NULL,
  PRIMARY KEY (`product_id`,`product_collection_id`),
  KEY `ec_product_collection_products_product_collection_id_index` (`product_collection_id`),
  KEY `ec_product_collection_products_product_id_index` (`product_id`)
) ENGINE=InnoDB DEFAULT CHARSET=utf8mb4 COLLATE=utf8mb4_unicode_ci;
/*!40101 SET character_set_client = @saved_cs_client */;

--
-- Dumping data for table `ec_product_collection_products`
--

LOCK TABLES `ec_product_collection_products` WRITE;
/*!40000 ALTER TABLE `ec_product_collection_products` DISABLE KEYS */;
INSERT INTO `ec_product_collection_products` VALUES (1,1),(1,7),(1,8),(1,10),(1,14),(1,19),(2,2),(2,3),(2,4),(2,5),(2,13),(2,16),(2,18),(2,22),(2,23),(3,6),(3,9),(3,11),(3,12),(3,15),(3,17),(3,20),(3,21),(3,24);
/*!40000 ALTER TABLE `ec_product_collection_products` ENABLE KEYS */;
UNLOCK TABLES;

--
-- Table structure for table `ec_product_collections`
--

DROP TABLE IF EXISTS `ec_product_collections`;
/*!40101 SET @saved_cs_client     = @@character_set_client */;
/*!50503 SET character_set_client = utf8mb4 */;
CREATE TABLE `ec_product_collections` (
  `id` bigint unsigned NOT NULL AUTO_INCREMENT,
  `name` varchar(255) COLLATE utf8mb4_unicode_ci NOT NULL,
  `slug` varchar(255) COLLATE utf8mb4_unicode_ci NOT NULL,
  `description` varchar(400) COLLATE utf8mb4_unicode_ci DEFAULT NULL,
  `image` varchar(255) COLLATE utf8mb4_unicode_ci DEFAULT NULL,
  `status` varchar(60) COLLATE utf8mb4_unicode_ci NOT NULL DEFAULT 'published',
  `created_at` timestamp NULL DEFAULT NULL,
  `updated_at` timestamp NULL DEFAULT NULL,
  `is_featured` tinyint unsigned NOT NULL DEFAULT '0',
  PRIMARY KEY (`id`)
) ENGINE=InnoDB AUTO_INCREMENT=4 DEFAULT CHARSET=utf8mb4 COLLATE=utf8mb4_unicode_ci;
/*!40101 SET character_set_client = @saved_cs_client */;

--
-- Dumping data for table `ec_product_collections`
--

LOCK TABLES `ec_product_collections` WRITE;
/*!40000 ALTER TABLE `ec_product_collections` DISABLE KEYS */;
INSERT INTO `ec_product_collections` VALUES (1,'New Arrival','new-arrival',NULL,NULL,'published','2023-11-19 00:35:56','2023-11-19 00:35:56',0),(2,'Best Sellers','best-sellers',NULL,NULL,'published','2023-11-19 00:35:56','2023-11-19 00:35:56',0),(3,'Special Offer','special-offer',NULL,NULL,'published','2023-11-19 00:35:56','2023-11-19 00:35:56',0);
/*!40000 ALTER TABLE `ec_product_collections` ENABLE KEYS */;
UNLOCK TABLES;

--
-- Table structure for table `ec_product_collections_translations`
--

DROP TABLE IF EXISTS `ec_product_collections_translations`;
/*!40101 SET @saved_cs_client     = @@character_set_client */;
/*!50503 SET character_set_client = utf8mb4 */;
CREATE TABLE `ec_product_collections_translations` (
  `lang_code` varchar(20) COLLATE utf8mb4_unicode_ci NOT NULL,
  `ec_product_collections_id` bigint unsigned NOT NULL,
  `name` varchar(255) COLLATE utf8mb4_unicode_ci DEFAULT NULL,
  `description` varchar(400) COLLATE utf8mb4_unicode_ci DEFAULT NULL,
  PRIMARY KEY (`lang_code`,`ec_product_collections_id`)
) ENGINE=InnoDB DEFAULT CHARSET=utf8mb4 COLLATE=utf8mb4_unicode_ci;
/*!40101 SET character_set_client = @saved_cs_client */;

--
-- Dumping data for table `ec_product_collections_translations`
--

LOCK TABLES `ec_product_collections_translations` WRITE;
/*!40000 ALTER TABLE `ec_product_collections_translations` DISABLE KEYS */;
/*!40000 ALTER TABLE `ec_product_collections_translations` ENABLE KEYS */;
UNLOCK TABLES;

--
-- Table structure for table `ec_product_cross_sale_relations`
--

DROP TABLE IF EXISTS `ec_product_cross_sale_relations`;
/*!40101 SET @saved_cs_client     = @@character_set_client */;
/*!50503 SET character_set_client = utf8mb4 */;
CREATE TABLE `ec_product_cross_sale_relations` (
  `from_product_id` bigint unsigned NOT NULL,
  `to_product_id` bigint unsigned NOT NULL,
  PRIMARY KEY (`from_product_id`,`to_product_id`),
  KEY `ec_product_cross_sale_relations_from_product_id_index` (`from_product_id`),
  KEY `ec_product_cross_sale_relations_to_product_id_index` (`to_product_id`)
) ENGINE=InnoDB DEFAULT CHARSET=utf8mb4 COLLATE=utf8mb4_unicode_ci;
/*!40101 SET character_set_client = @saved_cs_client */;

--
-- Dumping data for table `ec_product_cross_sale_relations`
--

LOCK TABLES `ec_product_cross_sale_relations` WRITE;
/*!40000 ALTER TABLE `ec_product_cross_sale_relations` DISABLE KEYS */;
INSERT INTO `ec_product_cross_sale_relations` VALUES (1,2),(1,16),(1,18),(1,24),(2,12),(2,14),(2,16),(3,6),(3,11),(3,15),(3,24),(4,10),(4,11),(4,16),(4,19),(5,2),(5,6),(5,8),(5,13),(6,4),(6,5),(6,14),(6,18),(7,5),(7,10),(7,12),(7,19),(8,11),(8,19),(8,20),(8,23),(9,2),(9,4),(9,11),(9,18),(10,7),(10,12),(10,17),(11,8),(11,18),(11,24),(12,1),(12,2),(12,10),(12,11),(13,17),(13,18),(13,20),(13,22),(14,1),(14,3),(14,15),(14,17),(15,9),(15,13),(15,19),(16,4),(16,5),(16,18),(16,22),(17,10),(17,12),(17,16),(17,19),(18,5),(18,8),(18,10),(18,12),(19,3),(19,8),(19,13),(19,14),(20,1),(20,7),(20,19),(20,23),(21,10),(21,15),(21,18),(21,20),(22,8),(22,11),(22,15),(22,18),(23,2),(23,5),(23,14),(24,5),(24,6),(24,14),(24,23);
/*!40000 ALTER TABLE `ec_product_cross_sale_relations` ENABLE KEYS */;
UNLOCK TABLES;

--
-- Table structure for table `ec_product_files`
--

DROP TABLE IF EXISTS `ec_product_files`;
/*!40101 SET @saved_cs_client     = @@character_set_client */;
/*!50503 SET character_set_client = utf8mb4 */;
CREATE TABLE `ec_product_files` (
  `id` bigint unsigned NOT NULL AUTO_INCREMENT,
  `product_id` bigint unsigned DEFAULT NULL,
  `url` varchar(400) COLLATE utf8mb4_unicode_ci DEFAULT NULL,
  `extras` mediumtext COLLATE utf8mb4_unicode_ci,
  `created_at` timestamp NULL DEFAULT NULL,
  `updated_at` timestamp NULL DEFAULT NULL,
  PRIMARY KEY (`id`),
  KEY `ec_product_files_product_id_index` (`product_id`)
) ENGINE=InnoDB AUTO_INCREMENT=27 DEFAULT CHARSET=utf8mb4 COLLATE=utf8mb4_unicode_ci;
/*!40101 SET character_set_client = @saved_cs_client */;

--
-- Dumping data for table `ec_product_files`
--

LOCK TABLES `ec_product_files` WRITE;
/*!40000 ALTER TABLE `ec_product_files` DISABLE KEYS */;
INSERT INTO `ec_product_files` VALUES (1,25,'product-files/1.jpg','{\"filename\":\"1.jpg\",\"url\":\"product-files\\/1.jpg\",\"mime_type\":\"image\\/jpeg\",\"size\":9730,\"modified\":\"2023-11-19 07:36:01\",\"name\":\"1\",\"extension\":\"jpg\"}','2023-11-19 00:36:01','2023-11-19 00:36:01'),(2,25,'product-files/1-1.jpg','{\"filename\":\"1-1.jpg\",\"url\":\"product-files\\/1-1.jpg\",\"mime_type\":\"image\\/jpeg\",\"size\":9730,\"modified\":\"2023-11-19 07:36:01\",\"name\":\"1-1\",\"extension\":\"jpg\"}','2023-11-19 00:36:01','2023-11-19 00:36:01'),(3,29,'product-files/5.jpg','{\"filename\":\"5.jpg\",\"url\":\"product-files\\/5.jpg\",\"mime_type\":\"image\\/jpeg\",\"size\":9730,\"modified\":\"2023-11-19 07:36:01\",\"name\":\"5\",\"extension\":\"jpg\"}','2023-11-19 00:36:01','2023-11-19 00:36:01'),(4,29,'product-files/5-1.jpg','{\"filename\":\"5-1.jpg\",\"url\":\"product-files\\/5-1.jpg\",\"mime_type\":\"image\\/jpeg\",\"size\":9730,\"modified\":\"2023-11-19 07:36:01\",\"name\":\"5-1\",\"extension\":\"jpg\"}','2023-11-19 00:36:01','2023-11-19 00:36:01'),(5,30,'product-files/5.jpg','{\"filename\":\"5.jpg\",\"url\":\"product-files\\/5.jpg\",\"mime_type\":\"image\\/jpeg\",\"size\":9730,\"modified\":\"2023-11-19 07:36:01\",\"name\":\"5\",\"extension\":\"jpg\"}','2023-11-19 00:36:01','2023-11-19 00:36:01'),(6,30,'product-files/5-1.jpg','{\"filename\":\"5-1.jpg\",\"url\":\"product-files\\/5-1.jpg\",\"mime_type\":\"image\\/jpeg\",\"size\":9730,\"modified\":\"2023-11-19 07:36:01\",\"name\":\"5-1\",\"extension\":\"jpg\"}','2023-11-19 00:36:01','2023-11-19 00:36:01'),(7,31,'product-files/5.jpg','{\"filename\":\"5.jpg\",\"url\":\"product-files\\/5.jpg\",\"mime_type\":\"image\\/jpeg\",\"size\":9730,\"modified\":\"2023-11-19 07:36:01\",\"name\":\"5\",\"extension\":\"jpg\"}','2023-11-19 00:36:01','2023-11-19 00:36:01'),(8,31,'product-files/5-1.jpg','{\"filename\":\"5-1.jpg\",\"url\":\"product-files\\/5-1.jpg\",\"mime_type\":\"image\\/jpeg\",\"size\":9730,\"modified\":\"2023-11-19 07:36:01\",\"name\":\"5-1\",\"extension\":\"jpg\"}','2023-11-19 00:36:01','2023-11-19 00:36:01'),(9,43,'product-files/9.jpg','{\"filename\":\"9.jpg\",\"url\":\"product-files\\/9.jpg\",\"mime_type\":\"image\\/jpeg\",\"size\":9730,\"modified\":\"2023-11-19 07:36:01\",\"name\":\"9\",\"extension\":\"jpg\"}','2023-11-19 00:36:01','2023-11-19 00:36:01'),(10,43,'product-files/9-1.jpg','{\"filename\":\"9-1.jpg\",\"url\":\"product-files\\/9-1.jpg\",\"mime_type\":\"image\\/jpeg\",\"size\":9730,\"modified\":\"2023-11-19 07:36:01\",\"name\":\"9-1\",\"extension\":\"jpg\"}','2023-11-19 00:36:01','2023-11-19 00:36:01'),(11,53,'product-files/13.jpg','{\"filename\":\"13.jpg\",\"url\":\"product-files\\/13.jpg\",\"mime_type\":\"image\\/jpeg\",\"size\":9730,\"modified\":\"2023-11-19 07:36:01\",\"name\":\"13\",\"extension\":\"jpg\"}','2023-11-19 00:36:01','2023-11-19 00:36:01'),(12,53,'product-files/13-1.jpg','{\"filename\":\"13-1.jpg\",\"url\":\"product-files\\/13-1.jpg\",\"mime_type\":\"image\\/jpeg\",\"size\":9730,\"modified\":\"2023-11-19 07:36:01\",\"name\":\"13-1\",\"extension\":\"jpg\"}','2023-11-19 00:36:01','2023-11-19 00:36:01'),(13,54,'product-files/13.jpg','{\"filename\":\"13.jpg\",\"url\":\"product-files\\/13.jpg\",\"mime_type\":\"image\\/jpeg\",\"size\":9730,\"modified\":\"2023-11-19 07:36:01\",\"name\":\"13\",\"extension\":\"jpg\"}','2023-11-19 00:36:01','2023-11-19 00:36:01'),(14,54,'product-files/13-1.jpg','{\"filename\":\"13-1.jpg\",\"url\":\"product-files\\/13-1.jpg\",\"mime_type\":\"image\\/jpeg\",\"size\":9730,\"modified\":\"2023-11-19 07:36:01\",\"name\":\"13-1\",\"extension\":\"jpg\"}','2023-11-19 00:36:01','2023-11-19 00:36:01'),(15,55,'product-files/13.jpg','{\"filename\":\"13.jpg\",\"url\":\"product-files\\/13.jpg\",\"mime_type\":\"image\\/jpeg\",\"size\":9730,\"modified\":\"2023-11-19 07:36:01\",\"name\":\"13\",\"extension\":\"jpg\"}','2023-11-19 00:36:01','2023-11-19 00:36:01'),(16,55,'product-files/13-1.jpg','{\"filename\":\"13-1.jpg\",\"url\":\"product-files\\/13-1.jpg\",\"mime_type\":\"image\\/jpeg\",\"size\":9730,\"modified\":\"2023-11-19 07:36:01\",\"name\":\"13-1\",\"extension\":\"jpg\"}','2023-11-19 00:36:01','2023-11-19 00:36:01'),(17,65,'product-files/17.jpg','{\"filename\":\"17.jpg\",\"url\":\"product-files\\/17.jpg\",\"mime_type\":\"image\\/jpeg\",\"size\":9730,\"modified\":\"2023-11-19 07:36:01\",\"name\":\"17\",\"extension\":\"jpg\"}','2023-11-19 00:36:01','2023-11-19 00:36:01'),(18,65,'product-files/17-1.jpg','{\"filename\":\"17-1.jpg\",\"url\":\"product-files\\/17-1.jpg\",\"mime_type\":\"image\\/jpeg\",\"size\":9730,\"modified\":\"2023-11-19 07:36:01\",\"name\":\"17-1\",\"extension\":\"jpg\"}','2023-11-19 00:36:01','2023-11-19 00:36:01'),(19,66,'product-files/17.jpg','{\"filename\":\"17.jpg\",\"url\":\"product-files\\/17.jpg\",\"mime_type\":\"image\\/jpeg\",\"size\":9730,\"modified\":\"2023-11-19 07:36:01\",\"name\":\"17\",\"extension\":\"jpg\"}','2023-11-19 00:36:01','2023-11-19 00:36:01'),(20,66,'product-files/17-1.jpg','{\"filename\":\"17-1.jpg\",\"url\":\"product-files\\/17-1.jpg\",\"mime_type\":\"image\\/jpeg\",\"size\":9730,\"modified\":\"2023-11-19 07:36:01\",\"name\":\"17-1\",\"extension\":\"jpg\"}','2023-11-19 00:36:01','2023-11-19 00:36:01'),(21,67,'product-files/17.jpg','{\"filename\":\"17.jpg\",\"url\":\"product-files\\/17.jpg\",\"mime_type\":\"image\\/jpeg\",\"size\":9730,\"modified\":\"2023-11-19 07:36:01\",\"name\":\"17\",\"extension\":\"jpg\"}','2023-11-19 00:36:01','2023-11-19 00:36:01'),(22,67,'product-files/17-1.jpg','{\"filename\":\"17-1.jpg\",\"url\":\"product-files\\/17-1.jpg\",\"mime_type\":\"image\\/jpeg\",\"size\":9730,\"modified\":\"2023-11-19 07:36:01\",\"name\":\"17-1\",\"extension\":\"jpg\"}','2023-11-19 00:36:01','2023-11-19 00:36:01'),(23,73,'product-files/21.jpg','{\"filename\":\"21.jpg\",\"url\":\"product-files\\/21.jpg\",\"mime_type\":\"image\\/jpeg\",\"size\":9730,\"modified\":\"2023-11-19 07:36:02\",\"name\":\"21\",\"extension\":\"jpg\"}','2023-11-19 00:36:02','2023-11-19 00:36:02'),(24,73,'product-files/21-1.jpg','{\"filename\":\"21-1.jpg\",\"url\":\"product-files\\/21-1.jpg\",\"mime_type\":\"image\\/jpeg\",\"size\":9730,\"modified\":\"2023-11-19 07:36:02\",\"name\":\"21-1\",\"extension\":\"jpg\"}','2023-11-19 00:36:02','2023-11-19 00:36:02'),(25,74,'product-files/21.jpg','{\"filename\":\"21.jpg\",\"url\":\"product-files\\/21.jpg\",\"mime_type\":\"image\\/jpeg\",\"size\":9730,\"modified\":\"2023-11-19 07:36:02\",\"name\":\"21\",\"extension\":\"jpg\"}','2023-11-19 00:36:02','2023-11-19 00:36:02'),(26,74,'product-files/21-1.jpg','{\"filename\":\"21-1.jpg\",\"url\":\"product-files\\/21-1.jpg\",\"mime_type\":\"image\\/jpeg\",\"size\":9730,\"modified\":\"2023-11-19 07:36:02\",\"name\":\"21-1\",\"extension\":\"jpg\"}','2023-11-19 00:36:02','2023-11-19 00:36:02');
/*!40000 ALTER TABLE `ec_product_files` ENABLE KEYS */;
UNLOCK TABLES;

--
-- Table structure for table `ec_product_label_products`
--

DROP TABLE IF EXISTS `ec_product_label_products`;
/*!40101 SET @saved_cs_client     = @@character_set_client */;
/*!50503 SET character_set_client = utf8mb4 */;
CREATE TABLE `ec_product_label_products` (
  `product_label_id` bigint unsigned NOT NULL,
  `product_id` bigint unsigned NOT NULL,
  PRIMARY KEY (`product_label_id`,`product_id`),
  KEY `ec_product_label_products_product_label_id_index` (`product_label_id`),
  KEY `ec_product_label_products_product_id_index` (`product_id`)
) ENGINE=InnoDB DEFAULT CHARSET=utf8mb4 COLLATE=utf8mb4_unicode_ci;
/*!40101 SET character_set_client = @saved_cs_client */;

--
-- Dumping data for table `ec_product_label_products`
--

LOCK TABLES `ec_product_label_products` WRITE;
/*!40000 ALTER TABLE `ec_product_label_products` DISABLE KEYS */;
INSERT INTO `ec_product_label_products` VALUES (2,7),(2,21),(3,14);
/*!40000 ALTER TABLE `ec_product_label_products` ENABLE KEYS */;
UNLOCK TABLES;

--
-- Table structure for table `ec_product_labels`
--

DROP TABLE IF EXISTS `ec_product_labels`;
/*!40101 SET @saved_cs_client     = @@character_set_client */;
/*!50503 SET character_set_client = utf8mb4 */;
CREATE TABLE `ec_product_labels` (
  `id` bigint unsigned NOT NULL AUTO_INCREMENT,
  `name` varchar(255) COLLATE utf8mb4_unicode_ci NOT NULL,
  `color` varchar(120) COLLATE utf8mb4_unicode_ci DEFAULT NULL,
  `status` varchar(60) COLLATE utf8mb4_unicode_ci NOT NULL DEFAULT 'published',
  `created_at` timestamp NULL DEFAULT NULL,
  `updated_at` timestamp NULL DEFAULT NULL,
  PRIMARY KEY (`id`)
) ENGINE=InnoDB AUTO_INCREMENT=4 DEFAULT CHARSET=utf8mb4 COLLATE=utf8mb4_unicode_ci;
/*!40101 SET character_set_client = @saved_cs_client */;

--
-- Dumping data for table `ec_product_labels`
--

LOCK TABLES `ec_product_labels` WRITE;
/*!40000 ALTER TABLE `ec_product_labels` DISABLE KEYS */;
INSERT INTO `ec_product_labels` VALUES (1,'Hot','#ec2434','published','2023-11-19 00:35:56','2023-11-19 00:35:56'),(2,'New','#00c9a7','published','2023-11-19 00:35:56','2023-11-19 00:35:56'),(3,'Sale','#fe9931','published','2023-11-19 00:35:56','2023-11-19 00:35:56');
/*!40000 ALTER TABLE `ec_product_labels` ENABLE KEYS */;
UNLOCK TABLES;

--
-- Table structure for table `ec_product_labels_translations`
--

DROP TABLE IF EXISTS `ec_product_labels_translations`;
/*!40101 SET @saved_cs_client     = @@character_set_client */;
/*!50503 SET character_set_client = utf8mb4 */;
CREATE TABLE `ec_product_labels_translations` (
  `lang_code` varchar(20) COLLATE utf8mb4_unicode_ci NOT NULL,
  `ec_product_labels_id` bigint unsigned NOT NULL,
  `name` varchar(255) COLLATE utf8mb4_unicode_ci DEFAULT NULL,
  `description` varchar(400) COLLATE utf8mb4_unicode_ci DEFAULT NULL,
  PRIMARY KEY (`lang_code`,`ec_product_labels_id`)
) ENGINE=InnoDB DEFAULT CHARSET=utf8mb4 COLLATE=utf8mb4_unicode_ci;
/*!40101 SET character_set_client = @saved_cs_client */;

--
-- Dumping data for table `ec_product_labels_translations`
--

LOCK TABLES `ec_product_labels_translations` WRITE;
/*!40000 ALTER TABLE `ec_product_labels_translations` DISABLE KEYS */;
/*!40000 ALTER TABLE `ec_product_labels_translations` ENABLE KEYS */;
UNLOCK TABLES;

--
-- Table structure for table `ec_product_related_relations`
--

DROP TABLE IF EXISTS `ec_product_related_relations`;
/*!40101 SET @saved_cs_client     = @@character_set_client */;
/*!50503 SET character_set_client = utf8mb4 */;
CREATE TABLE `ec_product_related_relations` (
  `from_product_id` bigint unsigned NOT NULL,
  `to_product_id` bigint unsigned NOT NULL,
  PRIMARY KEY (`from_product_id`,`to_product_id`),
  KEY `ec_product_related_relations_from_product_id_index` (`from_product_id`),
  KEY `ec_product_related_relations_to_product_id_index` (`to_product_id`)
) ENGINE=InnoDB DEFAULT CHARSET=utf8mb4 COLLATE=utf8mb4_unicode_ci;
/*!40101 SET character_set_client = @saved_cs_client */;

--
-- Dumping data for table `ec_product_related_relations`
--

LOCK TABLES `ec_product_related_relations` WRITE;
/*!40000 ALTER TABLE `ec_product_related_relations` DISABLE KEYS */;
/*!40000 ALTER TABLE `ec_product_related_relations` ENABLE KEYS */;
UNLOCK TABLES;

--
-- Table structure for table `ec_product_tag_product`
--

DROP TABLE IF EXISTS `ec_product_tag_product`;
/*!40101 SET @saved_cs_client     = @@character_set_client */;
/*!50503 SET character_set_client = utf8mb4 */;
CREATE TABLE `ec_product_tag_product` (
  `product_id` bigint unsigned NOT NULL,
  `tag_id` bigint unsigned NOT NULL,
  PRIMARY KEY (`product_id`,`tag_id`),
  KEY `ec_product_tag_product_product_id_index` (`product_id`),
  KEY `ec_product_tag_product_tag_id_index` (`tag_id`)
) ENGINE=InnoDB DEFAULT CHARSET=utf8mb4 COLLATE=utf8mb4_unicode_ci;
/*!40101 SET character_set_client = @saved_cs_client */;

--
-- Dumping data for table `ec_product_tag_product`
--

LOCK TABLES `ec_product_tag_product` WRITE;
/*!40000 ALTER TABLE `ec_product_tag_product` DISABLE KEYS */;
INSERT INTO `ec_product_tag_product` VALUES (1,3),(1,4),(2,4),(2,5),(2,6),(3,4),(3,6),(4,1),(4,2),(4,4),(5,1),(5,2),(5,5),(6,4),(6,6),(7,1),(7,4),(7,5),(8,2),(8,5),(8,6),(9,1),(9,2),(9,4),(10,3),(10,4),(10,6),(11,2),(11,4),(11,5),(12,1),(12,2),(13,5),(13,6),(14,1),(14,3),(14,5),(15,1),(15,2),(16,1),(16,4),(16,6),(17,1),(17,3),(17,4),(18,1),(18,3),(18,5),(19,2),(19,5),(20,1),(20,2),(20,4),(21,1),(21,4),(22,1),(22,3),(22,6),(23,1),(23,3),(23,6),(24,1),(24,6);
/*!40000 ALTER TABLE `ec_product_tag_product` ENABLE KEYS */;
UNLOCK TABLES;

--
-- Table structure for table `ec_product_tags`
--

DROP TABLE IF EXISTS `ec_product_tags`;
/*!40101 SET @saved_cs_client     = @@character_set_client */;
/*!50503 SET character_set_client = utf8mb4 */;
CREATE TABLE `ec_product_tags` (
  `id` bigint unsigned NOT NULL AUTO_INCREMENT,
  `name` varchar(120) COLLATE utf8mb4_unicode_ci NOT NULL,
  `description` varchar(400) COLLATE utf8mb4_unicode_ci DEFAULT NULL,
  `status` varchar(60) COLLATE utf8mb4_unicode_ci NOT NULL DEFAULT 'published',
  `created_at` timestamp NULL DEFAULT NULL,
  `updated_at` timestamp NULL DEFAULT NULL,
  PRIMARY KEY (`id`)
) ENGINE=InnoDB AUTO_INCREMENT=6 DEFAULT CHARSET=utf8mb4 COLLATE=utf8mb4_unicode_ci;
/*!40101 SET character_set_client = @saved_cs_client */;

--
-- Dumping data for table `ec_product_tags`
--

LOCK TABLES `ec_product_tags` WRITE;
/*!40000 ALTER TABLE `ec_product_tags` DISABLE KEYS */;
INSERT INTO `ec_product_tags` VALUES (1,'Wallet',NULL,'published','2023-11-19 00:35:56','2023-11-19 00:35:56'),(2,'Bags',NULL,'published','2023-11-19 00:35:56','2023-11-19 00:35:56'),(3,'Shoes',NULL,'published','2023-11-19 00:35:56','2023-11-19 00:35:56'),(4,'Clothes',NULL,'published','2023-11-19 00:35:56','2023-11-19 00:35:56'),(5,'Hand bag',NULL,'published','2023-11-19 00:35:56','2023-11-19 00:35:56');
/*!40000 ALTER TABLE `ec_product_tags` ENABLE KEYS */;
UNLOCK TABLES;

--
-- Table structure for table `ec_product_tags_translations`
--

DROP TABLE IF EXISTS `ec_product_tags_translations`;
/*!40101 SET @saved_cs_client     = @@character_set_client */;
/*!50503 SET character_set_client = utf8mb4 */;
CREATE TABLE `ec_product_tags_translations` (
  `lang_code` varchar(20) COLLATE utf8mb4_unicode_ci NOT NULL,
  `ec_product_tags_id` bigint unsigned NOT NULL,
  `name` varchar(255) COLLATE utf8mb4_unicode_ci DEFAULT NULL,
  PRIMARY KEY (`lang_code`,`ec_product_tags_id`)
) ENGINE=InnoDB DEFAULT CHARSET=utf8mb4 COLLATE=utf8mb4_unicode_ci;
/*!40101 SET character_set_client = @saved_cs_client */;

--
-- Dumping data for table `ec_product_tags_translations`
--

LOCK TABLES `ec_product_tags_translations` WRITE;
/*!40000 ALTER TABLE `ec_product_tags_translations` DISABLE KEYS */;
/*!40000 ALTER TABLE `ec_product_tags_translations` ENABLE KEYS */;
UNLOCK TABLES;

--
-- Table structure for table `ec_product_up_sale_relations`
--

DROP TABLE IF EXISTS `ec_product_up_sale_relations`;
/*!40101 SET @saved_cs_client     = @@character_set_client */;
/*!50503 SET character_set_client = utf8mb4 */;
CREATE TABLE `ec_product_up_sale_relations` (
  `from_product_id` bigint unsigned NOT NULL,
  `to_product_id` bigint unsigned NOT NULL,
  PRIMARY KEY (`from_product_id`,`to_product_id`),
  KEY `ec_product_up_sale_relations_from_product_id_index` (`from_product_id`),
  KEY `ec_product_up_sale_relations_to_product_id_index` (`to_product_id`)
) ENGINE=InnoDB DEFAULT CHARSET=utf8mb4 COLLATE=utf8mb4_unicode_ci;
/*!40101 SET character_set_client = @saved_cs_client */;

--
-- Dumping data for table `ec_product_up_sale_relations`
--

LOCK TABLES `ec_product_up_sale_relations` WRITE;
/*!40000 ALTER TABLE `ec_product_up_sale_relations` DISABLE KEYS */;
/*!40000 ALTER TABLE `ec_product_up_sale_relations` ENABLE KEYS */;
UNLOCK TABLES;

--
-- Table structure for table `ec_product_variation_items`
--

DROP TABLE IF EXISTS `ec_product_variation_items`;
/*!40101 SET @saved_cs_client     = @@character_set_client */;
/*!50503 SET character_set_client = utf8mb4 */;
CREATE TABLE `ec_product_variation_items` (
  `id` bigint unsigned NOT NULL AUTO_INCREMENT,
  `attribute_id` bigint unsigned NOT NULL,
  `variation_id` bigint unsigned NOT NULL,
  PRIMARY KEY (`id`),
  KEY `attribute_variation_index` (`attribute_id`,`variation_id`)
) ENGINE=InnoDB AUTO_INCREMENT=121 DEFAULT CHARSET=utf8mb4 COLLATE=utf8mb4_unicode_ci;
/*!40101 SET character_set_client = @saved_cs_client */;

--
-- Dumping data for table `ec_product_variation_items`
--

LOCK TABLES `ec_product_variation_items` WRITE;
/*!40000 ALTER TABLE `ec_product_variation_items` DISABLE KEYS */;
INSERT INTO `ec_product_variation_items` VALUES (7,1,4),(15,1,8),(41,1,21),(45,1,23),(53,1,27),(59,1,30),(75,1,38),(77,1,39),(79,1,40),(83,1,42),(95,1,48),(119,1,60),(5,2,3),(11,2,6),(31,2,16),(37,2,19),(39,2,20),(57,2,29),(61,2,31),(65,2,33),(69,2,35),(93,2,47),(99,2,50),(113,2,57),(117,2,59),(9,3,5),(13,3,7),(17,3,9),(23,3,12),(25,3,13),(51,3,26),(67,3,34),(73,3,37),(81,3,41),(85,3,43),(87,3,44),(91,3,46),(97,3,49),(107,3,54),(111,3,56),(19,4,10),(27,4,14),(49,4,25),(55,4,28),(71,4,36),(105,4,53),(109,4,55),(115,4,58),(1,5,1),(3,5,2),(21,5,11),(29,5,15),(33,5,17),(35,5,18),(43,5,22),(47,5,24),(63,5,32),(89,5,45),(101,5,51),(103,5,52),(6,6,3),(8,6,4),(38,6,19),(46,6,23),(50,6,25),(58,6,29),(74,6,37),(96,6,48),(98,6,49),(118,6,59),(120,6,60),(14,7,7),(26,7,13),(28,7,14),(32,7,16),(42,7,21),(48,7,24),(56,7,28),(60,7,30),(62,7,31),(72,7,36),(78,7,39),(80,7,40),(88,7,44),(112,7,56),(10,8,5),(22,8,11),(40,8,20),(54,8,27),(84,8,42),(110,8,55),(114,8,57),(2,9,1),(30,9,15),(34,9,17),(44,9,22),(52,9,26),(64,9,32),(68,9,34),(76,9,38),(86,9,43),(92,9,46),(102,9,51),(104,9,52),(108,9,54),(4,10,2),(12,10,6),(16,10,8),(18,10,9),(20,10,10),(24,10,12),(36,10,18),(66,10,33),(70,10,35),(82,10,41),(90,10,45),(94,10,47),(100,10,50),(106,10,53),(116,10,58);
/*!40000 ALTER TABLE `ec_product_variation_items` ENABLE KEYS */;
UNLOCK TABLES;

--
-- Table structure for table `ec_product_variations`
--

DROP TABLE IF EXISTS `ec_product_variations`;
/*!40101 SET @saved_cs_client     = @@character_set_client */;
/*!50503 SET character_set_client = utf8mb4 */;
CREATE TABLE `ec_product_variations` (
  `id` bigint unsigned NOT NULL AUTO_INCREMENT,
  `product_id` bigint unsigned DEFAULT NULL,
  `configurable_product_id` bigint unsigned NOT NULL,
  `is_default` tinyint NOT NULL DEFAULT '0',
  PRIMARY KEY (`id`),
  KEY `configurable_product_index` (`product_id`,`configurable_product_id`)
) ENGINE=InnoDB AUTO_INCREMENT=61 DEFAULT CHARSET=utf8mb4 COLLATE=utf8mb4_unicode_ci;
/*!40101 SET character_set_client = @saved_cs_client */;

--
-- Dumping data for table `ec_product_variations`
--

LOCK TABLES `ec_product_variations` WRITE;
/*!40000 ALTER TABLE `ec_product_variations` DISABLE KEYS */;
INSERT INTO `ec_product_variations` VALUES (1,25,1,1),(2,26,2,1),(3,27,3,1),(4,28,4,1),(5,29,5,1),(6,30,5,0),(7,31,5,0),(8,32,6,1),(9,33,6,0),(10,34,6,0),(11,35,7,1),(12,36,7,0),(13,37,7,0),(14,38,7,0),(15,39,7,0),(16,40,8,1),(17,41,8,0),(18,42,8,0),(19,43,9,1),(20,44,10,1),(21,45,10,0),(22,46,11,1),(23,47,11,0),(24,48,11,0),(25,49,11,0),(26,50,11,0),(27,51,12,1),(28,52,12,0),(29,53,13,1),(30,54,13,0),(31,55,13,0),(32,56,14,1),(33,57,14,0),(34,58,14,0),(35,59,15,1),(36,60,15,0),(37,61,15,0),(38,62,16,1),(39,63,16,0),(40,64,16,0),(41,65,17,1),(42,66,17,0),(43,67,17,0),(44,68,18,1),(45,69,19,1),(46,70,19,0),(47,71,20,1),(48,72,20,0),(49,73,21,1),(50,74,21,0),(51,75,22,1),(52,76,22,0),(53,77,22,0),(54,78,22,0),(55,79,22,0),(56,80,23,1),(57,81,23,0),(58,82,23,0),(59,83,23,0),(60,84,24,1);
/*!40000 ALTER TABLE `ec_product_variations` ENABLE KEYS */;
UNLOCK TABLES;

--
-- Table structure for table `ec_product_views`
--

DROP TABLE IF EXISTS `ec_product_views`;
/*!40101 SET @saved_cs_client     = @@character_set_client */;
/*!50503 SET character_set_client = utf8mb4 */;
CREATE TABLE `ec_product_views` (
  `id` bigint unsigned NOT NULL AUTO_INCREMENT,
  `product_id` bigint unsigned NOT NULL,
  `views` int NOT NULL DEFAULT '1',
  `date` date NOT NULL DEFAULT '2023-11-19',
  PRIMARY KEY (`id`),
  UNIQUE KEY `ec_product_views_product_id_date_unique` (`product_id`,`date`),
  KEY `ec_product_views_product_id_index` (`product_id`)
) ENGINE=InnoDB DEFAULT CHARSET=utf8mb4 COLLATE=utf8mb4_unicode_ci;
/*!40101 SET character_set_client = @saved_cs_client */;

--
-- Dumping data for table `ec_product_views`
--

LOCK TABLES `ec_product_views` WRITE;
/*!40000 ALTER TABLE `ec_product_views` DISABLE KEYS */;
/*!40000 ALTER TABLE `ec_product_views` ENABLE KEYS */;
UNLOCK TABLES;

--
-- Table structure for table `ec_product_with_attribute_set`
--

DROP TABLE IF EXISTS `ec_product_with_attribute_set`;
/*!40101 SET @saved_cs_client     = @@character_set_client */;
/*!50503 SET character_set_client = utf8mb4 */;
CREATE TABLE `ec_product_with_attribute_set` (
  `attribute_set_id` bigint unsigned NOT NULL,
  `product_id` bigint unsigned NOT NULL,
  `order` tinyint unsigned NOT NULL DEFAULT '0',
  PRIMARY KEY (`product_id`,`attribute_set_id`)
) ENGINE=InnoDB DEFAULT CHARSET=utf8mb4 COLLATE=utf8mb4_unicode_ci;
/*!40101 SET character_set_client = @saved_cs_client */;

--
-- Dumping data for table `ec_product_with_attribute_set`
--

LOCK TABLES `ec_product_with_attribute_set` WRITE;
/*!40000 ALTER TABLE `ec_product_with_attribute_set` DISABLE KEYS */;
INSERT INTO `ec_product_with_attribute_set` VALUES (1,1,0),(2,1,0),(1,2,0),(2,2,0),(1,3,0),(2,3,0),(1,4,0),(2,4,0),(1,5,0),(2,5,0),(1,6,0),(2,6,0),(1,7,0),(2,7,0),(1,8,0),(2,8,0),(1,9,0),(2,9,0),(1,10,0),(2,10,0),(1,11,0),(2,11,0),(1,12,0),(2,12,0),(1,13,0),(2,13,0),(1,14,0),(2,14,0),(1,15,0),(2,15,0),(1,16,0),(2,16,0),(1,17,0),(2,17,0),(1,18,0),(2,18,0),(1,19,0),(2,19,0),(1,20,0),(2,20,0),(1,21,0),(2,21,0),(1,22,0),(2,22,0),(1,23,0),(2,23,0),(1,24,0),(2,24,0);
/*!40000 ALTER TABLE `ec_product_with_attribute_set` ENABLE KEYS */;
UNLOCK TABLES;

--
-- Table structure for table `ec_products`
--

DROP TABLE IF EXISTS `ec_products`;
/*!40101 SET @saved_cs_client     = @@character_set_client */;
/*!50503 SET character_set_client = utf8mb4 */;
CREATE TABLE `ec_products` (
  `id` bigint unsigned NOT NULL AUTO_INCREMENT,
  `name` varchar(255) COLLATE utf8mb4_unicode_ci NOT NULL,
  `description` text COLLATE utf8mb4_unicode_ci,
  `content` longtext COLLATE utf8mb4_unicode_ci,
  `status` varchar(60) COLLATE utf8mb4_unicode_ci NOT NULL DEFAULT 'published',
  `images` text COLLATE utf8mb4_unicode_ci,
  `sku` varchar(120) COLLATE utf8mb4_unicode_ci DEFAULT NULL,
  `order` int unsigned NOT NULL DEFAULT '0',
  `quantity` int unsigned DEFAULT NULL,
  `allow_checkout_when_out_of_stock` tinyint unsigned NOT NULL DEFAULT '0',
  `with_storehouse_management` tinyint unsigned NOT NULL DEFAULT '0',
  `is_featured` tinyint unsigned NOT NULL DEFAULT '0',
  `brand_id` bigint unsigned DEFAULT NULL,
  `is_variation` tinyint NOT NULL DEFAULT '0',
  `sale_type` tinyint NOT NULL DEFAULT '0',
  `price` double unsigned DEFAULT NULL,
  `sale_price` double unsigned DEFAULT NULL,
  `start_date` timestamp NULL DEFAULT NULL,
  `end_date` timestamp NULL DEFAULT NULL,
  `length` double(8,2) DEFAULT NULL,
  `wide` double(8,2) DEFAULT NULL,
  `height` double(8,2) DEFAULT NULL,
  `weight` double(8,2) DEFAULT NULL,
  `tax_id` bigint unsigned DEFAULT NULL,
  `views` bigint NOT NULL DEFAULT '0',
  `created_at` timestamp NULL DEFAULT NULL,
  `updated_at` timestamp NULL DEFAULT NULL,
  `stock_status` varchar(191) COLLATE utf8mb4_unicode_ci DEFAULT 'in_stock',
  `created_by_id` bigint unsigned DEFAULT '0',
  `created_by_type` varchar(255) COLLATE utf8mb4_unicode_ci NOT NULL DEFAULT 'Botble\\ACL\\Models\\User',
  `image` varchar(255) COLLATE utf8mb4_unicode_ci DEFAULT NULL,
  `product_type` varchar(60) COLLATE utf8mb4_unicode_ci DEFAULT 'physical',
  `barcode` varchar(50) COLLATE utf8mb4_unicode_ci DEFAULT NULL,
  `cost_per_item` double DEFAULT NULL,
  `generate_license_code` tinyint(1) NOT NULL DEFAULT '0',
  `store_id` bigint unsigned DEFAULT NULL,
  `approved_by` bigint unsigned DEFAULT '0',
  PRIMARY KEY (`id`),
  KEY `ec_products_brand_id_status_is_variation_created_at_index` (`brand_id`,`status`,`is_variation`,`created_at`),
  KEY `sale_type_index` (`sale_type`),
  KEY `start_date_index` (`start_date`),
  KEY `end_date_index` (`end_date`),
  KEY `sale_price_index` (`sale_price`),
  KEY `is_variation_index` (`is_variation`),
  KEY `ec_products_sku_index` (`sku`)
) ENGINE=InnoDB AUTO_INCREMENT=85 DEFAULT CHARSET=utf8mb4 COLLATE=utf8mb4_unicode_ci;
/*!40101 SET character_set_client = @saved_cs_client */;

--
-- Dumping data for table `ec_products`
--

LOCK TABLES `ec_products` WRITE;
/*!40000 ALTER TABLE `ec_products` DISABLE KEYS */;
INSERT INTO `ec_products` VALUES (1,'Seeds of Change Organic Quinoe (Digital)','<p>Short Hooded Coat features a straight body, large pockets with button flaps, ventilation air holes, and a string\n    detail along the hemline.</p>\n<p><img src=\"/storage/general/clock.png\" alt=\"icon\" style=\"height:15px;\">  1 Year AL Jazeera Brand Warranty\n</p>\n<p><img src=\"/storage/general/paper-plane.png\" alt=\"icon\" style=\"height:15px;\">   30 Day Return Policy</p>\n<p><img src=\"/storage/general/credit-card.png\" alt=\"icon\" style=\"height:15px;\">  Cash on Delivery available\n</p>\n','<p>Short Hooded Coat features a straight body, large pockets with button flaps, ventilation air holes, and a string\n    detail along the hemline. The style is completed with a drawstring hood, featuring Rains’ signature built-in\n    cap. Made from waterproof, matte PU, this lightweight unisex rain jacket is an ode to nostalgia through its classic\n    silhouette and utilitarian design details.</p>\n<p>- Casual unisex fit</p>\n\n<p>- 64% polyester, 36% polyurethane</p>\n\n<p>- Water column pressure: 4000 mm</p>\n\n<p>- Model is 187cm tall and wearing a size S / M</p>\n\n<p>- Unisex fit</p>\n\n<p>- Drawstring hood with built-in cap</p>\n\n<p>- Front placket with snap buttons</p>\n\n<p>- Ventilation under armpit</p>\n\n<p>- Adjustable cuffs</p>\n\n<p>- Double welted front pockets</p>\n\n<p>- Adjustable elastic string at hempen</p>\n\n<p>- Ultrasonically welded seams</p>\n\n<p>This is a unisex item, please check our clothing &amp; footwear sizing guide for specific Rains jacket sizing\n    information. RAINS comes from the rainy nation of Denmark at the edge of the European continent, close to the ocean\n    and with prevailing westerly winds; all factors that contribute to an average of 121 rain days each year. Arising\n    from these rainy weather conditions comes the attitude that a quick rain shower may be beautiful, as well as moody-\n    but first and foremost requires the right outfit. Rains focus on the whole experience of going outside on rainy\n    days, issuing an invitation to explore even in the most mercurial weather.</p>\n','published','[\"products\\/1.jpg\",\"products\\/1-1.jpg\"]','HS-160-A0',0,18,0,1,1,4,0,0,259,NULL,NULL,NULL,15.00,11.00,20.00,749.00,NULL,63456,'2023-11-19 00:36:00','2023-11-19 00:36:15','in_stock',0,'Botble\\ACL\\Models\\User',NULL,'digital',NULL,NULL,0,2,0),(2,'All Natural Italian-Style Chicken Meatballs','<p>Short Hooded Coat features a straight body, large pockets with button flaps, ventilation air holes, and a string\n    detail along the hemline.</p>\n<p><img src=\"/storage/general/clock.png\" alt=\"icon\" style=\"height:15px;\">  1 Year AL Jazeera Brand Warranty\n</p>\n<p><img src=\"/storage/general/paper-plane.png\" alt=\"icon\" style=\"height:15px;\">   30 Day Return Policy</p>\n<p><img src=\"/storage/general/credit-card.png\" alt=\"icon\" style=\"height:15px;\">  Cash on Delivery available\n</p>\n','<p>Short Hooded Coat features a straight body, large pockets with button flaps, ventilation air holes, and a string\n    detail along the hemline. The style is completed with a drawstring hood, featuring Rains’ signature built-in\n    cap. Made from waterproof, matte PU, this lightweight unisex rain jacket is an ode to nostalgia through its classic\n    silhouette and utilitarian design details.</p>\n<p>- Casual unisex fit</p>\n\n<p>- 64% polyester, 36% polyurethane</p>\n\n<p>- Water column pressure: 4000 mm</p>\n\n<p>- Model is 187cm tall and wearing a size S / M</p>\n\n<p>- Unisex fit</p>\n\n<p>- Drawstring hood with built-in cap</p>\n\n<p>- Front placket with snap buttons</p>\n\n<p>- Ventilation under armpit</p>\n\n<p>- Adjustable cuffs</p>\n\n<p>- Double welted front pockets</p>\n\n<p>- Adjustable elastic string at hempen</p>\n\n<p>- Ultrasonically welded seams</p>\n\n<p>This is a unisex item, please check our clothing &amp; footwear sizing guide for specific Rains jacket sizing\n    information. RAINS comes from the rainy nation of Denmark at the edge of the European continent, close to the ocean\n    and with prevailing westerly winds; all factors that contribute to an average of 121 rain days each year. Arising\n    from these rainy weather conditions comes the attitude that a quick rain shower may be beautiful, as well as moody-\n    but first and foremost requires the right outfit. Rains focus on the whole experience of going outside on rainy\n    days, issuing an invitation to explore even in the most mercurial weather.</p>\n','published','[\"products\\/2.jpg\",\"products\\/2-1.jpg\"]','HS-130-A0',0,10,0,1,1,7,0,0,265,NULL,NULL,NULL,14.00,12.00,12.00,559.00,NULL,99507,'2023-11-19 00:36:00','2023-11-19 00:36:15','in_stock',0,'Botble\\ACL\\Models\\User',NULL,'physical',NULL,NULL,0,2,0),(3,'Angie’s Boomchickapop Sweet &amp; Salty Kettle Corn','<p>Short Hooded Coat features a straight body, large pockets with button flaps, ventilation air holes, and a string\n    detail along the hemline.</p>\n<p><img src=\"/storage/general/clock.png\" alt=\"icon\" style=\"height:15px;\">  1 Year AL Jazeera Brand Warranty\n</p>\n<p><img src=\"/storage/general/paper-plane.png\" alt=\"icon\" style=\"height:15px;\">   30 Day Return Policy</p>\n<p><img src=\"/storage/general/credit-card.png\" alt=\"icon\" style=\"height:15px;\">  Cash on Delivery available\n</p>\n','<p>Short Hooded Coat features a straight body, large pockets with button flaps, ventilation air holes, and a string\n    detail along the hemline. The style is completed with a drawstring hood, featuring Rains’ signature built-in\n    cap. Made from waterproof, matte PU, this lightweight unisex rain jacket is an ode to nostalgia through its classic\n    silhouette and utilitarian design details.</p>\n<p>- Casual unisex fit</p>\n\n<p>- 64% polyester, 36% polyurethane</p>\n\n<p>- Water column pressure: 4000 mm</p>\n\n<p>- Model is 187cm tall and wearing a size S / M</p>\n\n<p>- Unisex fit</p>\n\n<p>- Drawstring hood with built-in cap</p>\n\n<p>- Front placket with snap buttons</p>\n\n<p>- Ventilation under armpit</p>\n\n<p>- Adjustable cuffs</p>\n\n<p>- Double welted front pockets</p>\n\n<p>- Adjustable elastic string at hempen</p>\n\n<p>- Ultrasonically welded seams</p>\n\n<p>This is a unisex item, please check our clothing &amp; footwear sizing guide for specific Rains jacket sizing\n    information. RAINS comes from the rainy nation of Denmark at the edge of the European continent, close to the ocean\n    and with prevailing westerly winds; all factors that contribute to an average of 121 rain days each year. Arising\n    from these rainy weather conditions comes the attitude that a quick rain shower may be beautiful, as well as moody-\n    but first and foremost requires the right outfit. Rains focus on the whole experience of going outside on rainy\n    days, issuing an invitation to explore even in the most mercurial weather.</p>\n','published','[\"products\\/3.jpg\",\"products\\/3-1.jpg\"]','HS-170-A0',0,19,0,1,1,7,0,0,229,NULL,NULL,NULL,10.00,15.00,19.00,841.00,NULL,7780,'2023-11-19 00:36:00','2023-11-19 00:36:15','in_stock',0,'Botble\\ACL\\Models\\User',NULL,'physical',NULL,NULL,0,3,0),(4,'Foster Farms Takeout Crispy Classic','<p>Short Hooded Coat features a straight body, large pockets with button flaps, ventilation air holes, and a string\n    detail along the hemline.</p>\n<p><img src=\"/storage/general/clock.png\" alt=\"icon\" style=\"height:15px;\">  1 Year AL Jazeera Brand Warranty\n</p>\n<p><img src=\"/storage/general/paper-plane.png\" alt=\"icon\" style=\"height:15px;\">   30 Day Return Policy</p>\n<p><img src=\"/storage/general/credit-card.png\" alt=\"icon\" style=\"height:15px;\">  Cash on Delivery available\n</p>\n','<p>Short Hooded Coat features a straight body, large pockets with button flaps, ventilation air holes, and a string\n    detail along the hemline. The style is completed with a drawstring hood, featuring Rains’ signature built-in\n    cap. Made from waterproof, matte PU, this lightweight unisex rain jacket is an ode to nostalgia through its classic\n    silhouette and utilitarian design details.</p>\n<p>- Casual unisex fit</p>\n\n<p>- 64% polyester, 36% polyurethane</p>\n\n<p>- Water column pressure: 4000 mm</p>\n\n<p>- Model is 187cm tall and wearing a size S / M</p>\n\n<p>- Unisex fit</p>\n\n<p>- Drawstring hood with built-in cap</p>\n\n<p>- Front placket with snap buttons</p>\n\n<p>- Ventilation under armpit</p>\n\n<p>- Adjustable cuffs</p>\n\n<p>- Double welted front pockets</p>\n\n<p>- Adjustable elastic string at hempen</p>\n\n<p>- Ultrasonically welded seams</p>\n\n<p>This is a unisex item, please check our clothing &amp; footwear sizing guide for specific Rains jacket sizing\n    information. RAINS comes from the rainy nation of Denmark at the edge of the European continent, close to the ocean\n    and with prevailing westerly winds; all factors that contribute to an average of 121 rain days each year. Arising\n    from these rainy weather conditions comes the attitude that a quick rain shower may be beautiful, as well as moody-\n    but first and foremost requires the right outfit. Rains focus on the whole experience of going outside on rainy\n    days, issuing an invitation to explore even in the most mercurial weather.</p>\n','published','[\"products\\/4.jpg\",\"products\\/4-1.jpg\"]','HS-174-A0',0,14,0,1,1,4,0,0,72,55.44,NULL,NULL,17.00,16.00,16.00,576.00,NULL,43775,'2023-11-19 00:36:00','2023-11-19 00:36:15','in_stock',0,'Botble\\ACL\\Models\\User',NULL,'physical',NULL,NULL,0,3,0),(5,'Blue Diamond Almonds Lightly (Digital)','<p>Short Hooded Coat features a straight body, large pockets with button flaps, ventilation air holes, and a string\n    detail along the hemline.</p>\n<p><img src=\"/storage/general/clock.png\" alt=\"icon\" style=\"height:15px;\">  1 Year AL Jazeera Brand Warranty\n</p>\n<p><img src=\"/storage/general/paper-plane.png\" alt=\"icon\" style=\"height:15px;\">   30 Day Return Policy</p>\n<p><img src=\"/storage/general/credit-card.png\" alt=\"icon\" style=\"height:15px;\">  Cash on Delivery available\n</p>\n','<p>Short Hooded Coat features a straight body, large pockets with button flaps, ventilation air holes, and a string\n    detail along the hemline. The style is completed with a drawstring hood, featuring Rains’ signature built-in\n    cap. Made from waterproof, matte PU, this lightweight unisex rain jacket is an ode to nostalgia through its classic\n    silhouette and utilitarian design details.</p>\n<p>- Casual unisex fit</p>\n\n<p>- 64% polyester, 36% polyurethane</p>\n\n<p>- Water column pressure: 4000 mm</p>\n\n<p>- Model is 187cm tall and wearing a size S / M</p>\n\n<p>- Unisex fit</p>\n\n<p>- Drawstring hood with built-in cap</p>\n\n<p>- Front placket with snap buttons</p>\n\n<p>- Ventilation under armpit</p>\n\n<p>- Adjustable cuffs</p>\n\n<p>- Double welted front pockets</p>\n\n<p>- Adjustable elastic string at hempen</p>\n\n<p>- Ultrasonically welded seams</p>\n\n<p>This is a unisex item, please check our clothing &amp; footwear sizing guide for specific Rains jacket sizing\n    information. RAINS comes from the rainy nation of Denmark at the edge of the European continent, close to the ocean\n    and with prevailing westerly winds; all factors that contribute to an average of 121 rain days each year. Arising\n    from these rainy weather conditions comes the attitude that a quick rain shower may be beautiful, as well as moody-\n    but first and foremost requires the right outfit. Rains focus on the whole experience of going outside on rainy\n    days, issuing an invitation to explore even in the most mercurial weather.</p>\n','published','[\"products\\/5.jpg\",\"products\\/5-1.jpg\"]','HS-132-A0',0,10,0,1,1,7,0,0,46,NULL,NULL,NULL,20.00,11.00,18.00,863.00,NULL,88693,'2023-11-19 00:36:00','2023-11-19 00:36:15','in_stock',0,'Botble\\ACL\\Models\\User',NULL,'digital',NULL,NULL,0,3,0),(6,'Chobani Complete Vanilla Greek','<p>Short Hooded Coat features a straight body, large pockets with button flaps, ventilation air holes, and a string\n    detail along the hemline.</p>\n<p><img src=\"/storage/general/clock.png\" alt=\"icon\" style=\"height:15px;\">  1 Year AL Jazeera Brand Warranty\n</p>\n<p><img src=\"/storage/general/paper-plane.png\" alt=\"icon\" style=\"height:15px;\">   30 Day Return Policy</p>\n<p><img src=\"/storage/general/credit-card.png\" alt=\"icon\" style=\"height:15px;\">  Cash on Delivery available\n</p>\n','<p>Short Hooded Coat features a straight body, large pockets with button flaps, ventilation air holes, and a string\n    detail along the hemline. The style is completed with a drawstring hood, featuring Rains’ signature built-in\n    cap. Made from waterproof, matte PU, this lightweight unisex rain jacket is an ode to nostalgia through its classic\n    silhouette and utilitarian design details.</p>\n<p>- Casual unisex fit</p>\n\n<p>- 64% polyester, 36% polyurethane</p>\n\n<p>- Water column pressure: 4000 mm</p>\n\n<p>- Model is 187cm tall and wearing a size S / M</p>\n\n<p>- Unisex fit</p>\n\n<p>- Drawstring hood with built-in cap</p>\n\n<p>- Front placket with snap buttons</p>\n\n<p>- Ventilation under armpit</p>\n\n<p>- Adjustable cuffs</p>\n\n<p>- Double welted front pockets</p>\n\n<p>- Adjustable elastic string at hempen</p>\n\n<p>- Ultrasonically welded seams</p>\n\n<p>This is a unisex item, please check our clothing &amp; footwear sizing guide for specific Rains jacket sizing\n    information. RAINS comes from the rainy nation of Denmark at the edge of the European continent, close to the ocean\n    and with prevailing westerly winds; all factors that contribute to an average of 121 rain days each year. Arising\n    from these rainy weather conditions comes the attitude that a quick rain shower may be beautiful, as well as moody-\n    but first and foremost requires the right outfit. Rains focus on the whole experience of going outside on rainy\n    days, issuing an invitation to explore even in the most mercurial weather.</p>\n','published','[\"products\\/6.jpg\",\"products\\/6-1.jpg\"]','HS-140-A0',0,10,0,1,1,4,0,0,53,NULL,NULL,NULL,13.00,10.00,19.00,527.00,NULL,165260,'2023-11-19 00:36:00','2023-11-19 00:36:15','in_stock',0,'Botble\\ACL\\Models\\User',NULL,'physical',NULL,NULL,0,1,0),(7,'Canada Dry Ginger Ale – 2 L Bottle','<p>Short Hooded Coat features a straight body, large pockets with button flaps, ventilation air holes, and a string\n    detail along the hemline.</p>\n<p><img src=\"/storage/general/clock.png\" alt=\"icon\" style=\"height:15px;\">  1 Year AL Jazeera Brand Warranty\n</p>\n<p><img src=\"/storage/general/paper-plane.png\" alt=\"icon\" style=\"height:15px;\">   30 Day Return Policy</p>\n<p><img src=\"/storage/general/credit-card.png\" alt=\"icon\" style=\"height:15px;\">  Cash on Delivery available\n</p>\n','<p>Short Hooded Coat features a straight body, large pockets with button flaps, ventilation air holes, and a string\n    detail along the hemline. The style is completed with a drawstring hood, featuring Rains’ signature built-in\n    cap. Made from waterproof, matte PU, this lightweight unisex rain jacket is an ode to nostalgia through its classic\n    silhouette and utilitarian design details.</p>\n<p>- Casual unisex fit</p>\n\n<p>- 64% polyester, 36% polyurethane</p>\n\n<p>- Water column pressure: 4000 mm</p>\n\n<p>- Model is 187cm tall and wearing a size S / M</p>\n\n<p>- Unisex fit</p>\n\n<p>- Drawstring hood with built-in cap</p>\n\n<p>- Front placket with snap buttons</p>\n\n<p>- Ventilation under armpit</p>\n\n<p>- Adjustable cuffs</p>\n\n<p>- Double welted front pockets</p>\n\n<p>- Adjustable elastic string at hempen</p>\n\n<p>- Ultrasonically welded seams</p>\n\n<p>This is a unisex item, please check our clothing &amp; footwear sizing guide for specific Rains jacket sizing\n    information. RAINS comes from the rainy nation of Denmark at the edge of the European continent, close to the ocean\n    and with prevailing westerly winds; all factors that contribute to an average of 121 rain days each year. Arising\n    from these rainy weather conditions comes the attitude that a quick rain shower may be beautiful, as well as moody-\n    but first and foremost requires the right outfit. Rains focus on the whole experience of going outside on rainy\n    days, issuing an invitation to explore even in the most mercurial weather.</p>\n','published','[\"products\\/7.jpg\",\"products\\/7-1.jpg\"]','HS-123-A0',0,13,0,1,1,5,0,0,122,NULL,NULL,NULL,14.00,18.00,20.00,539.00,NULL,6098,'2023-11-19 00:36:00','2023-11-19 00:36:15','in_stock',0,'Botble\\ACL\\Models\\User',NULL,'physical',NULL,NULL,0,2,0),(8,'Encore Seafoods Stuffed Alaskan','<p>Short Hooded Coat features a straight body, large pockets with button flaps, ventilation air holes, and a string\n    detail along the hemline.</p>\n<p><img src=\"/storage/general/clock.png\" alt=\"icon\" style=\"height:15px;\">  1 Year AL Jazeera Brand Warranty\n</p>\n<p><img src=\"/storage/general/paper-plane.png\" alt=\"icon\" style=\"height:15px;\">   30 Day Return Policy</p>\n<p><img src=\"/storage/general/credit-card.png\" alt=\"icon\" style=\"height:15px;\">  Cash on Delivery available\n</p>\n','<p>Short Hooded Coat features a straight body, large pockets with button flaps, ventilation air holes, and a string\n    detail along the hemline. The style is completed with a drawstring hood, featuring Rains’ signature built-in\n    cap. Made from waterproof, matte PU, this lightweight unisex rain jacket is an ode to nostalgia through its classic\n    silhouette and utilitarian design details.</p>\n<p>- Casual unisex fit</p>\n\n<p>- 64% polyester, 36% polyurethane</p>\n\n<p>- Water column pressure: 4000 mm</p>\n\n<p>- Model is 187cm tall and wearing a size S / M</p>\n\n<p>- Unisex fit</p>\n\n<p>- Drawstring hood with built-in cap</p>\n\n<p>- Front placket with snap buttons</p>\n\n<p>- Ventilation under armpit</p>\n\n<p>- Adjustable cuffs</p>\n\n<p>- Double welted front pockets</p>\n\n<p>- Adjustable elastic string at hempen</p>\n\n<p>- Ultrasonically welded seams</p>\n\n<p>This is a unisex item, please check our clothing &amp; footwear sizing guide for specific Rains jacket sizing\n    information. RAINS comes from the rainy nation of Denmark at the edge of the European continent, close to the ocean\n    and with prevailing westerly winds; all factors that contribute to an average of 121 rain days each year. Arising\n    from these rainy weather conditions comes the attitude that a quick rain shower may be beautiful, as well as moody-\n    but first and foremost requires the right outfit. Rains focus on the whole experience of going outside on rainy\n    days, issuing an invitation to explore even in the most mercurial weather.</p>\n','published','[\"products\\/8.jpg\",\"products\\/8-1.jpg\"]','HS-115-A0',0,14,0,1,1,6,0,0,116,88.16,NULL,NULL,12.00,13.00,17.00,506.00,NULL,55693,'2023-11-19 00:36:00','2023-11-19 00:36:15','in_stock',0,'Botble\\ACL\\Models\\User',NULL,'physical',NULL,NULL,0,2,0),(9,'Gorton’s Beer Battered Fish Fillets (Digital)','<p>Short Hooded Coat features a straight body, large pockets with button flaps, ventilation air holes, and a string\n    detail along the hemline.</p>\n<p><img src=\"/storage/general/clock.png\" alt=\"icon\" style=\"height:15px;\">  1 Year AL Jazeera Brand Warranty\n</p>\n<p><img src=\"/storage/general/paper-plane.png\" alt=\"icon\" style=\"height:15px;\">   30 Day Return Policy</p>\n<p><img src=\"/storage/general/credit-card.png\" alt=\"icon\" style=\"height:15px;\">  Cash on Delivery available\n</p>\n','<p>Short Hooded Coat features a straight body, large pockets with button flaps, ventilation air holes, and a string\n    detail along the hemline. The style is completed with a drawstring hood, featuring Rains’ signature built-in\n    cap. Made from waterproof, matte PU, this lightweight unisex rain jacket is an ode to nostalgia through its classic\n    silhouette and utilitarian design details.</p>\n<p>- Casual unisex fit</p>\n\n<p>- 64% polyester, 36% polyurethane</p>\n\n<p>- Water column pressure: 4000 mm</p>\n\n<p>- Model is 187cm tall and wearing a size S / M</p>\n\n<p>- Unisex fit</p>\n\n<p>- Drawstring hood with built-in cap</p>\n\n<p>- Front placket with snap buttons</p>\n\n<p>- Ventilation under armpit</p>\n\n<p>- Adjustable cuffs</p>\n\n<p>- Double welted front pockets</p>\n\n<p>- Adjustable elastic string at hempen</p>\n\n<p>- Ultrasonically welded seams</p>\n\n<p>This is a unisex item, please check our clothing &amp; footwear sizing guide for specific Rains jacket sizing\n    information. RAINS comes from the rainy nation of Denmark at the edge of the European continent, close to the ocean\n    and with prevailing westerly winds; all factors that contribute to an average of 121 rain days each year. Arising\n    from these rainy weather conditions comes the attitude that a quick rain shower may be beautiful, as well as moody-\n    but first and foremost requires the right outfit. Rains focus on the whole experience of going outside on rainy\n    days, issuing an invitation to explore even in the most mercurial weather.</p>\n','published','[\"products\\/9.jpg\",\"products\\/9-1.jpg\"]','HS-165-A0',0,15,0,1,1,7,0,0,110,NULL,NULL,NULL,20.00,13.00,17.00,707.00,NULL,138302,'2023-11-19 00:36:00','2023-11-19 00:36:15','in_stock',0,'Botble\\ACL\\Models\\User',NULL,'digital',NULL,NULL,0,3,0),(10,'Haagen-Dazs Caramel Cone Ice Cream','<p>Short Hooded Coat features a straight body, large pockets with button flaps, ventilation air holes, and a string\n    detail along the hemline.</p>\n<p><img src=\"/storage/general/clock.png\" alt=\"icon\" style=\"height:15px;\">  1 Year AL Jazeera Brand Warranty\n</p>\n<p><img src=\"/storage/general/paper-plane.png\" alt=\"icon\" style=\"height:15px;\">   30 Day Return Policy</p>\n<p><img src=\"/storage/general/credit-card.png\" alt=\"icon\" style=\"height:15px;\">  Cash on Delivery available\n</p>\n','<p>Short Hooded Coat features a straight body, large pockets with button flaps, ventilation air holes, and a string\n    detail along the hemline. The style is completed with a drawstring hood, featuring Rains’ signature built-in\n    cap. Made from waterproof, matte PU, this lightweight unisex rain jacket is an ode to nostalgia through its classic\n    silhouette and utilitarian design details.</p>\n<p>- Casual unisex fit</p>\n\n<p>- 64% polyester, 36% polyurethane</p>\n\n<p>- Water column pressure: 4000 mm</p>\n\n<p>- Model is 187cm tall and wearing a size S / M</p>\n\n<p>- Unisex fit</p>\n\n<p>- Drawstring hood with built-in cap</p>\n\n<p>- Front placket with snap buttons</p>\n\n<p>- Ventilation under armpit</p>\n\n<p>- Adjustable cuffs</p>\n\n<p>- Double welted front pockets</p>\n\n<p>- Adjustable elastic string at hempen</p>\n\n<p>- Ultrasonically welded seams</p>\n\n<p>This is a unisex item, please check our clothing &amp; footwear sizing guide for specific Rains jacket sizing\n    information. RAINS comes from the rainy nation of Denmark at the edge of the European continent, close to the ocean\n    and with prevailing westerly winds; all factors that contribute to an average of 121 rain days each year. Arising\n    from these rainy weather conditions comes the attitude that a quick rain shower may be beautiful, as well as moody-\n    but first and foremost requires the right outfit. Rains focus on the whole experience of going outside on rainy\n    days, issuing an invitation to explore even in the most mercurial weather.</p>\n','published','[\"products\\/10.jpg\",\"products\\/10-1.jpg\"]','HS-129-A0',0,18,0,1,1,7,0,0,386,NULL,NULL,NULL,13.00,17.00,14.00,545.00,NULL,41381,'2023-11-19 00:36:00','2023-11-19 00:36:15','in_stock',0,'Botble\\ACL\\Models\\User',NULL,'physical',NULL,NULL,0,1,0),(11,'Nestle Original Coffee-Mate Coffee Creamer','<p>Short Hooded Coat features a straight body, large pockets with button flaps, ventilation air holes, and a string\n    detail along the hemline.</p>\n<p><img src=\"/storage/general/clock.png\" alt=\"icon\" style=\"height:15px;\">  1 Year AL Jazeera Brand Warranty\n</p>\n<p><img src=\"/storage/general/paper-plane.png\" alt=\"icon\" style=\"height:15px;\">   30 Day Return Policy</p>\n<p><img src=\"/storage/general/credit-card.png\" alt=\"icon\" style=\"height:15px;\">  Cash on Delivery available\n</p>\n','<p>Short Hooded Coat features a straight body, large pockets with button flaps, ventilation air holes, and a string\n    detail along the hemline. The style is completed with a drawstring hood, featuring Rains’ signature built-in\n    cap. Made from waterproof, matte PU, this lightweight unisex rain jacket is an ode to nostalgia through its classic\n    silhouette and utilitarian design details.</p>\n<p>- Casual unisex fit</p>\n\n<p>- 64% polyester, 36% polyurethane</p>\n\n<p>- Water column pressure: 4000 mm</p>\n\n<p>- Model is 187cm tall and wearing a size S / M</p>\n\n<p>- Unisex fit</p>\n\n<p>- Drawstring hood with built-in cap</p>\n\n<p>- Front placket with snap buttons</p>\n\n<p>- Ventilation under armpit</p>\n\n<p>- Adjustable cuffs</p>\n\n<p>- Double welted front pockets</p>\n\n<p>- Adjustable elastic string at hempen</p>\n\n<p>- Ultrasonically welded seams</p>\n\n<p>This is a unisex item, please check our clothing &amp; footwear sizing guide for specific Rains jacket sizing\n    information. RAINS comes from the rainy nation of Denmark at the edge of the European continent, close to the ocean\n    and with prevailing westerly winds; all factors that contribute to an average of 121 rain days each year. Arising\n    from these rainy weather conditions comes the attitude that a quick rain shower may be beautiful, as well as moody-\n    but first and foremost requires the right outfit. Rains focus on the whole experience of going outside on rainy\n    days, issuing an invitation to explore even in the most mercurial weather.</p>\n','published','[\"products\\/11.jpg\",\"products\\/11-1.jpg\"]','HS-164-A0',0,13,0,1,1,4,0,0,112,NULL,NULL,NULL,14.00,10.00,14.00,850.00,NULL,81750,'2023-11-19 00:36:00','2023-11-19 00:36:15','in_stock',0,'Botble\\ACL\\Models\\User',NULL,'physical',NULL,NULL,0,2,0),(12,'Naturally Flavored Cinnamon Vanilla Light Roast Coffee','<p>Short Hooded Coat features a straight body, large pockets with button flaps, ventilation air holes, and a string\n    detail along the hemline.</p>\n<p><img src=\"/storage/general/clock.png\" alt=\"icon\" style=\"height:15px;\">  1 Year AL Jazeera Brand Warranty\n</p>\n<p><img src=\"/storage/general/paper-plane.png\" alt=\"icon\" style=\"height:15px;\">   30 Day Return Policy</p>\n<p><img src=\"/storage/general/credit-card.png\" alt=\"icon\" style=\"height:15px;\">  Cash on Delivery available\n</p>\n','<p>Short Hooded Coat features a straight body, large pockets with button flaps, ventilation air holes, and a string\n    detail along the hemline. The style is completed with a drawstring hood, featuring Rains’ signature built-in\n    cap. Made from waterproof, matte PU, this lightweight unisex rain jacket is an ode to nostalgia through its classic\n    silhouette and utilitarian design details.</p>\n<p>- Casual unisex fit</p>\n\n<p>- 64% polyester, 36% polyurethane</p>\n\n<p>- Water column pressure: 4000 mm</p>\n\n<p>- Model is 187cm tall and wearing a size S / M</p>\n\n<p>- Unisex fit</p>\n\n<p>- Drawstring hood with built-in cap</p>\n\n<p>- Front placket with snap buttons</p>\n\n<p>- Ventilation under armpit</p>\n\n<p>- Adjustable cuffs</p>\n\n<p>- Double welted front pockets</p>\n\n<p>- Adjustable elastic string at hempen</p>\n\n<p>- Ultrasonically welded seams</p>\n\n<p>This is a unisex item, please check our clothing &amp; footwear sizing guide for specific Rains jacket sizing\n    information. RAINS comes from the rainy nation of Denmark at the edge of the European continent, close to the ocean\n    and with prevailing westerly winds; all factors that contribute to an average of 121 rain days each year. Arising\n    from these rainy weather conditions comes the attitude that a quick rain shower may be beautiful, as well as moody-\n    but first and foremost requires the right outfit. Rains focus on the whole experience of going outside on rainy\n    days, issuing an invitation to explore even in the most mercurial weather.</p>\n','published','[\"products\\/12.jpg\",\"products\\/12-1.jpg\"]','HS-103-A0',0,19,0,1,1,4,0,0,122,109.8,NULL,NULL,19.00,18.00,18.00,511.00,NULL,40519,'2023-11-19 00:36:00','2023-11-19 00:36:15','in_stock',0,'Botble\\ACL\\Models\\User',NULL,'physical',NULL,NULL,0,1,0),(13,'Pepperidge Farm Farmhouse Hearty White Bread (Digital)','<p>Short Hooded Coat features a straight body, large pockets with button flaps, ventilation air holes, and a string\n    detail along the hemline.</p>\n<p><img src=\"/storage/general/clock.png\" alt=\"icon\" style=\"height:15px;\">  1 Year AL Jazeera Brand Warranty\n</p>\n<p><img src=\"/storage/general/paper-plane.png\" alt=\"icon\" style=\"height:15px;\">   30 Day Return Policy</p>\n<p><img src=\"/storage/general/credit-card.png\" alt=\"icon\" style=\"height:15px;\">  Cash on Delivery available\n</p>\n','<p>Short Hooded Coat features a straight body, large pockets with button flaps, ventilation air holes, and a string\n    detail along the hemline. The style is completed with a drawstring hood, featuring Rains’ signature built-in\n    cap. Made from waterproof, matte PU, this lightweight unisex rain jacket is an ode to nostalgia through its classic\n    silhouette and utilitarian design details.</p>\n<p>- Casual unisex fit</p>\n\n<p>- 64% polyester, 36% polyurethane</p>\n\n<p>- Water column pressure: 4000 mm</p>\n\n<p>- Model is 187cm tall and wearing a size S / M</p>\n\n<p>- Unisex fit</p>\n\n<p>- Drawstring hood with built-in cap</p>\n\n<p>- Front placket with snap buttons</p>\n\n<p>- Ventilation under armpit</p>\n\n<p>- Adjustable cuffs</p>\n\n<p>- Double welted front pockets</p>\n\n<p>- Adjustable elastic string at hempen</p>\n\n<p>- Ultrasonically welded seams</p>\n\n<p>This is a unisex item, please check our clothing &amp; footwear sizing guide for specific Rains jacket sizing\n    information. RAINS comes from the rainy nation of Denmark at the edge of the European continent, close to the ocean\n    and with prevailing westerly winds; all factors that contribute to an average of 121 rain days each year. Arising\n    from these rainy weather conditions comes the attitude that a quick rain shower may be beautiful, as well as moody-\n    but first and foremost requires the right outfit. Rains focus on the whole experience of going outside on rainy\n    days, issuing an invitation to explore even in the most mercurial weather.</p>\n','published','[\"products\\/13.jpg\",\"products\\/13-1.jpg\"]','HS-155-A0',0,18,0,1,1,7,0,0,110,NULL,NULL,NULL,19.00,19.00,14.00,716.00,NULL,113100,'2023-11-19 00:36:00','2023-11-19 00:36:15','in_stock',0,'Botble\\ACL\\Models\\User',NULL,'digital',NULL,NULL,0,1,0),(14,'Organic Frozen Triple Berry Blend','<p>Short Hooded Coat features a straight body, large pockets with button flaps, ventilation air holes, and a string\n    detail along the hemline.</p>\n<p><img src=\"/storage/general/clock.png\" alt=\"icon\" style=\"height:15px;\">  1 Year AL Jazeera Brand Warranty\n</p>\n<p><img src=\"/storage/general/paper-plane.png\" alt=\"icon\" style=\"height:15px;\">   30 Day Return Policy</p>\n<p><img src=\"/storage/general/credit-card.png\" alt=\"icon\" style=\"height:15px;\">  Cash on Delivery available\n</p>\n','<p>Short Hooded Coat features a straight body, large pockets with button flaps, ventilation air holes, and a string\n    detail along the hemline. The style is completed with a drawstring hood, featuring Rains’ signature built-in\n    cap. Made from waterproof, matte PU, this lightweight unisex rain jacket is an ode to nostalgia through its classic\n    silhouette and utilitarian design details.</p>\n<p>- Casual unisex fit</p>\n\n<p>- 64% polyester, 36% polyurethane</p>\n\n<p>- Water column pressure: 4000 mm</p>\n\n<p>- Model is 187cm tall and wearing a size S / M</p>\n\n<p>- Unisex fit</p>\n\n<p>- Drawstring hood with built-in cap</p>\n\n<p>- Front placket with snap buttons</p>\n\n<p>- Ventilation under armpit</p>\n\n<p>- Adjustable cuffs</p>\n\n<p>- Double welted front pockets</p>\n\n<p>- Adjustable elastic string at hempen</p>\n\n<p>- Ultrasonically welded seams</p>\n\n<p>This is a unisex item, please check our clothing &amp; footwear sizing guide for specific Rains jacket sizing\n    information. RAINS comes from the rainy nation of Denmark at the edge of the European continent, close to the ocean\n    and with prevailing westerly winds; all factors that contribute to an average of 121 rain days each year. Arising\n    from these rainy weather conditions comes the attitude that a quick rain shower may be beautiful, as well as moody-\n    but first and foremost requires the right outfit. Rains focus on the whole experience of going outside on rainy\n    days, issuing an invitation to explore even in the most mercurial weather.</p>\n','published','[\"products\\/14.jpg\",\"products\\/14-1.jpg\"]','HS-154-A0',0,18,0,1,1,1,0,0,110,NULL,NULL,NULL,18.00,16.00,11.00,635.00,NULL,109126,'2023-11-19 00:36:00','2023-11-19 00:36:15','in_stock',0,'Botble\\ACL\\Models\\User',NULL,'physical',NULL,NULL,0,3,0),(15,'Oroweat Country Buttermilk Bread','<p>Short Hooded Coat features a straight body, large pockets with button flaps, ventilation air holes, and a string\n    detail along the hemline.</p>\n<p><img src=\"/storage/general/clock.png\" alt=\"icon\" style=\"height:15px;\">  1 Year AL Jazeera Brand Warranty\n</p>\n<p><img src=\"/storage/general/paper-plane.png\" alt=\"icon\" style=\"height:15px;\">   30 Day Return Policy</p>\n<p><img src=\"/storage/general/credit-card.png\" alt=\"icon\" style=\"height:15px;\">  Cash on Delivery available\n</p>\n','<p>Short Hooded Coat features a straight body, large pockets with button flaps, ventilation air holes, and a string\n    detail along the hemline. The style is completed with a drawstring hood, featuring Rains’ signature built-in\n    cap. Made from waterproof, matte PU, this lightweight unisex rain jacket is an ode to nostalgia through its classic\n    silhouette and utilitarian design details.</p>\n<p>- Casual unisex fit</p>\n\n<p>- 64% polyester, 36% polyurethane</p>\n\n<p>- Water column pressure: 4000 mm</p>\n\n<p>- Model is 187cm tall and wearing a size S / M</p>\n\n<p>- Unisex fit</p>\n\n<p>- Drawstring hood with built-in cap</p>\n\n<p>- Front placket with snap buttons</p>\n\n<p>- Ventilation under armpit</p>\n\n<p>- Adjustable cuffs</p>\n\n<p>- Double welted front pockets</p>\n\n<p>- Adjustable elastic string at hempen</p>\n\n<p>- Ultrasonically welded seams</p>\n\n<p>This is a unisex item, please check our clothing &amp; footwear sizing guide for specific Rains jacket sizing\n    information. RAINS comes from the rainy nation of Denmark at the edge of the European continent, close to the ocean\n    and with prevailing westerly winds; all factors that contribute to an average of 121 rain days each year. Arising\n    from these rainy weather conditions comes the attitude that a quick rain shower may be beautiful, as well as moody-\n    but first and foremost requires the right outfit. Rains focus on the whole experience of going outside on rainy\n    days, issuing an invitation to explore even in the most mercurial weather.</p>\n','published','[\"products\\/15.jpg\",\"products\\/15-1.jpg\"]','HS-110-A0',0,15,0,1,1,5,0,0,121,NULL,NULL,NULL,12.00,18.00,14.00,714.00,NULL,195210,'2023-11-19 00:36:00','2023-11-19 00:36:15','in_stock',0,'Botble\\ACL\\Models\\User',NULL,'physical',NULL,NULL,0,1,0),(16,'Foster Farms Takeout Crispy Classic Buffalo Wings','<p>Short Hooded Coat features a straight body, large pockets with button flaps, ventilation air holes, and a string\n    detail along the hemline.</p>\n<p><img src=\"/storage/general/clock.png\" alt=\"icon\" style=\"height:15px;\">  1 Year AL Jazeera Brand Warranty\n</p>\n<p><img src=\"/storage/general/paper-plane.png\" alt=\"icon\" style=\"height:15px;\">   30 Day Return Policy</p>\n<p><img src=\"/storage/general/credit-card.png\" alt=\"icon\" style=\"height:15px;\">  Cash on Delivery available\n</p>\n','<p>Short Hooded Coat features a straight body, large pockets with button flaps, ventilation air holes, and a string\n    detail along the hemline. The style is completed with a drawstring hood, featuring Rains’ signature built-in\n    cap. Made from waterproof, matte PU, this lightweight unisex rain jacket is an ode to nostalgia through its classic\n    silhouette and utilitarian design details.</p>\n<p>- Casual unisex fit</p>\n\n<p>- 64% polyester, 36% polyurethane</p>\n\n<p>- Water column pressure: 4000 mm</p>\n\n<p>- Model is 187cm tall and wearing a size S / M</p>\n\n<p>- Unisex fit</p>\n\n<p>- Drawstring hood with built-in cap</p>\n\n<p>- Front placket with snap buttons</p>\n\n<p>- Ventilation under armpit</p>\n\n<p>- Adjustable cuffs</p>\n\n<p>- Double welted front pockets</p>\n\n<p>- Adjustable elastic string at hempen</p>\n\n<p>- Ultrasonically welded seams</p>\n\n<p>This is a unisex item, please check our clothing &amp; footwear sizing guide for specific Rains jacket sizing\n    information. RAINS comes from the rainy nation of Denmark at the edge of the European continent, close to the ocean\n    and with prevailing westerly winds; all factors that contribute to an average of 121 rain days each year. Arising\n    from these rainy weather conditions comes the attitude that a quick rain shower may be beautiful, as well as moody-\n    but first and foremost requires the right outfit. Rains focus on the whole experience of going outside on rainy\n    days, issuing an invitation to explore even in the most mercurial weather.</p>\n','published','[\"products\\/16.jpg\",\"products\\/16-1.jpg\",\"products\\/16-2.jpg\",\"products\\/16-3.jpg\",\"products\\/16-4.jpg\",\"products\\/16-5.jpg\",\"products\\/16-6.jpg\"]','HS-133-A0',0,20,0,1,1,3,0,0,115,92,NULL,NULL,12.00,17.00,14.00,720.00,NULL,175321,'2023-11-19 00:36:00','2023-11-19 00:36:15','in_stock',0,'Botble\\ACL\\Models\\User',NULL,'physical',NULL,NULL,0,3,0),(17,'Angie’s Boomchickapop Sweet &amp; Salty Kettle Corn (Digital)','<p>Short Hooded Coat features a straight body, large pockets with button flaps, ventilation air holes, and a string\n    detail along the hemline.</p>\n<p><img src=\"/storage/general/clock.png\" alt=\"icon\" style=\"height:15px;\">  1 Year AL Jazeera Brand Warranty\n</p>\n<p><img src=\"/storage/general/paper-plane.png\" alt=\"icon\" style=\"height:15px;\">   30 Day Return Policy</p>\n<p><img src=\"/storage/general/credit-card.png\" alt=\"icon\" style=\"height:15px;\">  Cash on Delivery available\n</p>\n','<p>Short Hooded Coat features a straight body, large pockets with button flaps, ventilation air holes, and a string\n    detail along the hemline. The style is completed with a drawstring hood, featuring Rains’ signature built-in\n    cap. Made from waterproof, matte PU, this lightweight unisex rain jacket is an ode to nostalgia through its classic\n    silhouette and utilitarian design details.</p>\n<p>- Casual unisex fit</p>\n\n<p>- 64% polyester, 36% polyurethane</p>\n\n<p>- Water column pressure: 4000 mm</p>\n\n<p>- Model is 187cm tall and wearing a size S / M</p>\n\n<p>- Unisex fit</p>\n\n<p>- Drawstring hood with built-in cap</p>\n\n<p>- Front placket with snap buttons</p>\n\n<p>- Ventilation under armpit</p>\n\n<p>- Adjustable cuffs</p>\n\n<p>- Double welted front pockets</p>\n\n<p>- Adjustable elastic string at hempen</p>\n\n<p>- Ultrasonically welded seams</p>\n\n<p>This is a unisex item, please check our clothing &amp; footwear sizing guide for specific Rains jacket sizing\n    information. RAINS comes from the rainy nation of Denmark at the edge of the European continent, close to the ocean\n    and with prevailing westerly winds; all factors that contribute to an average of 121 rain days each year. Arising\n    from these rainy weather conditions comes the attitude that a quick rain shower may be beautiful, as well as moody-\n    but first and foremost requires the right outfit. Rains focus on the whole experience of going outside on rainy\n    days, issuing an invitation to explore even in the most mercurial weather.</p>\n','published','[\"products\\/17.jpg\",\"products\\/17-1.jpg\"]','HS-127-A0',0,20,0,1,1,7,0,0,126,NULL,NULL,NULL,15.00,16.00,13.00,592.00,NULL,113760,'2023-11-19 00:36:00','2023-11-19 00:36:15','in_stock',0,'Botble\\ACL\\Models\\User',NULL,'digital',NULL,NULL,0,1,0),(18,'All Natural Italian-Style Chicken Meatballs','<p>Short Hooded Coat features a straight body, large pockets with button flaps, ventilation air holes, and a string\n    detail along the hemline.</p>\n<p><img src=\"/storage/general/clock.png\" alt=\"icon\" style=\"height:15px;\">  1 Year AL Jazeera Brand Warranty\n</p>\n<p><img src=\"/storage/general/paper-plane.png\" alt=\"icon\" style=\"height:15px;\">   30 Day Return Policy</p>\n<p><img src=\"/storage/general/credit-card.png\" alt=\"icon\" style=\"height:15px;\">  Cash on Delivery available\n</p>\n','<p>Short Hooded Coat features a straight body, large pockets with button flaps, ventilation air holes, and a string\n    detail along the hemline. The style is completed with a drawstring hood, featuring Rains’ signature built-in\n    cap. Made from waterproof, matte PU, this lightweight unisex rain jacket is an ode to nostalgia through its classic\n    silhouette and utilitarian design details.</p>\n<p>- Casual unisex fit</p>\n\n<p>- 64% polyester, 36% polyurethane</p>\n\n<p>- Water column pressure: 4000 mm</p>\n\n<p>- Model is 187cm tall and wearing a size S / M</p>\n\n<p>- Unisex fit</p>\n\n<p>- Drawstring hood with built-in cap</p>\n\n<p>- Front placket with snap buttons</p>\n\n<p>- Ventilation under armpit</p>\n\n<p>- Adjustable cuffs</p>\n\n<p>- Double welted front pockets</p>\n\n<p>- Adjustable elastic string at hempen</p>\n\n<p>- Ultrasonically welded seams</p>\n\n<p>This is a unisex item, please check our clothing &amp; footwear sizing guide for specific Rains jacket sizing\n    information. RAINS comes from the rainy nation of Denmark at the edge of the European continent, close to the ocean\n    and with prevailing westerly winds; all factors that contribute to an average of 121 rain days each year. Arising\n    from these rainy weather conditions comes the attitude that a quick rain shower may be beautiful, as well as moody-\n    but first and foremost requires the right outfit. Rains focus on the whole experience of going outside on rainy\n    days, issuing an invitation to explore even in the most mercurial weather.</p>\n','published','[\"products\\/18.jpg\",\"products\\/18-1.jpg\"]','HS-114-A0',0,16,0,1,1,5,0,0,121,NULL,NULL,NULL,11.00,19.00,14.00,891.00,NULL,139071,'2023-11-19 00:36:00','2023-11-19 00:36:15','in_stock',0,'Botble\\ACL\\Models\\User',NULL,'physical',NULL,NULL,0,2,0),(19,'Simply Lemonade with Raspberry Juice','<p>Short Hooded Coat features a straight body, large pockets with button flaps, ventilation air holes, and a string\n    detail along the hemline.</p>\n<p><img src=\"/storage/general/clock.png\" alt=\"icon\" style=\"height:15px;\">  1 Year AL Jazeera Brand Warranty\n</p>\n<p><img src=\"/storage/general/paper-plane.png\" alt=\"icon\" style=\"height:15px;\">   30 Day Return Policy</p>\n<p><img src=\"/storage/general/credit-card.png\" alt=\"icon\" style=\"height:15px;\">  Cash on Delivery available\n</p>\n','<p>Short Hooded Coat features a straight body, large pockets with button flaps, ventilation air holes, and a string\n    detail along the hemline. The style is completed with a drawstring hood, featuring Rains’ signature built-in\n    cap. Made from waterproof, matte PU, this lightweight unisex rain jacket is an ode to nostalgia through its classic\n    silhouette and utilitarian design details.</p>\n<p>- Casual unisex fit</p>\n\n<p>- 64% polyester, 36% polyurethane</p>\n\n<p>- Water column pressure: 4000 mm</p>\n\n<p>- Model is 187cm tall and wearing a size S / M</p>\n\n<p>- Unisex fit</p>\n\n<p>- Drawstring hood with built-in cap</p>\n\n<p>- Front placket with snap buttons</p>\n\n<p>- Ventilation under armpit</p>\n\n<p>- Adjustable cuffs</p>\n\n<p>- Double welted front pockets</p>\n\n<p>- Adjustable elastic string at hempen</p>\n\n<p>- Ultrasonically welded seams</p>\n\n<p>This is a unisex item, please check our clothing &amp; footwear sizing guide for specific Rains jacket sizing\n    information. RAINS comes from the rainy nation of Denmark at the edge of the European continent, close to the ocean\n    and with prevailing westerly winds; all factors that contribute to an average of 121 rain days each year. Arising\n    from these rainy weather conditions comes the attitude that a quick rain shower may be beautiful, as well as moody-\n    but first and foremost requires the right outfit. Rains focus on the whole experience of going outside on rainy\n    days, issuing an invitation to explore even in the most mercurial weather.</p>\n','published','[\"products\\/19.jpg\",\"products\\/19-1.jpg\"]','HS-171-A0',0,19,0,1,1,2,0,0,118,NULL,NULL,NULL,10.00,12.00,13.00,646.00,NULL,102949,'2023-11-19 00:36:00','2023-11-19 00:36:15','in_stock',0,'Botble\\ACL\\Models\\User',NULL,'physical',NULL,NULL,0,1,0),(20,'Perdue Simply Smart Organics Gluten Free','<p>Short Hooded Coat features a straight body, large pockets with button flaps, ventilation air holes, and a string\n    detail along the hemline.</p>\n<p><img src=\"/storage/general/clock.png\" alt=\"icon\" style=\"height:15px;\">  1 Year AL Jazeera Brand Warranty\n</p>\n<p><img src=\"/storage/general/paper-plane.png\" alt=\"icon\" style=\"height:15px;\">   30 Day Return Policy</p>\n<p><img src=\"/storage/general/credit-card.png\" alt=\"icon\" style=\"height:15px;\">  Cash on Delivery available\n</p>\n','<p>Short Hooded Coat features a straight body, large pockets with button flaps, ventilation air holes, and a string\n    detail along the hemline. The style is completed with a drawstring hood, featuring Rains’ signature built-in\n    cap. Made from waterproof, matte PU, this lightweight unisex rain jacket is an ode to nostalgia through its classic\n    silhouette and utilitarian design details.</p>\n<p>- Casual unisex fit</p>\n\n<p>- 64% polyester, 36% polyurethane</p>\n\n<p>- Water column pressure: 4000 mm</p>\n\n<p>- Model is 187cm tall and wearing a size S / M</p>\n\n<p>- Unisex fit</p>\n\n<p>- Drawstring hood with built-in cap</p>\n\n<p>- Front placket with snap buttons</p>\n\n<p>- Ventilation under armpit</p>\n\n<p>- Adjustable cuffs</p>\n\n<p>- Double welted front pockets</p>\n\n<p>- Adjustable elastic string at hempen</p>\n\n<p>- Ultrasonically welded seams</p>\n\n<p>This is a unisex item, please check our clothing &amp; footwear sizing guide for specific Rains jacket sizing\n    information. RAINS comes from the rainy nation of Denmark at the edge of the European continent, close to the ocean\n    and with prevailing westerly winds; all factors that contribute to an average of 121 rain days each year. Arising\n    from these rainy weather conditions comes the attitude that a quick rain shower may be beautiful, as well as moody-\n    but first and foremost requires the right outfit. Rains focus on the whole experience of going outside on rainy\n    days, issuing an invitation to explore even in the most mercurial weather.</p>\n','published','[\"products\\/20.jpg\",\"products\\/20-1.jpg\"]','HS-131-A0',0,19,0,1,1,7,0,0,111,91.02,NULL,NULL,17.00,16.00,17.00,603.00,NULL,19665,'2023-11-19 00:36:00','2023-11-19 00:36:15','in_stock',0,'Botble\\ACL\\Models\\User',NULL,'physical',NULL,NULL,0,1,0),(21,'Chen Watermelon (Digital)','<p>Short Hooded Coat features a straight body, large pockets with button flaps, ventilation air holes, and a string\n    detail along the hemline.</p>\n<p><img src=\"/storage/general/clock.png\" alt=\"icon\" style=\"height:15px;\">  1 Year AL Jazeera Brand Warranty\n</p>\n<p><img src=\"/storage/general/paper-plane.png\" alt=\"icon\" style=\"height:15px;\">   30 Day Return Policy</p>\n<p><img src=\"/storage/general/credit-card.png\" alt=\"icon\" style=\"height:15px;\">  Cash on Delivery available\n</p>\n','<p>Short Hooded Coat features a straight body, large pockets with button flaps, ventilation air holes, and a string\n    detail along the hemline. The style is completed with a drawstring hood, featuring Rains’ signature built-in\n    cap. Made from waterproof, matte PU, this lightweight unisex rain jacket is an ode to nostalgia through its classic\n    silhouette and utilitarian design details.</p>\n<p>- Casual unisex fit</p>\n\n<p>- 64% polyester, 36% polyurethane</p>\n\n<p>- Water column pressure: 4000 mm</p>\n\n<p>- Model is 187cm tall and wearing a size S / M</p>\n\n<p>- Unisex fit</p>\n\n<p>- Drawstring hood with built-in cap</p>\n\n<p>- Front placket with snap buttons</p>\n\n<p>- Ventilation under armpit</p>\n\n<p>- Adjustable cuffs</p>\n\n<p>- Double welted front pockets</p>\n\n<p>- Adjustable elastic string at hempen</p>\n\n<p>- Ultrasonically welded seams</p>\n\n<p>This is a unisex item, please check our clothing &amp; footwear sizing guide for specific Rains jacket sizing\n    information. RAINS comes from the rainy nation of Denmark at the edge of the European continent, close to the ocean\n    and with prevailing westerly winds; all factors that contribute to an average of 121 rain days each year. Arising\n    from these rainy weather conditions comes the attitude that a quick rain shower may be beautiful, as well as moody-\n    but first and foremost requires the right outfit. Rains focus on the whole experience of going outside on rainy\n    days, issuing an invitation to explore even in the most mercurial weather.</p>\n','published','[\"products\\/21.jpg\",\"products\\/21-1.jpg\"]','HS-169-A0',0,11,0,1,1,3,0,0,123,NULL,NULL,NULL,13.00,13.00,12.00,518.00,NULL,8949,'2023-11-19 00:36:00','2023-11-19 00:36:15','in_stock',0,'Botble\\ACL\\Models\\User',NULL,'digital',NULL,NULL,0,2,0),(22,'Organic Cage-Free Grade A Large Brown Eggs','<p>Short Hooded Coat features a straight body, large pockets with button flaps, ventilation air holes, and a string\n    detail along the hemline.</p>\n<p><img src=\"/storage/general/clock.png\" alt=\"icon\" style=\"height:15px;\">  1 Year AL Jazeera Brand Warranty\n</p>\n<p><img src=\"/storage/general/paper-plane.png\" alt=\"icon\" style=\"height:15px;\">   30 Day Return Policy</p>\n<p><img src=\"/storage/general/credit-card.png\" alt=\"icon\" style=\"height:15px;\">  Cash on Delivery available\n</p>\n','<p>Short Hooded Coat features a straight body, large pockets with button flaps, ventilation air holes, and a string\n    detail along the hemline. The style is completed with a drawstring hood, featuring Rains’ signature built-in\n    cap. Made from waterproof, matte PU, this lightweight unisex rain jacket is an ode to nostalgia through its classic\n    silhouette and utilitarian design details.</p>\n<p>- Casual unisex fit</p>\n\n<p>- 64% polyester, 36% polyurethane</p>\n\n<p>- Water column pressure: 4000 mm</p>\n\n<p>- Model is 187cm tall and wearing a size S / M</p>\n\n<p>- Unisex fit</p>\n\n<p>- Drawstring hood with built-in cap</p>\n\n<p>- Front placket with snap buttons</p>\n\n<p>- Ventilation under armpit</p>\n\n<p>- Adjustable cuffs</p>\n\n<p>- Double welted front pockets</p>\n\n<p>- Adjustable elastic string at hempen</p>\n\n<p>- Ultrasonically welded seams</p>\n\n<p>This is a unisex item, please check our clothing &amp; footwear sizing guide for specific Rains jacket sizing\n    information. RAINS comes from the rainy nation of Denmark at the edge of the European continent, close to the ocean\n    and with prevailing westerly winds; all factors that contribute to an average of 121 rain days each year. Arising\n    from these rainy weather conditions comes the attitude that a quick rain shower may be beautiful, as well as moody-\n    but first and foremost requires the right outfit. Rains focus on the whole experience of going outside on rainy\n    days, issuing an invitation to explore even in the most mercurial weather.</p>\n','published','[\"products\\/22.jpg\",\"products\\/22-1.jpg\"]','HS-167-A0',0,16,0,1,1,6,0,0,124,NULL,NULL,NULL,15.00,12.00,15.00,595.00,NULL,101712,'2023-11-19 00:36:01','2023-11-19 00:36:15','in_stock',0,'Botble\\ACL\\Models\\User',NULL,'physical',NULL,NULL,0,1,0),(23,'Colorful Banana','<p>Short Hooded Coat features a straight body, large pockets with button flaps, ventilation air holes, and a string\n    detail along the hemline.</p>\n<p><img src=\"/storage/general/clock.png\" alt=\"icon\" style=\"height:15px;\">  1 Year AL Jazeera Brand Warranty\n</p>\n<p><img src=\"/storage/general/paper-plane.png\" alt=\"icon\" style=\"height:15px;\">   30 Day Return Policy</p>\n<p><img src=\"/storage/general/credit-card.png\" alt=\"icon\" style=\"height:15px;\">  Cash on Delivery available\n</p>\n','<p>Short Hooded Coat features a straight body, large pockets with button flaps, ventilation air holes, and a string\n    detail along the hemline. The style is completed with a drawstring hood, featuring Rains’ signature built-in\n    cap. Made from waterproof, matte PU, this lightweight unisex rain jacket is an ode to nostalgia through its classic\n    silhouette and utilitarian design details.</p>\n<p>- Casual unisex fit</p>\n\n<p>- 64% polyester, 36% polyurethane</p>\n\n<p>- Water column pressure: 4000 mm</p>\n\n<p>- Model is 187cm tall and wearing a size S / M</p>\n\n<p>- Unisex fit</p>\n\n<p>- Drawstring hood with built-in cap</p>\n\n<p>- Front placket with snap buttons</p>\n\n<p>- Ventilation under armpit</p>\n\n<p>- Adjustable cuffs</p>\n\n<p>- Double welted front pockets</p>\n\n<p>- Adjustable elastic string at hempen</p>\n\n<p>- Ultrasonically welded seams</p>\n\n<p>This is a unisex item, please check our clothing &amp; footwear sizing guide for specific Rains jacket sizing\n    information. RAINS comes from the rainy nation of Denmark at the edge of the European continent, close to the ocean\n    and with prevailing westerly winds; all factors that contribute to an average of 121 rain days each year. Arising\n    from these rainy weather conditions comes the attitude that a quick rain shower may be beautiful, as well as moody-\n    but first and foremost requires the right outfit. Rains focus on the whole experience of going outside on rainy\n    days, issuing an invitation to explore even in the most mercurial weather.</p>\n','published','[\"products\\/23.jpg\",\"products\\/23-1.jpg\"]','HS-111-A0',0,13,0,1,1,7,0,0,126,NULL,NULL,NULL,19.00,16.00,19.00,832.00,NULL,36319,'2023-11-19 00:36:01','2023-11-19 00:36:15','in_stock',0,'Botble\\ACL\\Models\\User',NULL,'physical',NULL,NULL,0,2,0),(24,'Signature Wood-Fired Mushroom and Caramelized','<p>Short Hooded Coat features a straight body, large pockets with button flaps, ventilation air holes, and a string\n    detail along the hemline.</p>\n<p><img src=\"/storage/general/clock.png\" alt=\"icon\" style=\"height:15px;\">  1 Year AL Jazeera Brand Warranty\n</p>\n<p><img src=\"/storage/general/paper-plane.png\" alt=\"icon\" style=\"height:15px;\">   30 Day Return Policy</p>\n<p><img src=\"/storage/general/credit-card.png\" alt=\"icon\" style=\"height:15px;\">  Cash on Delivery available\n</p>\n','<p>Short Hooded Coat features a straight body, large pockets with button flaps, ventilation air holes, and a string\n    detail along the hemline. The style is completed with a drawstring hood, featuring Rains’ signature built-in\n    cap. Made from waterproof, matte PU, this lightweight unisex rain jacket is an ode to nostalgia through its classic\n    silhouette and utilitarian design details.</p>\n<p>- Casual unisex fit</p>\n\n<p>- 64% polyester, 36% polyurethane</p>\n\n<p>- Water column pressure: 4000 mm</p>\n\n<p>- Model is 187cm tall and wearing a size S / M</p>\n\n<p>- Unisex fit</p>\n\n<p>- Drawstring hood with built-in cap</p>\n\n<p>- Front placket with snap buttons</p>\n\n<p>- Ventilation under armpit</p>\n\n<p>- Adjustable cuffs</p>\n\n<p>- Double welted front pockets</p>\n\n<p>- Adjustable elastic string at hempen</p>\n\n<p>- Ultrasonically welded seams</p>\n\n<p>This is a unisex item, please check our clothing &amp; footwear sizing guide for specific Rains jacket sizing\n    information. RAINS comes from the rainy nation of Denmark at the edge of the European continent, close to the ocean\n    and with prevailing westerly winds; all factors that contribute to an average of 121 rain days each year. Arising\n    from these rainy weather conditions comes the attitude that a quick rain shower may be beautiful, as well as moody-\n    but first and foremost requires the right outfit. Rains focus on the whole experience of going outside on rainy\n    days, issuing an invitation to explore even in the most mercurial weather.</p>\n','published','[\"products\\/24.jpg\",\"products\\/24-1.jpg\"]','HS-129-A0',0,18,0,1,1,1,0,0,119,107.1,NULL,NULL,16.00,19.00,10.00,839.00,NULL,60532,'2023-11-19 00:36:01','2023-11-19 00:36:15','in_stock',0,'Botble\\ACL\\Models\\User',NULL,'physical',NULL,NULL,0,2,0),(25,'Seeds of Change Organic Quinoe (Digital)',NULL,NULL,'published','[\"products\\/1.jpg\"]','HS-160-A0',0,18,0,1,0,4,1,0,259,NULL,NULL,NULL,15.00,11.00,20.00,749.00,NULL,0,'2023-11-19 00:36:01','2023-11-19 00:36:15','in_stock',0,'Botble\\ACL\\Models\\User',NULL,'digital',NULL,NULL,0,NULL,0),(26,'All Natural Italian-Style Chicken Meatballs',NULL,NULL,'published','[\"products\\/2.jpg\"]','HS-130-A0',0,10,0,1,0,7,1,0,265,NULL,NULL,NULL,14.00,12.00,12.00,559.00,NULL,0,'2023-11-19 00:36:01','2023-11-19 00:36:15','in_stock',0,'Botble\\ACL\\Models\\User',NULL,'physical',NULL,NULL,0,NULL,0),(27,'Angie’s Boomchickapop Sweet & Salty Kettle Corn',NULL,NULL,'published','[\"products\\/3.jpg\"]','HS-170-A0',0,19,0,1,0,7,1,0,229,NULL,NULL,NULL,10.00,15.00,19.00,841.00,NULL,0,'2023-11-19 00:36:01','2023-11-19 00:36:15','in_stock',0,'Botble\\ACL\\Models\\User',NULL,'physical',NULL,NULL,0,NULL,0),(28,'Foster Farms Takeout Crispy Classic',NULL,NULL,'published','[\"products\\/4.jpg\"]','HS-174-A0',0,14,0,1,0,4,1,0,72,55.44,NULL,NULL,17.00,16.00,16.00,576.00,NULL,0,'2023-11-19 00:36:01','2023-11-19 00:36:15','in_stock',0,'Botble\\ACL\\Models\\User',NULL,'physical',NULL,NULL,0,NULL,0),(29,'Blue Diamond Almonds Lightly (Digital)',NULL,NULL,'published','[\"products\\/5.jpg\"]','HS-132-A0',0,10,0,1,0,7,1,0,46,NULL,NULL,NULL,20.00,11.00,18.00,863.00,NULL,0,'2023-11-19 00:36:01','2023-11-19 00:36:15','in_stock',0,'Botble\\ACL\\Models\\User',NULL,'digital',NULL,NULL,0,NULL,0),(30,'Blue Diamond Almonds Lightly (Digital)',NULL,NULL,'published','[\"products\\/5-1.jpg\"]','HS-132-A0-A1',0,10,0,1,0,7,1,0,46,NULL,NULL,NULL,20.00,11.00,18.00,863.00,NULL,0,'2023-11-19 00:36:01','2023-11-19 00:36:15','in_stock',0,'Botble\\ACL\\Models\\User',NULL,'digital',NULL,NULL,0,NULL,0),(31,'Blue Diamond Almonds Lightly (Digital)',NULL,NULL,'published','[\"products\\/5.jpg\"]','HS-132-A0-A2',0,10,0,1,0,7,1,0,46,NULL,NULL,NULL,20.00,11.00,18.00,863.00,NULL,0,'2023-11-19 00:36:01','2023-11-19 00:36:15','in_stock',0,'Botble\\ACL\\Models\\User',NULL,'digital',NULL,NULL,0,NULL,0),(32,'Chobani Complete Vanilla Greek',NULL,NULL,'published','[\"products\\/6.jpg\"]','HS-140-A0',0,10,0,1,0,4,1,0,53,NULL,NULL,NULL,13.00,10.00,19.00,527.00,NULL,0,'2023-11-19 00:36:01','2023-11-19 00:36:15','in_stock',0,'Botble\\ACL\\Models\\User',NULL,'physical',NULL,NULL,0,NULL,0),(33,'Chobani Complete Vanilla Greek',NULL,NULL,'published','[\"products\\/6-1.jpg\"]','HS-140-A0-A1',0,10,0,1,0,4,1,0,53,NULL,NULL,NULL,13.00,10.00,19.00,527.00,NULL,0,'2023-11-19 00:36:01','2023-11-19 00:36:15','in_stock',0,'Botble\\ACL\\Models\\User',NULL,'physical',NULL,NULL,0,NULL,0),(34,'Chobani Complete Vanilla Greek',NULL,NULL,'published','[\"products\\/6.jpg\"]','HS-140-A0-A2',0,10,0,1,0,4,1,0,53,NULL,NULL,NULL,13.00,10.00,19.00,527.00,NULL,0,'2023-11-19 00:36:01','2023-11-19 00:36:15','in_stock',0,'Botble\\ACL\\Models\\User',NULL,'physical',NULL,NULL,0,NULL,0),(35,'Canada Dry Ginger Ale – 2 L Bottle',NULL,NULL,'published','[\"products\\/7.jpg\"]','HS-123-A0',0,13,0,1,0,5,1,0,122,NULL,NULL,NULL,14.00,18.00,20.00,539.00,NULL,0,'2023-11-19 00:36:01','2023-11-19 00:36:15','in_stock',0,'Botble\\ACL\\Models\\User',NULL,'physical',NULL,NULL,0,NULL,0),(36,'Canada Dry Ginger Ale – 2 L Bottle',NULL,NULL,'published','[\"products\\/7-1.jpg\"]','HS-123-A0-A1',0,13,0,1,0,5,1,0,122,NULL,NULL,NULL,14.00,18.00,20.00,539.00,NULL,0,'2023-11-19 00:36:01','2023-11-19 00:36:15','in_stock',0,'Botble\\ACL\\Models\\User',NULL,'physical',NULL,NULL,0,NULL,0),(37,'Canada Dry Ginger Ale – 2 L Bottle',NULL,NULL,'published','[\"products\\/7.jpg\"]','HS-123-A0-A2',0,13,0,1,0,5,1,0,122,NULL,NULL,NULL,14.00,18.00,20.00,539.00,NULL,0,'2023-11-19 00:36:01','2023-11-19 00:36:15','in_stock',0,'Botble\\ACL\\Models\\User',NULL,'physical',NULL,NULL,0,NULL,0),(38,'Canada Dry Ginger Ale – 2 L Bottle',NULL,NULL,'published','[\"products\\/7.jpg\"]','HS-123-A0-A3',0,13,0,1,0,5,1,0,122,NULL,NULL,NULL,14.00,18.00,20.00,539.00,NULL,0,'2023-11-19 00:36:01','2023-11-19 00:36:15','in_stock',0,'Botble\\ACL\\Models\\User',NULL,'physical',NULL,NULL,0,NULL,0),(39,'Canada Dry Ginger Ale – 2 L Bottle',NULL,NULL,'published','[\"products\\/7.jpg\"]','HS-123-A0-A4',0,13,0,1,0,5,1,0,122,NULL,NULL,NULL,14.00,18.00,20.00,539.00,NULL,0,'2023-11-19 00:36:01','2023-11-19 00:36:15','in_stock',0,'Botble\\ACL\\Models\\User',NULL,'physical',NULL,NULL,0,NULL,0),(40,'Encore Seafoods Stuffed Alaskan',NULL,NULL,'published','[\"products\\/8.jpg\"]','HS-115-A0',0,14,0,1,0,6,1,0,116,88.16,NULL,NULL,12.00,13.00,17.00,506.00,NULL,0,'2023-11-19 00:36:01','2023-11-19 00:36:15','in_stock',0,'Botble\\ACL\\Models\\User',NULL,'physical',NULL,NULL,0,NULL,0),(41,'Encore Seafoods Stuffed Alaskan',NULL,NULL,'published','[\"products\\/8-1.jpg\"]','HS-115-A0-A1',0,14,0,1,0,6,1,0,116,98.6,NULL,NULL,12.00,13.00,17.00,506.00,NULL,0,'2023-11-19 00:36:01','2023-11-19 00:36:15','in_stock',0,'Botble\\ACL\\Models\\User',NULL,'physical',NULL,NULL,0,NULL,0),(42,'Encore Seafoods Stuffed Alaskan',NULL,NULL,'published','[\"products\\/8.jpg\"]','HS-115-A0-A2',0,14,0,1,0,6,1,0,116,92.8,NULL,NULL,12.00,13.00,17.00,506.00,NULL,0,'2023-11-19 00:36:01','2023-11-19 00:36:15','in_stock',0,'Botble\\ACL\\Models\\User',NULL,'physical',NULL,NULL,0,NULL,0),(43,'Gorton’s Beer Battered Fish Fillets (Digital)',NULL,NULL,'published','[\"products\\/9.jpg\"]','HS-165-A0',0,15,0,1,0,7,1,0,110,NULL,NULL,NULL,20.00,13.00,17.00,707.00,NULL,0,'2023-11-19 00:36:01','2023-11-19 00:36:15','in_stock',0,'Botble\\ACL\\Models\\User',NULL,'digital',NULL,NULL,0,NULL,0),(44,'Haagen-Dazs Caramel Cone Ice Cream',NULL,NULL,'published','[\"products\\/10.jpg\"]','HS-129-A0',0,18,0,1,0,7,1,0,386,NULL,NULL,NULL,13.00,17.00,14.00,545.00,NULL,0,'2023-11-19 00:36:01','2023-11-19 00:36:15','in_stock',0,'Botble\\ACL\\Models\\User',NULL,'physical',NULL,NULL,0,NULL,0),(45,'Haagen-Dazs Caramel Cone Ice Cream',NULL,NULL,'published','[\"products\\/10-1.jpg\"]','HS-129-A0-A1',0,18,0,1,0,7,1,0,386,NULL,NULL,NULL,13.00,17.00,14.00,545.00,NULL,0,'2023-11-19 00:36:01','2023-11-19 00:36:15','in_stock',0,'Botble\\ACL\\Models\\User',NULL,'physical',NULL,NULL,0,NULL,0),(46,'Nestle Original Coffee-Mate Coffee Creamer',NULL,NULL,'published','[\"products\\/11.jpg\"]','HS-164-A0',0,13,0,1,0,4,1,0,112,NULL,NULL,NULL,14.00,10.00,14.00,850.00,NULL,0,'2023-11-19 00:36:01','2023-11-19 00:36:15','in_stock',0,'Botble\\ACL\\Models\\User',NULL,'physical',NULL,NULL,0,NULL,0),(47,'Nestle Original Coffee-Mate Coffee Creamer',NULL,NULL,'published','[\"products\\/11-1.jpg\"]','HS-164-A0-A1',0,13,0,1,0,4,1,0,112,NULL,NULL,NULL,14.00,10.00,14.00,850.00,NULL,0,'2023-11-19 00:36:01','2023-11-19 00:36:15','in_stock',0,'Botble\\ACL\\Models\\User',NULL,'physical',NULL,NULL,0,NULL,0),(48,'Nestle Original Coffee-Mate Coffee Creamer',NULL,NULL,'published','[\"products\\/11.jpg\"]','HS-164-A0-A2',0,13,0,1,0,4,1,0,112,NULL,NULL,NULL,14.00,10.00,14.00,850.00,NULL,0,'2023-11-19 00:36:01','2023-11-19 00:36:15','in_stock',0,'Botble\\ACL\\Models\\User',NULL,'physical',NULL,NULL,0,NULL,0),(49,'Nestle Original Coffee-Mate Coffee Creamer',NULL,NULL,'published','[\"products\\/11.jpg\"]','HS-164-A0-A3',0,13,0,1,0,4,1,0,112,NULL,NULL,NULL,14.00,10.00,14.00,850.00,NULL,0,'2023-11-19 00:36:01','2023-11-19 00:36:15','in_stock',0,'Botble\\ACL\\Models\\User',NULL,'physical',NULL,NULL,0,NULL,0),(50,'Nestle Original Coffee-Mate Coffee Creamer',NULL,NULL,'published','[\"products\\/11.jpg\"]','HS-164-A0-A4',0,13,0,1,0,4,1,0,112,NULL,NULL,NULL,14.00,10.00,14.00,850.00,NULL,0,'2023-11-19 00:36:01','2023-11-19 00:36:15','in_stock',0,'Botble\\ACL\\Models\\User',NULL,'physical',NULL,NULL,0,NULL,0),(51,'Naturally Flavored Cinnamon Vanilla Light Roast Coffee',NULL,NULL,'published','[\"products\\/12.jpg\"]','HS-103-A0',0,19,0,1,0,4,1,0,122,109.8,NULL,NULL,19.00,18.00,18.00,511.00,NULL,0,'2023-11-19 00:36:01','2023-11-19 00:36:15','in_stock',0,'Botble\\ACL\\Models\\User',NULL,'physical',NULL,NULL,0,NULL,0),(52,'Naturally Flavored Cinnamon Vanilla Light Roast Coffee',NULL,NULL,'published','[\"products\\/12-1.jpg\"]','HS-103-A0-A1',0,19,0,1,0,4,1,0,122,106.14,NULL,NULL,19.00,18.00,18.00,511.00,NULL,0,'2023-11-19 00:36:01','2023-11-19 00:36:15','in_stock',0,'Botble\\ACL\\Models\\User',NULL,'physical',NULL,NULL,0,NULL,0),(53,'Pepperidge Farm Farmhouse Hearty White Bread (Digital)',NULL,NULL,'published','[\"products\\/13.jpg\"]','HS-155-A0',0,18,0,1,0,7,1,0,110,NULL,NULL,NULL,19.00,19.00,14.00,716.00,NULL,0,'2023-11-19 00:36:01','2023-11-19 00:36:15','in_stock',0,'Botble\\ACL\\Models\\User',NULL,'digital',NULL,NULL,0,NULL,0),(54,'Pepperidge Farm Farmhouse Hearty White Bread (Digital)',NULL,NULL,'published','[\"products\\/13-1.jpg\"]','HS-155-A0-A1',0,18,0,1,0,7,1,0,110,NULL,NULL,NULL,19.00,19.00,14.00,716.00,NULL,0,'2023-11-19 00:36:01','2023-11-19 00:36:15','in_stock',0,'Botble\\ACL\\Models\\User',NULL,'digital',NULL,NULL,0,NULL,0),(55,'Pepperidge Farm Farmhouse Hearty White Bread (Digital)',NULL,NULL,'published','[\"products\\/13.jpg\"]','HS-155-A0-A2',0,18,0,1,0,7,1,0,110,NULL,NULL,NULL,19.00,19.00,14.00,716.00,NULL,0,'2023-11-19 00:36:01','2023-11-19 00:36:15','in_stock',0,'Botble\\ACL\\Models\\User',NULL,'digital',NULL,NULL,0,NULL,0),(56,'Organic Frozen Triple Berry Blend',NULL,NULL,'published','[\"products\\/14.jpg\"]','HS-154-A0',0,18,0,1,0,1,1,0,110,NULL,NULL,NULL,18.00,16.00,11.00,635.00,NULL,0,'2023-11-19 00:36:01','2023-11-19 00:36:15','in_stock',0,'Botble\\ACL\\Models\\User',NULL,'physical',NULL,NULL,0,NULL,0),(57,'Organic Frozen Triple Berry Blend',NULL,NULL,'published','[\"products\\/14-1.jpg\"]','HS-154-A0-A1',0,18,0,1,0,1,1,0,110,NULL,NULL,NULL,18.00,16.00,11.00,635.00,NULL,0,'2023-11-19 00:36:01','2023-11-19 00:36:15','in_stock',0,'Botble\\ACL\\Models\\User',NULL,'physical',NULL,NULL,0,NULL,0),(58,'Organic Frozen Triple Berry Blend',NULL,NULL,'published','[\"products\\/14.jpg\"]','HS-154-A0-A2',0,18,0,1,0,1,1,0,110,NULL,NULL,NULL,18.00,16.00,11.00,635.00,NULL,0,'2023-11-19 00:36:01','2023-11-19 00:36:15','in_stock',0,'Botble\\ACL\\Models\\User',NULL,'physical',NULL,NULL,0,NULL,0),(59,'Oroweat Country Buttermilk Bread',NULL,NULL,'published','[\"products\\/15.jpg\"]','HS-110-A0',0,15,0,1,0,5,1,0,121,NULL,NULL,NULL,12.00,18.00,14.00,714.00,NULL,0,'2023-11-19 00:36:01','2023-11-19 00:36:15','in_stock',0,'Botble\\ACL\\Models\\User',NULL,'physical',NULL,NULL,0,NULL,0),(60,'Oroweat Country Buttermilk Bread',NULL,NULL,'published','[\"products\\/15-1.jpg\"]','HS-110-A0-A1',0,15,0,1,0,5,1,0,121,NULL,NULL,NULL,12.00,18.00,14.00,714.00,NULL,0,'2023-11-19 00:36:01','2023-11-19 00:36:15','in_stock',0,'Botble\\ACL\\Models\\User',NULL,'physical',NULL,NULL,0,NULL,0),(61,'Oroweat Country Buttermilk Bread',NULL,NULL,'published','[\"products\\/15.jpg\"]','HS-110-A0-A2',0,15,0,1,0,5,1,0,121,NULL,NULL,NULL,12.00,18.00,14.00,714.00,NULL,0,'2023-11-19 00:36:01','2023-11-19 00:36:15','in_stock',0,'Botble\\ACL\\Models\\User',NULL,'physical',NULL,NULL,0,NULL,0),(62,'Foster Farms Takeout Crispy Classic Buffalo Wings',NULL,NULL,'published','[\"products\\/16.jpg\"]','HS-133-A0',0,20,0,1,0,3,1,0,115,92,NULL,NULL,12.00,17.00,14.00,720.00,NULL,0,'2023-11-19 00:36:01','2023-11-19 00:36:15','in_stock',0,'Botble\\ACL\\Models\\User',NULL,'physical',NULL,NULL,0,NULL,0),(63,'Foster Farms Takeout Crispy Classic Buffalo Wings',NULL,NULL,'published','[\"products\\/16-1.jpg\"]','HS-133-A0-A1',0,20,0,1,0,3,1,0,115,95.45,NULL,NULL,12.00,17.00,14.00,720.00,NULL,0,'2023-11-19 00:36:01','2023-11-19 00:36:15','in_stock',0,'Botble\\ACL\\Models\\User',NULL,'physical',NULL,NULL,0,NULL,0),(64,'Foster Farms Takeout Crispy Classic Buffalo Wings',NULL,NULL,'published','[\"products\\/16-2.jpg\"]','HS-133-A0-A2',0,20,0,1,0,3,1,0,115,89.7,NULL,NULL,12.00,17.00,14.00,720.00,NULL,0,'2023-11-19 00:36:01','2023-11-19 00:36:15','in_stock',0,'Botble\\ACL\\Models\\User',NULL,'physical',NULL,NULL,0,NULL,0),(65,'Angie’s Boomchickapop Sweet & Salty Kettle Corn (Digital)',NULL,NULL,'published','[\"products\\/17.jpg\"]','HS-127-A0',0,20,0,1,0,7,1,0,126,NULL,NULL,NULL,15.00,16.00,13.00,592.00,NULL,0,'2023-11-19 00:36:01','2023-11-19 00:36:15','in_stock',0,'Botble\\ACL\\Models\\User',NULL,'digital',NULL,NULL,0,NULL,0),(66,'Angie’s Boomchickapop Sweet & Salty Kettle Corn (Digital)',NULL,NULL,'published','[\"products\\/17-1.jpg\"]','HS-127-A0-A1',0,20,0,1,0,7,1,0,126,NULL,NULL,NULL,15.00,16.00,13.00,592.00,NULL,0,'2023-11-19 00:36:01','2023-11-19 00:36:15','in_stock',0,'Botble\\ACL\\Models\\User',NULL,'digital',NULL,NULL,0,NULL,0),(67,'Angie’s Boomchickapop Sweet & Salty Kettle Corn (Digital)',NULL,NULL,'published','[\"products\\/17.jpg\"]','HS-127-A0-A2',0,20,0,1,0,7,1,0,126,NULL,NULL,NULL,15.00,16.00,13.00,592.00,NULL,0,'2023-11-19 00:36:01','2023-11-19 00:36:15','in_stock',0,'Botble\\ACL\\Models\\User',NULL,'digital',NULL,NULL,0,NULL,0),(68,'All Natural Italian-Style Chicken Meatballs',NULL,NULL,'published','[\"products\\/18.jpg\"]','HS-114-A0',0,16,0,1,0,5,1,0,121,NULL,NULL,NULL,11.00,19.00,14.00,891.00,NULL,0,'2023-11-19 00:36:01','2023-11-19 00:36:15','in_stock',0,'Botble\\ACL\\Models\\User',NULL,'physical',NULL,NULL,0,NULL,0),(69,'Simply Lemonade with Raspberry Juice',NULL,NULL,'published','[\"products\\/19.jpg\"]','HS-171-A0',0,19,0,1,0,2,1,0,118,NULL,NULL,NULL,10.00,12.00,13.00,646.00,NULL,0,'2023-11-19 00:36:02','2023-11-19 00:36:15','in_stock',0,'Botble\\ACL\\Models\\User',NULL,'physical',NULL,NULL,0,NULL,0),(70,'Simply Lemonade with Raspberry Juice',NULL,NULL,'published','[\"products\\/19-1.jpg\"]','HS-171-A0-A1',0,19,0,1,0,2,1,0,118,NULL,NULL,NULL,10.00,12.00,13.00,646.00,NULL,0,'2023-11-19 00:36:02','2023-11-19 00:36:15','in_stock',0,'Botble\\ACL\\Models\\User',NULL,'physical',NULL,NULL,0,NULL,0),(71,'Perdue Simply Smart Organics Gluten Free',NULL,NULL,'published','[\"products\\/20.jpg\"]','HS-131-A0',0,19,0,1,0,7,1,0,111,91.02,NULL,NULL,17.00,16.00,17.00,603.00,NULL,0,'2023-11-19 00:36:02','2023-11-19 00:36:15','in_stock',0,'Botble\\ACL\\Models\\User',NULL,'physical',NULL,NULL,0,NULL,0),(72,'Perdue Simply Smart Organics Gluten Free',NULL,NULL,'published','[\"products\\/20-1.jpg\"]','HS-131-A0-A1',0,19,0,1,0,7,1,0,111,97.68,NULL,NULL,17.00,16.00,17.00,603.00,NULL,0,'2023-11-19 00:36:02','2023-11-19 00:36:15','in_stock',0,'Botble\\ACL\\Models\\User',NULL,'physical',NULL,NULL,0,NULL,0),(73,'Chen Watermelon (Digital)',NULL,NULL,'published','[\"products\\/21.jpg\"]','HS-169-A0',0,11,0,1,0,3,1,0,123,NULL,NULL,NULL,13.00,13.00,12.00,518.00,NULL,0,'2023-11-19 00:36:02','2023-11-19 00:36:15','in_stock',0,'Botble\\ACL\\Models\\User',NULL,'digital',NULL,NULL,0,NULL,0),(74,'Chen Watermelon (Digital)',NULL,NULL,'published','[\"products\\/21-1.jpg\"]','HS-169-A0-A1',0,11,0,1,0,3,1,0,123,NULL,NULL,NULL,13.00,13.00,12.00,518.00,NULL,0,'2023-11-19 00:36:02','2023-11-19 00:36:15','in_stock',0,'Botble\\ACL\\Models\\User',NULL,'digital',NULL,NULL,0,NULL,0),(75,'Organic Cage-Free Grade A Large Brown Eggs',NULL,NULL,'published','[\"products\\/22.jpg\"]','HS-167-A0',0,16,0,1,0,6,1,0,124,NULL,NULL,NULL,15.00,12.00,15.00,595.00,NULL,0,'2023-11-19 00:36:02','2023-11-19 00:36:15','in_stock',0,'Botble\\ACL\\Models\\User',NULL,'physical',NULL,NULL,0,NULL,0),(76,'Organic Cage-Free Grade A Large Brown Eggs',NULL,NULL,'published','[\"products\\/22-1.jpg\"]','HS-167-A0-A1',0,16,0,1,0,6,1,0,124,NULL,NULL,NULL,15.00,12.00,15.00,595.00,NULL,0,'2023-11-19 00:36:02','2023-11-19 00:36:15','in_stock',0,'Botble\\ACL\\Models\\User',NULL,'physical',NULL,NULL,0,NULL,0),(77,'Organic Cage-Free Grade A Large Brown Eggs',NULL,NULL,'published','[\"products\\/22.jpg\"]','HS-167-A0-A2',0,16,0,1,0,6,1,0,124,NULL,NULL,NULL,15.00,12.00,15.00,595.00,NULL,0,'2023-11-19 00:36:02','2023-11-19 00:36:15','in_stock',0,'Botble\\ACL\\Models\\User',NULL,'physical',NULL,NULL,0,NULL,0),(78,'Organic Cage-Free Grade A Large Brown Eggs',NULL,NULL,'published','[\"products\\/22.jpg\"]','HS-167-A0-A3',0,16,0,1,0,6,1,0,124,NULL,NULL,NULL,15.00,12.00,15.00,595.00,NULL,0,'2023-11-19 00:36:02','2023-11-19 00:36:15','in_stock',0,'Botble\\ACL\\Models\\User',NULL,'physical',NULL,NULL,0,NULL,0),(79,'Organic Cage-Free Grade A Large Brown Eggs',NULL,NULL,'published','[\"products\\/22.jpg\"]','HS-167-A0-A4',0,16,0,1,0,6,1,0,124,NULL,NULL,NULL,15.00,12.00,15.00,595.00,NULL,0,'2023-11-19 00:36:02','2023-11-19 00:36:15','in_stock',0,'Botble\\ACL\\Models\\User',NULL,'physical',NULL,NULL,0,NULL,0),(80,'Colorful Banana',NULL,NULL,'published','[\"products\\/23.jpg\"]','HS-111-A0',0,13,0,1,0,7,1,0,126,NULL,NULL,NULL,19.00,16.00,19.00,832.00,NULL,0,'2023-11-19 00:36:02','2023-11-19 00:36:15','in_stock',0,'Botble\\ACL\\Models\\User',NULL,'physical',NULL,NULL,0,NULL,0),(81,'Colorful Banana',NULL,NULL,'published','[\"products\\/23-1.jpg\"]','HS-111-A0-A1',0,13,0,1,0,7,1,0,126,NULL,NULL,NULL,19.00,16.00,19.00,832.00,NULL,0,'2023-11-19 00:36:02','2023-11-19 00:36:15','in_stock',0,'Botble\\ACL\\Models\\User',NULL,'physical',NULL,NULL,0,NULL,0),(82,'Colorful Banana',NULL,NULL,'published','[\"products\\/23.jpg\"]','HS-111-A0-A2',0,13,0,1,0,7,1,0,126,NULL,NULL,NULL,19.00,16.00,19.00,832.00,NULL,0,'2023-11-19 00:36:02','2023-11-19 00:36:15','in_stock',0,'Botble\\ACL\\Models\\User',NULL,'physical',NULL,NULL,0,NULL,0),(83,'Colorful Banana',NULL,NULL,'published','[\"products\\/23.jpg\"]','HS-111-A0-A3',0,13,0,1,0,7,1,0,126,NULL,NULL,NULL,19.00,16.00,19.00,832.00,NULL,0,'2023-11-19 00:36:02','2023-11-19 00:36:15','in_stock',0,'Botble\\ACL\\Models\\User',NULL,'physical',NULL,NULL,0,NULL,0),(84,'Signature Wood-Fired Mushroom and Caramelized',NULL,NULL,'published','[\"products\\/24.jpg\"]','HS-129-A0',0,18,0,1,0,1,1,0,119,107.1,NULL,NULL,16.00,19.00,10.00,839.00,NULL,0,'2023-11-19 00:36:02','2023-11-19 00:36:15','in_stock',0,'Botble\\ACL\\Models\\User',NULL,'physical',NULL,NULL,0,NULL,0);
/*!40000 ALTER TABLE `ec_products` ENABLE KEYS */;
UNLOCK TABLES;

--
-- Table structure for table `ec_products_translations`
--

DROP TABLE IF EXISTS `ec_products_translations`;
/*!40101 SET @saved_cs_client     = @@character_set_client */;
/*!50503 SET character_set_client = utf8mb4 */;
CREATE TABLE `ec_products_translations` (
  `lang_code` varchar(20) COLLATE utf8mb4_unicode_ci NOT NULL,
  `ec_products_id` bigint unsigned NOT NULL,
  `name` varchar(255) COLLATE utf8mb4_unicode_ci DEFAULT NULL,
  `description` text COLLATE utf8mb4_unicode_ci,
  `content` text COLLATE utf8mb4_unicode_ci,
  PRIMARY KEY (`lang_code`,`ec_products_id`)
) ENGINE=InnoDB DEFAULT CHARSET=utf8mb4 COLLATE=utf8mb4_unicode_ci;
/*!40101 SET character_set_client = @saved_cs_client */;

--
-- Dumping data for table `ec_products_translations`
--

LOCK TABLES `ec_products_translations` WRITE;
/*!40000 ALTER TABLE `ec_products_translations` DISABLE KEYS */;
/*!40000 ALTER TABLE `ec_products_translations` ENABLE KEYS */;
UNLOCK TABLES;

--
-- Table structure for table `ec_reviews`
--

DROP TABLE IF EXISTS `ec_reviews`;
/*!40101 SET @saved_cs_client     = @@character_set_client */;
/*!50503 SET character_set_client = utf8mb4 */;
CREATE TABLE `ec_reviews` (
  `id` bigint unsigned NOT NULL AUTO_INCREMENT,
  `customer_id` bigint unsigned NOT NULL,
  `product_id` bigint unsigned NOT NULL,
  `star` double(8,2) NOT NULL,
  `comment` text COLLATE utf8mb4_unicode_ci NOT NULL,
  `status` varchar(60) COLLATE utf8mb4_unicode_ci NOT NULL DEFAULT 'published',
  `created_at` timestamp NULL DEFAULT NULL,
  `updated_at` timestamp NULL DEFAULT NULL,
  `images` text COLLATE utf8mb4_unicode_ci,
  PRIMARY KEY (`id`),
  UNIQUE KEY `ec_reviews_product_id_customer_id_unique` (`product_id`,`customer_id`),
  KEY `ec_reviews_product_id_customer_id_status_created_at_index` (`product_id`,`customer_id`,`status`,`created_at`),
  KEY `review_relation_index` (`product_id`,`customer_id`,`status`)
) ENGINE=InnoDB AUTO_INCREMENT=1001 DEFAULT CHARSET=utf8mb4 COLLATE=utf8mb4_unicode_ci;
/*!40101 SET character_set_client = @saved_cs_client */;

--
-- Dumping data for table `ec_reviews`
--

LOCK TABLES `ec_reviews` WRITE;
/*!40000 ALTER TABLE `ec_reviews` DISABLE KEYS */;
INSERT INTO `ec_reviews` VALUES (1,5,6,4.00,'Clean & perfect source code','published','2023-11-19 00:36:05','2023-11-19 00:36:05','[\"products\\/15-1.jpg\",\"products\\/16-5.jpg\",\"products\\/24-1.jpg\"]'),(2,1,6,1.00,'Second or third time that I buy a Botble product, happy with the products and support. You guys do a good job :)','published','2023-11-19 00:36:05','2023-11-19 00:36:05','[\"products\\/1-1.jpg\"]'),(3,8,1,3.00,'Amazing code, amazing support. Overall, im really confident in Botble and im happy I made the right choice! Thank you so much guys for coding this masterpiece','published','2023-11-19 00:36:05','2023-11-19 00:36:05','[\"products\\/7-1.jpg\",\"products\\/17-1.jpg\"]'),(4,1,24,2.00,'For me the best eCommerce script on Envato at this moment: modern, clean code, a lot of great features. The customer support is great too: I always get an answer within hours!','published','2023-11-19 00:36:05','2023-11-19 00:36:05','[\"products\\/8-1.jpg\"]'),(5,5,9,3.00,'Very enthusiastic support! Excellent code is written. It\'s a true pleasure working with.','published','2023-11-19 00:36:05','2023-11-19 00:36:05','[\"products\\/1.jpg\",\"products\\/2-1.jpg\",\"products\\/12.jpg\",\"products\\/16-4.jpg\"]'),(6,6,15,2.00,'Clean & perfect source code','published','2023-11-19 00:36:05','2023-11-19 00:36:05','[\"products\\/6.jpg\"]'),(7,1,14,3.00,'It\'s not my first experience here on Codecanyon and I can honestly tell you all that Botble puts a LOT of effort into the support. They answer so fast, they helped me tons of times. REALLY by far THE BEST EXPERIENCE on Codecanyon. Those guys at Botble are so good that they deserve 5 stars. I recommend them, I trust them and I can\'t wait to see what they will sell in a near future. Thank you Botble :)','published','2023-11-19 00:36:05','2023-11-19 00:36:05','[\"products\\/2-1.jpg\",\"products\\/4-1.jpg\",\"products\\/16.jpg\",\"products\\/19-1.jpg\"]'),(8,4,6,2.00,'It\'s not my first experience here on Codecanyon and I can honestly tell you all that Botble puts a LOT of effort into the support. They answer so fast, they helped me tons of times. REALLY by far THE BEST EXPERIENCE on Codecanyon. Those guys at Botble are so good that they deserve 5 stars. I recommend them, I trust them and I can\'t wait to see what they will sell in a near future. Thank you Botble :)','published','2023-11-19 00:36:05','2023-11-19 00:36:05','[\"products\\/5-1.jpg\"]'),(9,9,6,1.00,'Customer Support are grade (A*), however the code is a way too over engineered for it\'s purpose.','published','2023-11-19 00:36:05','2023-11-19 00:36:05','[\"products\\/8-1.jpg\",\"products\\/9.jpg\",\"products\\/12-1.jpg\",\"products\\/18.jpg\"]'),(10,1,11,3.00,'It\'s not my first experience here on Codecanyon and I can honestly tell you all that Botble puts a LOT of effort into the support. They answer so fast, they helped me tons of times. REALLY by far THE BEST EXPERIENCE on Codecanyon. Those guys at Botble are so good that they deserve 5 stars. I recommend them, I trust them and I can\'t wait to see what they will sell in a near future. Thank you Botble :)','published','2023-11-19 00:36:05','2023-11-19 00:36:05','[\"products\\/8.jpg\",\"products\\/12.jpg\",\"products\\/22-1.jpg\",\"products\\/23.jpg\"]'),(11,3,16,4.00,'The best ecommerce CMS! Excellent coding! best support service! Thank you so much..... I really like your hard work.','published','2023-11-19 00:36:05','2023-11-19 00:36:05','[\"products\\/7-1.jpg\",\"products\\/14.jpg\",\"products\\/15-1.jpg\",\"products\\/16-2.jpg\"]'),(12,2,1,4.00,'We have received brilliant service support and will be expanding the features with the developer. Nice product!','published','2023-11-19 00:36:05','2023-11-19 00:36:05','[\"products\\/9-1.jpg\",\"products\\/12.jpg\"]'),(13,5,21,1.00,'I Love this Script. I also found how to add other fees. Now I just wait the BIG update for the Marketplace with the Bulk Import. Just do not forget to make it to be Multi-language for us the Botble Fans.','published','2023-11-19 00:36:05','2023-11-19 00:36:05','[\"products\\/18-1.jpg\"]'),(14,7,9,2.00,'Very enthusiastic support! Excellent code is written. It\'s a true pleasure working with.','published','2023-11-19 00:36:05','2023-11-19 00:36:05','[\"products\\/7-1.jpg\",\"products\\/10-1.jpg\"]'),(15,2,20,1.00,'We have received brilliant service support and will be expanding the features with the developer. Nice product!','published','2023-11-19 00:36:05','2023-11-19 00:36:05','[\"products\\/10-1.jpg\"]'),(16,2,13,4.00,'For me the best eCommerce script on Envato at this moment: modern, clean code, a lot of great features. The customer support is great too: I always get an answer within hours!','published','2023-11-19 00:36:05','2023-11-19 00:36:05','[\"products\\/7-1.jpg\",\"products\\/12.jpg\",\"products\\/14-1.jpg\",\"products\\/24-1.jpg\"]'),(17,1,1,5.00,'The best ecommerce CMS! Excellent coding! best support service! Thank you so much..... I really like your hard work.','published','2023-11-19 00:36:05','2023-11-19 00:36:05','[\"products\\/6-1.jpg\"]'),(18,3,17,5.00,'It\'s not my first experience here on Codecanyon and I can honestly tell you all that Botble puts a LOT of effort into the support. They answer so fast, they helped me tons of times. REALLY by far THE BEST EXPERIENCE on Codecanyon. Those guys at Botble are so good that they deserve 5 stars. I recommend them, I trust them and I can\'t wait to see what they will sell in a near future. Thank you Botble :)','published','2023-11-19 00:36:05','2023-11-19 00:36:05','[\"products\\/7-1.jpg\",\"products\\/15.jpg\",\"products\\/21-1.jpg\"]'),(19,8,8,5.00,'I Love this Script. I also found how to add other fees. Now I just wait the BIG update for the Marketplace with the Bulk Import. Just do not forget to make it to be Multi-language for us the Botble Fans.','published','2023-11-19 00:36:05','2023-11-19 00:36:05','[\"products\\/8.jpg\",\"products\\/16-4.jpg\",\"products\\/19-1.jpg\",\"products\\/23-1.jpg\"]'),(20,9,15,1.00,'Best ecommerce CMS online store!','published','2023-11-19 00:36:05','2023-11-19 00:36:05','[\"products\\/4.jpg\"]'),(21,7,14,3.00,'We have received brilliant service support and will be expanding the features with the developer. Nice product!','published','2023-11-19 00:36:05','2023-11-19 00:36:05','[\"products\\/13.jpg\"]'),(22,6,3,3.00,'For me the best eCommerce script on Envato at this moment: modern, clean code, a lot of great features. The customer support is great too: I always get an answer within hours!','published','2023-11-19 00:36:05','2023-11-19 00:36:05','[\"products\\/5.jpg\",\"products\\/16-2.jpg\"]'),(23,3,13,1.00,'Second or third time that I buy a Botble product, happy with the products and support. You guys do a good job :)','published','2023-11-19 00:36:05','2023-11-19 00:36:05','[\"products\\/10-1.jpg\"]'),(24,2,16,1.00,'Great E-commerce system. And much more : Wonderful Customer Support.','published','2023-11-19 00:36:05','2023-11-19 00:36:05','[\"products\\/13-1.jpg\",\"products\\/15-1.jpg\",\"products\\/16-2.jpg\"]'),(26,6,5,1.00,'The best ecommerce CMS! Excellent coding! best support service! Thank you so much..... I really like your hard work.','published','2023-11-19 00:36:05','2023-11-19 00:36:05','[\"products\\/3.jpg\",\"products\\/6-1.jpg\",\"products\\/13-1.jpg\"]'),(27,8,4,5.00,'We have received brilliant service support and will be expanding the features with the developer. Nice product!','published','2023-11-19 00:36:05','2023-11-19 00:36:05','[\"products\\/1-1.jpg\",\"products\\/17-1.jpg\"]'),(28,2,12,1.00,'Good app, good backup service and support. Good documentation.','published','2023-11-19 00:36:05','2023-11-19 00:36:05','[\"products\\/7.jpg\"]'),(29,10,24,3.00,'Very enthusiastic support! Excellent code is written. It\'s a true pleasure working with.','published','2023-11-19 00:36:05','2023-11-19 00:36:05','[\"products\\/5.jpg\",\"products\\/19-1.jpg\"]'),(30,10,7,3.00,'I Love this Script. I also found how to add other fees. Now I just wait the BIG update for the Marketplace with the Bulk Import. Just do not forget to make it to be Multi-language for us the Botble Fans.','published','2023-11-19 00:36:05','2023-11-19 00:36:05','[\"products\\/4.jpg\",\"products\\/6.jpg\",\"products\\/12.jpg\"]'),(31,10,11,4.00,'For me the best eCommerce script on Envato at this moment: modern, clean code, a lot of great features. The customer support is great too: I always get an answer within hours!','published','2023-11-19 00:36:05','2023-11-19 00:36:05','[\"products\\/2.jpg\",\"products\\/3.jpg\",\"products\\/15.jpg\",\"products\\/22.jpg\"]'),(32,2,2,5.00,'I Love this Script. I also found how to add other fees. Now I just wait the BIG update for the Marketplace with the Bulk Import. Just do not forget to make it to be Multi-language for us the Botble Fans.','published','2023-11-19 00:36:05','2023-11-19 00:36:05','[\"products\\/2-1.jpg\"]'),(33,6,4,2.00,'For me the best eCommerce script on Envato at this moment: modern, clean code, a lot of great features. The customer support is great too: I always get an answer within hours!','published','2023-11-19 00:36:05','2023-11-19 00:36:05','[\"products\\/3-1.jpg\",\"products\\/4.jpg\",\"products\\/7.jpg\",\"products\\/18.jpg\"]'),(34,2,18,3.00,'The script is the best of its class, fast, easy to implement and work with , and the most important thing is the great support team , Recommend with no doubt.','published','2023-11-19 00:36:05','2023-11-19 00:36:05','[\"products\\/8.jpg\",\"products\\/16-2.jpg\",\"products\\/16-4.jpg\",\"products\\/20-1.jpg\"]'),(35,1,4,1.00,'As a developer I reviewed this script. This is really awesome ecommerce script. I have convinced when I noticed that it\'s built on fully WordPress concept.','published','2023-11-19 00:36:05','2023-11-19 00:36:05','[\"products\\/15-1.jpg\"]'),(39,6,9,3.00,'Great system, great support, good job Botble. I\'m looking forward to more great functional plugins.','published','2023-11-19 00:36:05','2023-11-19 00:36:05','[\"products\\/4.jpg\",\"products\\/11-1.jpg\",\"products\\/16-2.jpg\",\"products\\/18.jpg\"]'),(40,9,24,3.00,'We have received brilliant service support and will be expanding the features with the developer. Nice product!','published','2023-11-19 00:36:05','2023-11-19 00:36:05','[\"products\\/20-1.jpg\"]'),(41,5,20,3.00,'Clean & perfect source code','published','2023-11-19 00:36:05','2023-11-19 00:36:05','[\"products\\/17.jpg\"]'),(42,8,5,4.00,'It\'s not my first experience here on Codecanyon and I can honestly tell you all that Botble puts a LOT of effort into the support. They answer so fast, they helped me tons of times. REALLY by far THE BEST EXPERIENCE on Codecanyon. Those guys at Botble are so good that they deserve 5 stars. I recommend them, I trust them and I can\'t wait to see what they will sell in a near future. Thank you Botble :)','published','2023-11-19 00:36:05','2023-11-19 00:36:05','[\"products\\/6.jpg\",\"products\\/22-1.jpg\"]'),(43,7,4,3.00,'It\'s not my first experience here on Codecanyon and I can honestly tell you all that Botble puts a LOT of effort into the support. They answer so fast, they helped me tons of times. REALLY by far THE BEST EXPERIENCE on Codecanyon. Those guys at Botble are so good that they deserve 5 stars. I recommend them, I trust them and I can\'t wait to see what they will sell in a near future. Thank you Botble :)','published','2023-11-19 00:36:05','2023-11-19 00:36:05','[\"products\\/3.jpg\",\"products\\/16-2.jpg\",\"products\\/18-1.jpg\"]'),(45,7,18,4.00,'Perfect +++++++++ i love it really also i get to fast ticket answers... Thanks Lot BOTBLE Teams','published','2023-11-19 00:36:05','2023-11-19 00:36:05','[\"products\\/3.jpg\",\"products\\/12.jpg\"]'),(46,7,23,1.00,'Second or third time that I buy a Botble product, happy with the products and support. You guys do a good job :)','published','2023-11-19 00:36:05','2023-11-19 00:36:05','[\"products\\/16-1.jpg\",\"products\\/16-3.jpg\",\"products\\/19.jpg\",\"products\\/23.jpg\"]'),(47,3,7,1.00,'Solution is too robust for our purpose so we didn\'t use it at the end. But I appreciate customer support during initial configuration.','published','2023-11-19 00:36:05','2023-11-19 00:36:05','[\"products\\/10-1.jpg\"]'),(48,5,16,4.00,'This script is well coded and is super fast. The support is pretty quick. Very patient and helpful team. I strongly recommend it and they deserve more than 5 stars.','published','2023-11-19 00:36:05','2023-11-19 00:36:05','[\"products\\/7-1.jpg\",\"products\\/16.jpg\"]'),(49,10,20,5.00,'Customer Support are grade (A*), however the code is a way too over engineered for it\'s purpose.','published','2023-11-19 00:36:05','2023-11-19 00:36:05','[\"products\\/3-1.jpg\"]'),(50,1,5,5.00,'Perfect +++++++++ i love it really also i get to fast ticket answers... Thanks Lot BOTBLE Teams','published','2023-11-19 00:36:05','2023-11-19 00:36:05','[\"products\\/8.jpg\",\"products\\/12.jpg\",\"products\\/13-1.jpg\",\"products\\/21-1.jpg\"]'),(51,9,14,3.00,'Perfect +++++++++ i love it really also i get to fast ticket answers... Thanks Lot BOTBLE Teams','published','2023-11-19 00:36:05','2023-11-19 00:36:05','[\"products\\/1.jpg\",\"products\\/5-1.jpg\",\"products\\/17-1.jpg\",\"products\\/21.jpg\"]'),(52,7,6,1.00,'This web app is really good in design, code quality & features. Besides, the customer support provided by the Botble team was really fast & helpful. You guys are awesome!','published','2023-11-19 00:36:05','2023-11-19 00:36:05','[\"products\\/12-1.jpg\"]'),(53,5,7,2.00,'Those guys now what they are doing, the release such a good product that it\'s a pleasure to work with ! Even when I was stuck on the project, I created a ticket and the next day it was replied by the team. GOOD JOB guys. I love working with them :)','published','2023-11-19 00:36:05','2023-11-19 00:36:05','[\"products\\/1.jpg\"]'),(55,4,9,3.00,'Best ecommerce CMS online store!','published','2023-11-19 00:36:05','2023-11-19 00:36:05','[\"products\\/3.jpg\",\"products\\/13.jpg\",\"products\\/16-2.jpg\",\"products\\/24.jpg\"]'),(56,5,11,1.00,'These guys are amazing! Responses immediately, amazing support and help... I immediately feel at ease after Purchasing..','published','2023-11-19 00:36:05','2023-11-19 00:36:05','[\"products\\/1.jpg\",\"products\\/4.jpg\"]'),(57,7,13,3.00,'Very enthusiastic support! Excellent code is written. It\'s a true pleasure working with.','published','2023-11-19 00:36:05','2023-11-19 00:36:05','[\"products\\/16-1.jpg\"]'),(58,9,19,2.00,'For me the best eCommerce script on Envato at this moment: modern, clean code, a lot of great features. The customer support is great too: I always get an answer within hours!','published','2023-11-19 00:36:05','2023-11-19 00:36:05','[\"products\\/4-1.jpg\",\"products\\/23-1.jpg\"]'),(59,8,22,5.00,'Those guys now what they are doing, the release such a good product that it\'s a pleasure to work with ! Even when I was stuck on the project, I created a ticket and the next day it was replied by the team. GOOD JOB guys. I love working with them :)','published','2023-11-19 00:36:05','2023-11-19 00:36:05','[\"products\\/12.jpg\",\"products\\/16-4.jpg\",\"products\\/16-5.jpg\",\"products\\/21.jpg\"]'),(60,9,4,5.00,'Amazing code, amazing support. Overall, im really confident in Botble and im happy I made the right choice! Thank you so much guys for coding this masterpiece','published','2023-11-19 00:36:05','2023-11-19 00:36:05','[\"products\\/10-1.jpg\",\"products\\/23-1.jpg\"]'),(61,5,12,1.00,'Customer Support are grade (A*), however the code is a way too over engineered for it\'s purpose.','published','2023-11-19 00:36:05','2023-11-19 00:36:05','[\"products\\/1.jpg\",\"products\\/9-1.jpg\",\"products\\/11-1.jpg\",\"products\\/23.jpg\"]'),(62,4,22,2.00,'As a developer I reviewed this script. This is really awesome ecommerce script. I have convinced when I noticed that it\'s built on fully WordPress concept.','published','2023-11-19 00:36:05','2023-11-19 00:36:05','[\"products\\/5-1.jpg\"]'),(63,9,16,1.00,'Great E-commerce system. And much more : Wonderful Customer Support.','published','2023-11-19 00:36:05','2023-11-19 00:36:05','[\"products\\/12.jpg\"]'),(64,9,7,5.00,'Ok good product. I have some issues in customizations. But its not correct to blame the developer. The product is good. Good luck for your business.','published','2023-11-19 00:36:05','2023-11-19 00:36:05','[\"products\\/12-1.jpg\",\"products\\/16-1.jpg\",\"products\\/18-1.jpg\"]'),(65,8,2,3.00,'Perfect +++++++++ i love it really also i get to fast ticket answers... Thanks Lot BOTBLE Teams','published','2023-11-19 00:36:05','2023-11-19 00:36:05','[\"products\\/7-1.jpg\",\"products\\/16-1.jpg\",\"products\\/16-3.jpg\",\"products\\/16.jpg\"]'),(67,7,24,2.00,'For me the best eCommerce script on Envato at this moment: modern, clean code, a lot of great features. The customer support is great too: I always get an answer within hours!','published','2023-11-19 00:36:05','2023-11-19 00:36:05','[\"products\\/1-1.jpg\",\"products\\/7.jpg\"]'),(68,6,18,2.00,'Good app, good backup service and support. Good documentation.','published','2023-11-19 00:36:05','2023-11-19 00:36:05','[\"products\\/2-1.jpg\",\"products\\/23.jpg\"]'),(69,7,19,3.00,'Ok good product. I have some issues in customizations. But its not correct to blame the developer. The product is good. Good luck for your business.','published','2023-11-19 00:36:05','2023-11-19 00:36:05','[\"products\\/9-1.jpg\"]'),(71,6,20,5.00,'Perfect +++++++++ i love it really also i get to fast ticket answers... Thanks Lot BOTBLE Teams','published','2023-11-19 00:36:05','2023-11-19 00:36:05','[\"products\\/5-1.jpg\",\"products\\/21.jpg\"]'),(72,8,18,5.00,'We have received brilliant service support and will be expanding the features with the developer. Nice product!','published','2023-11-19 00:36:05','2023-11-19 00:36:05','[\"products\\/16-5.jpg\",\"products\\/19-1.jpg\"]'),(73,7,17,4.00,'Best ecommerce CMS online store!','published','2023-11-19 00:36:05','2023-11-19 00:36:05','[\"products\\/14-1.jpg\",\"products\\/14.jpg\",\"products\\/20.jpg\"]'),(74,9,18,4.00,'Ok good product. I have some issues in customizations. But its not correct to blame the developer. The product is good. Good luck for your business.','published','2023-11-19 00:36:05','2023-11-19 00:36:05','[\"products\\/20.jpg\"]'),(75,4,14,3.00,'The best store template! Excellent coding! Very good support! Thank you so much for all the help, I really appreciated.','published','2023-11-19 00:36:05','2023-11-19 00:36:05','[\"products\\/9-1.jpg\",\"products\\/19.jpg\",\"products\\/20.jpg\",\"products\\/22.jpg\"]'),(76,7,5,4.00,'Amazing code, amazing support. Overall, im really confident in Botble and im happy I made the right choice! Thank you so much guys for coding this masterpiece','published','2023-11-19 00:36:05','2023-11-19 00:36:05','[\"products\\/16-1.jpg\",\"products\\/19-1.jpg\"]'),(77,1,19,5.00,'The best ecommerce CMS! Excellent coding! best support service! Thank you so much..... I really like your hard work.','published','2023-11-19 00:36:05','2023-11-19 00:36:05','[\"products\\/6.jpg\"]'),(78,8,10,2.00,'Ok good product. I have some issues in customizations. But its not correct to blame the developer. The product is good. Good luck for your business.','published','2023-11-19 00:36:05','2023-11-19 00:36:05','[\"products\\/4-1.jpg\"]'),(80,7,16,3.00,'Solution is too robust for our purpose so we didn\'t use it at the end. But I appreciate customer support during initial configuration.','published','2023-11-19 00:36:05','2023-11-19 00:36:05','[\"products\\/1.jpg\",\"products\\/15.jpg\",\"products\\/18-1.jpg\",\"products\\/21.jpg\"]'),(81,6,7,5.00,'The best ecommerce CMS! Excellent coding! best support service! Thank you so much..... I really like your hard work.','published','2023-11-19 00:36:05','2023-11-19 00:36:05','[\"products\\/16-6.jpg\",\"products\\/18-1.jpg\",\"products\\/20.jpg\"]'),(82,5,22,2.00,'These guys are amazing! Responses immediately, amazing support and help... I immediately feel at ease after Purchasing..','published','2023-11-19 00:36:05','2023-11-19 00:36:05','[\"products\\/12.jpg\"]'),(83,9,12,1.00,'The best ecommerce CMS! Excellent coding! best support service! Thank you so much..... I really like your hard work.','published','2023-11-19 00:36:05','2023-11-19 00:36:05','[\"products\\/2.jpg\"]'),(84,7,15,3.00,'Amazing code, amazing support. Overall, im really confident in Botble and im happy I made the right choice! Thank you so much guys for coding this masterpiece','published','2023-11-19 00:36:05','2023-11-19 00:36:05','[\"products\\/12-1.jpg\"]'),(85,7,20,1.00,'Good app, good backup service and support. Good documentation.','published','2023-11-19 00:36:05','2023-11-19 00:36:05','[\"products\\/4-1.jpg\",\"products\\/7.jpg\",\"products\\/8.jpg\",\"products\\/15-1.jpg\"]'),(86,6,11,1.00,'It\'s not my first experience here on Codecanyon and I can honestly tell you all that Botble puts a LOT of effort into the support. They answer so fast, they helped me tons of times. REALLY by far THE BEST EXPERIENCE on Codecanyon. Those guys at Botble are so good that they deserve 5 stars. I recommend them, I trust them and I can\'t wait to see what they will sell in a near future. Thank you Botble :)','published','2023-11-19 00:36:05','2023-11-19 00:36:05','[\"products\\/16.jpg\",\"products\\/24.jpg\"]'),(87,1,9,2.00,'The code is good, in general, if you like it, can you give it 5 stars?','published','2023-11-19 00:36:05','2023-11-19 00:36:05','[\"products\\/1-1.jpg\",\"products\\/4.jpg\",\"products\\/10-1.jpg\",\"products\\/20-1.jpg\"]'),(89,5,10,2.00,'Customer Support are grade (A*), however the code is a way too over engineered for it\'s purpose.','published','2023-11-19 00:36:05','2023-11-19 00:36:05','[\"products\\/6.jpg\",\"products\\/12-1.jpg\",\"products\\/16-1.jpg\",\"products\\/20.jpg\"]'),(90,10,5,2.00,'Best ecommerce CMS online store!','published','2023-11-19 00:36:05','2023-11-19 00:36:05','[\"products\\/2-1.jpg\",\"products\\/15.jpg\"]'),(91,3,1,4.00,'Clean & perfect source code','published','2023-11-19 00:36:05','2023-11-19 00:36:05','[\"products\\/11-1.jpg\",\"products\\/12-1.jpg\",\"products\\/24-1.jpg\"]'),(92,5,17,1.00,'I Love this Script. I also found how to add other fees. Now I just wait the BIG update for the Marketplace with the Bulk Import. Just do not forget to make it to be Multi-language for us the Botble Fans.','published','2023-11-19 00:36:05','2023-11-19 00:36:05','[\"products\\/5.jpg\",\"products\\/12.jpg\"]'),(93,1,7,2.00,'Customer Support are grade (A*), however the code is a way too over engineered for it\'s purpose.','published','2023-11-19 00:36:05','2023-11-19 00:36:05','[\"products\\/6-1.jpg\",\"products\\/14.jpg\",\"products\\/16-1.jpg\",\"products\\/22-1.jpg\"]'),(94,4,10,5.00,'Good app, good backup service and support. Good documentation.','published','2023-11-19 00:36:05','2023-11-19 00:36:05','[\"products\\/9-1.jpg\"]'),(95,7,2,3.00,'Good app, good backup service and support. Good documentation.','published','2023-11-19 00:36:05','2023-11-19 00:36:05','[\"products\\/16-2.jpg\",\"products\\/21-1.jpg\"]'),(96,2,15,1.00,'Cool template. Excellent code quality. The support responds very quickly, which is very rare on themeforest and codecanyon.net, I buy a lot of templates, and everyone will have a response from technical support for two or three days. Thanks to tech support. I recommend to buy.','published','2023-11-19 00:36:05','2023-11-19 00:36:05','[\"products\\/8.jpg\",\"products\\/17-1.jpg\",\"products\\/18-1.jpg\"]'),(97,7,1,3.00,'Those guys now what they are doing, the release such a good product that it\'s a pleasure to work with ! Even when I was stuck on the project, I created a ticket and the next day it was replied by the team. GOOD JOB guys. I love working with them :)','published','2023-11-19 00:36:05','2023-11-19 00:36:05','[\"products\\/5-1.jpg\",\"products\\/11-1.jpg\",\"products\\/12-1.jpg\",\"products\\/16-3.jpg\"]'),(98,4,20,4.00,'This script is well coded and is super fast. The support is pretty quick. Very patient and helpful team. I strongly recommend it and they deserve more than 5 stars.','published','2023-11-19 00:36:05','2023-11-19 00:36:05','[\"products\\/8.jpg\",\"products\\/23.jpg\"]'),(101,5,23,3.00,'Very enthusiastic support! Excellent code is written. It\'s a true pleasure working with.','published','2023-11-19 00:36:05','2023-11-19 00:36:05','[\"products\\/16-6.jpg\"]'),(102,5,24,4.00,'The code is good, in general, if you like it, can you give it 5 stars?','published','2023-11-19 00:36:05','2023-11-19 00:36:05','[\"products\\/15.jpg\",\"products\\/17-1.jpg\",\"products\\/18.jpg\",\"products\\/19-1.jpg\"]'),(103,4,13,4.00,'Ok good product. I have some issues in customizations. But its not correct to blame the developer. The product is good. Good luck for your business.','published','2023-11-19 00:36:05','2023-11-19 00:36:05','[\"products\\/8-1.jpg\",\"products\\/12.jpg\",\"products\\/13.jpg\",\"products\\/23-1.jpg\"]'),(104,4,3,1.00,'Cool template. Excellent code quality. The support responds very quickly, which is very rare on themeforest and codecanyon.net, I buy a lot of templates, and everyone will have a response from technical support for two or three days. Thanks to tech support. I recommend to buy.','published','2023-11-19 00:36:05','2023-11-19 00:36:05','[\"products\\/12-1.jpg\",\"products\\/15.jpg\"]'),(105,4,24,3.00,'Best ecommerce CMS online store!','published','2023-11-19 00:36:05','2023-11-19 00:36:05','[\"products\\/21-1.jpg\"]'),(106,5,14,1.00,'Solution is too robust for our purpose so we didn\'t use it at the end. But I appreciate customer support during initial configuration.','published','2023-11-19 00:36:05','2023-11-19 00:36:05','[\"products\\/14-1.jpg\"]'),(107,8,20,4.00,'Cool template. Excellent code quality. The support responds very quickly, which is very rare on themeforest and codecanyon.net, I buy a lot of templates, and everyone will have a response from technical support for two or three days. Thanks to tech support. I recommend to buy.','published','2023-11-19 00:36:05','2023-11-19 00:36:05','[\"products\\/14.jpg\",\"products\\/15-1.jpg\",\"products\\/21-1.jpg\"]'),(108,3,14,2.00,'As a developer I reviewed this script. This is really awesome ecommerce script. I have convinced when I noticed that it\'s built on fully WordPress concept.','published','2023-11-19 00:36:05','2023-11-19 00:36:05','[\"products\\/8-1.jpg\",\"products\\/8.jpg\",\"products\\/12.jpg\"]'),(110,2,24,4.00,'For me the best eCommerce script on Envato at this moment: modern, clean code, a lot of great features. The customer support is great too: I always get an answer within hours!','published','2023-11-19 00:36:05','2023-11-19 00:36:05','[\"products\\/5-1.jpg\",\"products\\/9-1.jpg\",\"products\\/11-1.jpg\"]'),(111,2,6,5.00,'I Love this Script. I also found how to add other fees. Now I just wait the BIG update for the Marketplace with the Bulk Import. Just do not forget to make it to be Multi-language for us the Botble Fans.','published','2023-11-19 00:36:05','2023-11-19 00:36:05','[\"products\\/7.jpg\",\"products\\/8-1.jpg\",\"products\\/16.jpg\"]'),(112,10,15,1.00,'This script is well coded and is super fast. The support is pretty quick. Very patient and helpful team. I strongly recommend it and they deserve more than 5 stars.','published','2023-11-19 00:36:05','2023-11-19 00:36:05','[\"products\\/13-1.jpg\",\"products\\/15-1.jpg\",\"products\\/16-2.jpg\"]'),(115,1,23,1.00,'The best store template! Excellent coding! Very good support! Thank you so much for all the help, I really appreciated.','published','2023-11-19 00:36:05','2023-11-19 00:36:05','[\"products\\/2-1.jpg\",\"products\\/5-1.jpg\",\"products\\/16-6.jpg\",\"products\\/17-1.jpg\"]'),(116,8,13,2.00,'We have received brilliant service support and will be expanding the features with the developer. Nice product!','published','2023-11-19 00:36:05','2023-11-19 00:36:05','[\"products\\/8-1.jpg\",\"products\\/14.jpg\",\"products\\/16.jpg\"]'),(117,5,1,2.00,'This web app is really good in design, code quality & features. Besides, the customer support provided by the Botble team was really fast & helpful. You guys are awesome!','published','2023-11-19 00:36:05','2023-11-19 00:36:05','[\"products\\/19.jpg\"]'),(118,8,23,5.00,'We have received brilliant service support and will be expanding the features with the developer. Nice product!','published','2023-11-19 00:36:05','2023-11-19 00:36:05','[\"products\\/22.jpg\"]'),(119,7,22,1.00,'Customer Support are grade (A*), however the code is a way too over engineered for it\'s purpose.','published','2023-11-19 00:36:05','2023-11-19 00:36:05','[\"products\\/3-1.jpg\"]'),(123,5,18,5.00,'Best ecommerce CMS online store!','published','2023-11-19 00:36:05','2023-11-19 00:36:05','[\"products\\/9.jpg\",\"products\\/15.jpg\",\"products\\/22.jpg\",\"products\\/24.jpg\"]'),(129,6,2,5.00,'Great system, great support, good job Botble. I\'m looking forward to more great functional plugins.','published','2023-11-19 00:36:05','2023-11-19 00:36:05','[\"products\\/16-2.jpg\"]'),(131,9,17,5.00,'I Love this Script. I also found how to add other fees. Now I just wait the BIG update for the Marketplace with the Bulk Import. Just do not forget to make it to be Multi-language for us the Botble Fans.','published','2023-11-19 00:36:05','2023-11-19 00:36:05','[\"products\\/16-2.jpg\",\"products\\/21.jpg\"]'),(134,6,8,2.00,'As a developer I reviewed this script. This is really awesome ecommerce script. I have convinced when I noticed that it\'s built on fully WordPress concept.','published','2023-11-19 00:36:05','2023-11-19 00:36:05','[\"products\\/2-1.jpg\",\"products\\/3.jpg\",\"products\\/24-1.jpg\"]'),(139,3,3,4.00,'Great system, great support, good job Botble. I\'m looking forward to more great functional plugins.','published','2023-11-19 00:36:05','2023-11-19 00:36:05','[\"products\\/16-4.jpg\",\"products\\/18-1.jpg\"]'),(140,3,22,4.00,'Second or third time that I buy a Botble product, happy with the products and support. You guys do a good job :)','published','2023-11-19 00:36:05','2023-11-19 00:36:05','[\"products\\/4.jpg\",\"products\\/15.jpg\",\"products\\/21-1.jpg\",\"products\\/23-1.jpg\"]'),(146,8,6,1.00,'It\'s not my first experience here on Codecanyon and I can honestly tell you all that Botble puts a LOT of effort into the support. They answer so fast, they helped me tons of times. REALLY by far THE BEST EXPERIENCE on Codecanyon. Those guys at Botble are so good that they deserve 5 stars. I recommend them, I trust them and I can\'t wait to see what they will sell in a near future. Thank you Botble :)','published','2023-11-19 00:36:05','2023-11-19 00:36:05','[\"products\\/16-1.jpg\",\"products\\/18.jpg\",\"products\\/23.jpg\"]'),(149,2,23,1.00,'The script is the best of its class, fast, easy to implement and work with , and the most important thing is the great support team , Recommend with no doubt.','published','2023-11-19 00:36:05','2023-11-19 00:36:05','[\"products\\/15.jpg\"]'),(152,6,22,2.00,'The script is the best of its class, fast, easy to implement and work with , and the most important thing is the great support team , Recommend with no doubt.','published','2023-11-19 00:36:05','2023-11-19 00:36:05','[\"products\\/9.jpg\",\"products\\/15-1.jpg\"]'),(153,1,10,1.00,'Customer Support are grade (A*), however the code is a way too over engineered for it\'s purpose.','published','2023-11-19 00:36:05','2023-11-19 00:36:05','[\"products\\/9.jpg\",\"products\\/16-3.jpg\",\"products\\/24.jpg\"]'),(155,7,7,2.00,'These guys are amazing! Responses immediately, amazing support and help... I immediately feel at ease after Purchasing..','published','2023-11-19 00:36:05','2023-11-19 00:36:05','[\"products\\/3.jpg\",\"products\\/18-1.jpg\"]'),(161,6,16,4.00,'The best ecommerce CMS! Excellent coding! best support service! Thank you so much..... I really like your hard work.','published','2023-11-19 00:36:05','2023-11-19 00:36:05','[\"products\\/2-1.jpg\",\"products\\/12.jpg\",\"products\\/13-1.jpg\"]'),(162,1,16,1.00,'I Love this Script. I also found how to add other fees. Now I just wait the BIG update for the Marketplace with the Bulk Import. Just do not forget to make it to be Multi-language for us the Botble Fans.','published','2023-11-19 00:36:05','2023-11-19 00:36:05','[\"products\\/12-1.jpg\"]'),(163,6,1,1.00,'The best store template! Excellent coding! Very good support! Thank you so much for all the help, I really appreciated.','published','2023-11-19 00:36:05','2023-11-19 00:36:05','[\"products\\/7-1.jpg\",\"products\\/10.jpg\",\"products\\/18.jpg\"]'),(164,1,2,5.00,'For me the best eCommerce script on Envato at this moment: modern, clean code, a lot of great features. The customer support is great too: I always get an answer within hours!','published','2023-11-19 00:36:05','2023-11-19 00:36:05','[\"products\\/5-1.jpg\",\"products\\/16-3.jpg\",\"products\\/18.jpg\",\"products\\/21.jpg\"]'),(165,1,21,2.00,'Those guys now what they are doing, the release such a good product that it\'s a pleasure to work with ! Even when I was stuck on the project, I created a ticket and the next day it was replied by the team. GOOD JOB guys. I love working with them :)','published','2023-11-19 00:36:05','2023-11-19 00:36:05','[\"products\\/6-1.jpg\",\"products\\/12.jpg\"]'),(166,8,3,5.00,'Very enthusiastic support! Excellent code is written. It\'s a true pleasure working with.','published','2023-11-19 00:36:05','2023-11-19 00:36:05','[\"products\\/7.jpg\",\"products\\/20-1.jpg\"]'),(167,4,5,1.00,'As a developer I reviewed this script. This is really awesome ecommerce script. I have convinced when I noticed that it\'s built on fully WordPress concept.','published','2023-11-19 00:36:05','2023-11-19 00:36:05','[\"products\\/14-1.jpg\",\"products\\/19.jpg\",\"products\\/21.jpg\"]'),(174,9,22,3.00,'Clean & perfect source code','published','2023-11-19 00:36:05','2023-11-19 00:36:05','[\"products\\/13.jpg\",\"products\\/16-1.jpg\",\"products\\/16-4.jpg\"]'),(178,3,10,2.00,'As a developer I reviewed this script. This is really awesome ecommerce script. I have convinced when I noticed that it\'s built on fully WordPress concept.','published','2023-11-19 00:36:05','2023-11-19 00:36:05','[\"products\\/1.jpg\",\"products\\/7.jpg\"]'),(179,2,8,2.00,'Ok good product. I have some issues in customizations. But its not correct to blame the developer. The product is good. Good luck for your business.','published','2023-11-19 00:36:05','2023-11-19 00:36:05','[\"products\\/1-1.jpg\",\"products\\/3-1.jpg\",\"products\\/16-4.jpg\",\"products\\/19-1.jpg\"]'),(180,9,2,3.00,'Perfect +++++++++ i love it really also i get to fast ticket answers... Thanks Lot BOTBLE Teams','published','2023-11-19 00:36:05','2023-11-19 00:36:05','[\"products\\/15.jpg\",\"products\\/17-1.jpg\"]'),(182,6,10,1.00,'This web app is really good in design, code quality & features. Besides, the customer support provided by the Botble team was really fast & helpful. You guys are awesome!','published','2023-11-19 00:36:05','2023-11-19 00:36:05','[\"products\\/9-1.jpg\",\"products\\/10-1.jpg\",\"products\\/11.jpg\",\"products\\/21.jpg\"]'),(184,3,2,4.00,'We have received brilliant service support and will be expanding the features with the developer. Nice product!','published','2023-11-19 00:36:05','2023-11-19 00:36:05','[\"products\\/3.jpg\",\"products\\/11-1.jpg\"]'),(187,2,14,4.00,'These guys are amazing! Responses immediately, amazing support and help... I immediately feel at ease after Purchasing..','published','2023-11-19 00:36:05','2023-11-19 00:36:05','[\"products\\/2.jpg\",\"products\\/24-1.jpg\"]'),(188,5,19,4.00,'These guys are amazing! Responses immediately, amazing support and help... I immediately feel at ease after Purchasing..','published','2023-11-19 00:36:05','2023-11-19 00:36:05','[\"products\\/21-1.jpg\"]'),(189,4,16,5.00,'Ok good product. I have some issues in customizations. But its not correct to blame the developer. The product is good. Good luck for your business.','published','2023-11-19 00:36:05','2023-11-19 00:36:05','[\"products\\/6.jpg\",\"products\\/16-1.jpg\",\"products\\/24.jpg\"]'),(190,2,4,4.00,'Those guys now what they are doing, the release such a good product that it\'s a pleasure to work with ! Even when I was stuck on the project, I created a ticket and the next day it was replied by the team. GOOD JOB guys. I love working with them :)','published','2023-11-19 00:36:05','2023-11-19 00:36:05','[\"products\\/15-1.jpg\",\"products\\/17.jpg\",\"products\\/22.jpg\"]'),(192,2,7,4.00,'For me the best eCommerce script on Envato at this moment: modern, clean code, a lot of great features. The customer support is great too: I always get an answer within hours!','published','2023-11-19 00:36:05','2023-11-19 00:36:05','[\"products\\/4.jpg\",\"products\\/14-1.jpg\",\"products\\/17-1.jpg\"]'),(193,2,3,1.00,'The code is good, in general, if you like it, can you give it 5 stars?','published','2023-11-19 00:36:05','2023-11-19 00:36:05','[\"products\\/12.jpg\"]'),(196,3,8,5.00,'The script is the best of its class, fast, easy to implement and work with , and the most important thing is the great support team , Recommend with no doubt.','published','2023-11-19 00:36:05','2023-11-19 00:36:05','[\"products\\/5.jpg\",\"products\\/9.jpg\",\"products\\/12.jpg\"]'),(197,4,23,1.00,'Great E-commerce system. And much more : Wonderful Customer Support.','published','2023-11-19 00:36:05','2023-11-19 00:36:05','[\"products\\/16-3.jpg\",\"products\\/16-6.jpg\",\"products\\/17.jpg\",\"products\\/18.jpg\"]'),(198,8,21,3.00,'Good app, good backup service and support. Good documentation.','published','2023-11-19 00:36:05','2023-11-19 00:36:05','[\"products\\/12-1.jpg\",\"products\\/16-5.jpg\"]'),(200,9,21,4.00,'These guys are amazing! Responses immediately, amazing support and help... I immediately feel at ease after Purchasing..','published','2023-11-19 00:36:05','2023-11-19 00:36:05','[\"products\\/10-1.jpg\",\"products\\/13-1.jpg\",\"products\\/16-3.jpg\",\"products\\/19.jpg\"]'),(211,10,23,5.00,'This script is well coded and is super fast. The support is pretty quick. Very patient and helpful team. I strongly recommend it and they deserve more than 5 stars.','published','2023-11-19 00:36:05','2023-11-19 00:36:05','[\"products\\/13.jpg\",\"products\\/17-1.jpg\",\"products\\/17.jpg\",\"products\\/22-1.jpg\"]'),(213,10,12,4.00,'Ok good product. I have some issues in customizations. But its not correct to blame the developer. The product is good. Good luck for your business.','published','2023-11-19 00:36:05','2023-11-19 00:36:05','[\"products\\/11.jpg\"]'),(215,7,10,3.00,'Great E-commerce system. And much more : Wonderful Customer Support.','published','2023-11-19 00:36:05','2023-11-19 00:36:05','[\"products\\/5-1.jpg\",\"products\\/9-1.jpg\",\"products\\/10.jpg\"]'),(217,7,12,2.00,'These guys are amazing! Responses immediately, amazing support and help... I immediately feel at ease after Purchasing..','published','2023-11-19 00:36:05','2023-11-19 00:36:05','[\"products\\/6.jpg\",\"products\\/12.jpg\",\"products\\/16-2.jpg\"]'),(218,9,8,5.00,'Perfect +++++++++ i love it really also i get to fast ticket answers... Thanks Lot BOTBLE Teams','published','2023-11-19 00:36:05','2023-11-19 00:36:05','[\"products\\/2.jpg\",\"products\\/6-1.jpg\",\"products\\/22.jpg\"]'),(219,4,18,5.00,'It\'s not my first experience here on Codecanyon and I can honestly tell you all that Botble puts a LOT of effort into the support. They answer so fast, they helped me tons of times. REALLY by far THE BEST EXPERIENCE on Codecanyon. Those guys at Botble are so good that they deserve 5 stars. I recommend them, I trust them and I can\'t wait to see what they will sell in a near future. Thank you Botble :)','published','2023-11-19 00:36:05','2023-11-19 00:36:05','[\"products\\/1-1.jpg\",\"products\\/16-1.jpg\"]'),(222,10,13,3.00,'Best ecommerce CMS online store!','published','2023-11-19 00:36:05','2023-11-19 00:36:05','[\"products\\/3-1.jpg\",\"products\\/6.jpg\",\"products\\/16-1.jpg\",\"products\\/22.jpg\"]'),(225,1,20,5.00,'These guys are amazing! Responses immediately, amazing support and help... I immediately feel at ease after Purchasing..','published','2023-11-19 00:36:05','2023-11-19 00:36:05','[\"products\\/8-1.jpg\",\"products\\/24-1.jpg\"]'),(227,6,21,1.00,'The script is the best of its class, fast, easy to implement and work with , and the most important thing is the great support team , Recommend with no doubt.','published','2023-11-19 00:36:05','2023-11-19 00:36:05','[\"products\\/22-1.jpg\"]'),(228,2,19,1.00,'The code is good, in general, if you like it, can you give it 5 stars?','published','2023-11-19 00:36:05','2023-11-19 00:36:05','[\"products\\/9.jpg\",\"products\\/16-2.jpg\",\"products\\/18-1.jpg\"]'),(234,2,10,1.00,'Those guys now what they are doing, the release such a good product that it\'s a pleasure to work with ! Even when I was stuck on the project, I created a ticket and the next day it was replied by the team. GOOD JOB guys. I love working with them :)','published','2023-11-19 00:36:05','2023-11-19 00:36:05','[\"products\\/1-1.jpg\",\"products\\/16-1.jpg\",\"products\\/16.jpg\"]'),(240,5,15,4.00,'This web app is really good in design, code quality & features. Besides, the customer support provided by the Botble team was really fast & helpful. You guys are awesome!','published','2023-11-19 00:36:05','2023-11-19 00:36:05','[\"products\\/4.jpg\",\"products\\/5-1.jpg\",\"products\\/11.jpg\",\"products\\/22-1.jpg\"]'),(242,3,15,1.00,'This script is well coded and is super fast. The support is pretty quick. Very patient and helpful team. I strongly recommend it and they deserve more than 5 stars.','published','2023-11-19 00:36:05','2023-11-19 00:36:05','[\"products\\/7.jpg\",\"products\\/16-5.jpg\"]'),(244,4,7,2.00,'Second or third time that I buy a Botble product, happy with the products and support. You guys do a good job :)','published','2023-11-19 00:36:05','2023-11-19 00:36:05','[\"products\\/8.jpg\",\"products\\/16-4.jpg\"]'),(245,3,24,3.00,'The code is good, in general, if you like it, can you give it 5 stars?','published','2023-11-19 00:36:05','2023-11-19 00:36:05','[\"products\\/8-1.jpg\"]'),(247,9,10,4.00,'Very enthusiastic support! Excellent code is written. It\'s a true pleasure working with.','published','2023-11-19 00:36:05','2023-11-19 00:36:05','[\"products\\/15.jpg\",\"products\\/18-1.jpg\",\"products\\/24.jpg\"]'),(249,9,3,5.00,'Amazing code, amazing support. Overall, im really confident in Botble and im happy I made the right choice! Thank you so much guys for coding this masterpiece','published','2023-11-19 00:36:05','2023-11-19 00:36:05','[\"products\\/16-1.jpg\"]'),(252,8,14,1.00,'Second or third time that I buy a Botble product, happy with the products and support. You guys do a good job :)','published','2023-11-19 00:36:05','2023-11-19 00:36:05','[\"products\\/8.jpg\",\"products\\/16-4.jpg\"]'),(256,9,9,2.00,'Solution is too robust for our purpose so we didn\'t use it at the end. But I appreciate customer support during initial configuration.','published','2023-11-19 00:36:05','2023-11-19 00:36:05','[\"products\\/8.jpg\",\"products\\/18-1.jpg\"]'),(257,3,6,2.00,'Second or third time that I buy a Botble product, happy with the products and support. You guys do a good job :)','published','2023-11-19 00:36:05','2023-11-19 00:36:05','[\"products\\/4.jpg\",\"products\\/19.jpg\",\"products\\/24.jpg\"]'),(259,2,22,2.00,'Good app, good backup service and support. Good documentation.','published','2023-11-19 00:36:05','2023-11-19 00:36:05','[\"products\\/9-1.jpg\",\"products\\/14-1.jpg\",\"products\\/16-4.jpg\"]'),(263,10,6,1.00,'Cool template. Excellent code quality. The support responds very quickly, which is very rare on themeforest and codecanyon.net, I buy a lot of templates, and everyone will have a response from technical support for two or three days. Thanks to tech support. I recommend to buy.','published','2023-11-19 00:36:05','2023-11-19 00:36:05','[\"products\\/12.jpg\",\"products\\/13.jpg\",\"products\\/21.jpg\",\"products\\/24-1.jpg\"]'),(266,8,7,3.00,'Second or third time that I buy a Botble product, happy with the products and support. You guys do a good job :)','published','2023-11-19 00:36:05','2023-11-19 00:36:05','[\"products\\/8-1.jpg\",\"products\\/9.jpg\",\"products\\/20-1.jpg\"]'),(268,5,2,5.00,'The best store template! Excellent coding! Very good support! Thank you so much for all the help, I really appreciated.','published','2023-11-19 00:36:05','2023-11-19 00:36:05','[\"products\\/8.jpg\",\"products\\/16-3.jpg\",\"products\\/16.jpg\",\"products\\/21-1.jpg\"]'),(274,2,17,2.00,'Great E-commerce system. And much more : Wonderful Customer Support.','published','2023-11-19 00:36:05','2023-11-19 00:36:05','[\"products\\/11-1.jpg\",\"products\\/21.jpg\"]'),(286,10,10,5.00,'These guys are amazing! Responses immediately, amazing support and help... I immediately feel at ease after Purchasing..','published','2023-11-19 00:36:05','2023-11-19 00:36:05','[\"products\\/22-1.jpg\"]'),(287,6,6,4.00,'I Love this Script. I also found how to add other fees. Now I just wait the BIG update for the Marketplace with the Bulk Import. Just do not forget to make it to be Multi-language for us the Botble Fans.','published','2023-11-19 00:36:05','2023-11-19 00:36:05','[\"products\\/20.jpg\"]'),(295,3,5,1.00,'This web app is really good in design, code quality & features. Besides, the customer support provided by the Botble team was really fast & helpful. You guys are awesome!','published','2023-11-19 00:36:05','2023-11-19 00:36:05','[\"products\\/1.jpg\",\"products\\/12.jpg\",\"products\\/16-3.jpg\",\"products\\/17-1.jpg\"]'),(298,4,15,5.00,'These guys are amazing! Responses immediately, amazing support and help... I immediately feel at ease after Purchasing..','published','2023-11-19 00:36:05','2023-11-19 00:36:05','[\"products\\/9-1.jpg\",\"products\\/16-3.jpg\"]'),(302,2,11,1.00,'Very enthusiastic support! Excellent code is written. It\'s a true pleasure working with.','published','2023-11-19 00:36:05','2023-11-19 00:36:05','[\"products\\/2.jpg\",\"products\\/12.jpg\",\"products\\/13-1.jpg\"]'),(304,7,21,2.00,'Amazing code, amazing support. Overall, im really confident in Botble and im happy I made the right choice! Thank you so much guys for coding this masterpiece','published','2023-11-19 00:36:05','2023-11-19 00:36:05','[\"products\\/16-4.jpg\"]'),(306,3,4,4.00,'The best ecommerce CMS! Excellent coding! best support service! Thank you so much..... I really like your hard work.','published','2023-11-19 00:36:05','2023-11-19 00:36:05','[\"products\\/6-1.jpg\",\"products\\/6.jpg\",\"products\\/17.jpg\"]'),(308,9,20,5.00,'Cool template. Excellent code quality. The support responds very quickly, which is very rare on themeforest and codecanyon.net, I buy a lot of templates, and everyone will have a response from technical support for two or three days. Thanks to tech support. I recommend to buy.','published','2023-11-19 00:36:05','2023-11-19 00:36:05','[\"products\\/2-1.jpg\",\"products\\/16-2.jpg\",\"products\\/16-4.jpg\"]'),(312,7,3,3.00,'Ok good product. I have some issues in customizations. But its not correct to blame the developer. The product is good. Good luck for your business.','published','2023-11-19 00:36:05','2023-11-19 00:36:05','[\"products\\/5-1.jpg\",\"products\\/5.jpg\",\"products\\/16-2.jpg\",\"products\\/16-5.jpg\"]'),(313,6,17,5.00,'The best store template! Excellent coding! Very good support! Thank you so much for all the help, I really appreciated.','published','2023-11-19 00:36:05','2023-11-19 00:36:05','[\"products\\/16-2.jpg\",\"products\\/16-6.jpg\"]'),(321,4,17,4.00,'The code is good, in general, if you like it, can you give it 5 stars?','published','2023-11-19 00:36:05','2023-11-19 00:36:05','[\"products\\/10-1.jpg\",\"products\\/18-1.jpg\",\"products\\/21.jpg\",\"products\\/23.jpg\"]'),(325,10,21,3.00,'These guys are amazing! Responses immediately, amazing support and help... I immediately feel at ease after Purchasing..','published','2023-11-19 00:36:05','2023-11-19 00:36:05','[\"products\\/17.jpg\",\"products\\/22.jpg\"]'),(336,9,23,2.00,'Clean & perfect source code','published','2023-11-19 00:36:05','2023-11-19 00:36:05','[\"products\\/4.jpg\"]'),(339,1,17,2.00,'Customer Support are grade (A*), however the code is a way too over engineered for it\'s purpose.','published','2023-11-19 00:36:05','2023-11-19 00:36:05','[\"products\\/13-1.jpg\",\"products\\/15.jpg\",\"products\\/23-1.jpg\"]'),(342,3,21,4.00,'Great system, great support, good job Botble. I\'m looking forward to more great functional plugins.','published','2023-11-19 00:36:05','2023-11-19 00:36:05','[\"products\\/5.jpg\"]'),(350,10,4,5.00,'Best ecommerce CMS online store!','published','2023-11-19 00:36:05','2023-11-19 00:36:05','[\"products\\/20.jpg\"]'),(352,7,8,2.00,'Clean & perfect source code','published','2023-11-19 00:36:05','2023-11-19 00:36:05','[\"products\\/9-1.jpg\",\"products\\/16-5.jpg\"]'),(357,5,13,4.00,'Good app, good backup service and support. Good documentation.','published','2023-11-19 00:36:05','2023-11-19 00:36:05','[\"products\\/10.jpg\"]'),(363,2,5,1.00,'As a developer I reviewed this script. This is really awesome ecommerce script. I have convinced when I noticed that it\'s built on fully WordPress concept.','published','2023-11-19 00:36:05','2023-11-19 00:36:05','[\"products\\/13.jpg\"]'),(369,4,21,5.00,'Those guys now what they are doing, the release such a good product that it\'s a pleasure to work with ! Even when I was stuck on the project, I created a ticket and the next day it was replied by the team. GOOD JOB guys. I love working with them :)','published','2023-11-19 00:36:05','2023-11-19 00:36:05','[\"products\\/6.jpg\",\"products\\/16-5.jpg\",\"products\\/20.jpg\"]'),(374,4,11,1.00,'As a developer I reviewed this script. This is really awesome ecommerce script. I have convinced when I noticed that it\'s built on fully WordPress concept.','published','2023-11-19 00:36:05','2023-11-19 00:36:05','[\"products\\/2.jpg\"]'),(377,10,1,5.00,'It\'s not my first experience here on Codecanyon and I can honestly tell you all that Botble puts a LOT of effort into the support. They answer so fast, they helped me tons of times. REALLY by far THE BEST EXPERIENCE on Codecanyon. Those guys at Botble are so good that they deserve 5 stars. I recommend them, I trust them and I can\'t wait to see what they will sell in a near future. Thank you Botble :)','published','2023-11-19 00:36:05','2023-11-19 00:36:05','[\"products\\/3.jpg\",\"products\\/10.jpg\",\"products\\/14-1.jpg\",\"products\\/21.jpg\"]'),(378,8,15,3.00,'These guys are amazing! Responses immediately, amazing support and help... I immediately feel at ease after Purchasing..','published','2023-11-19 00:36:05','2023-11-19 00:36:05','[\"products\\/2.jpg\",\"products\\/15-1.jpg\",\"products\\/15.jpg\"]'),(379,1,3,5.00,'As a developer I reviewed this script. This is really awesome ecommerce script. I have convinced when I noticed that it\'s built on fully WordPress concept.','published','2023-11-19 00:36:05','2023-11-19 00:36:05','[\"products\\/5.jpg\",\"products\\/10-1.jpg\",\"products\\/21-1.jpg\"]'),(384,8,17,5.00,'These guys are amazing! Responses immediately, amazing support and help... I immediately feel at ease after Purchasing..','published','2023-11-19 00:36:05','2023-11-19 00:36:05','[\"products\\/5-1.jpg\",\"products\\/7-1.jpg\",\"products\\/15.jpg\",\"products\\/24.jpg\"]'),(389,5,8,1.00,'Clean & perfect source code','published','2023-11-19 00:36:05','2023-11-19 00:36:05','[\"products\\/9.jpg\",\"products\\/12-1.jpg\"]'),(393,4,12,2.00,'These guys are amazing! Responses immediately, amazing support and help... I immediately feel at ease after Purchasing..','published','2023-11-19 00:36:05','2023-11-19 00:36:05','[\"products\\/9-1.jpg\",\"products\\/18-1.jpg\",\"products\\/19-1.jpg\"]'),(395,3,20,3.00,'Second or third time that I buy a Botble product, happy with the products and support. You guys do a good job :)','published','2023-11-19 00:36:05','2023-11-19 00:36:05','[\"products\\/16-1.jpg\"]'),(397,3,23,2.00,'Amazing code, amazing support. Overall, im really confident in Botble and im happy I made the right choice! Thank you so much guys for coding this masterpiece','published','2023-11-19 00:36:05','2023-11-19 00:36:05','[\"products\\/11.jpg\"]'),(398,6,23,3.00,'We have received brilliant service support and will be expanding the features with the developer. Nice product!','published','2023-11-19 00:36:05','2023-11-19 00:36:05','[\"products\\/15.jpg\"]'),(421,3,11,5.00,'Ok good product. I have some issues in customizations. But its not correct to blame the developer. The product is good. Good luck for your business.','published','2023-11-19 00:36:05','2023-11-19 00:36:05','[\"products\\/3.jpg\",\"products\\/8.jpg\",\"products\\/15-1.jpg\"]'),(430,8,19,2.00,'Cool template. Excellent code quality. The support responds very quickly, which is very rare on themeforest and codecanyon.net, I buy a lot of templates, and everyone will have a response from technical support for two or three days. Thanks to tech support. I recommend to buy.','published','2023-11-19 00:36:05','2023-11-19 00:36:05','[\"products\\/5-1.jpg\",\"products\\/16-6.jpg\"]'),(434,8,16,5.00,'I Love this Script. I also found how to add other fees. Now I just wait the BIG update for the Marketplace with the Bulk Import. Just do not forget to make it to be Multi-language for us the Botble Fans.','published','2023-11-19 00:36:05','2023-11-19 00:36:05','[\"products\\/4.jpg\",\"products\\/19-1.jpg\"]'),(435,10,17,3.00,'Great system, great support, good job Botble. I\'m looking forward to more great functional plugins.','published','2023-11-19 00:36:05','2023-11-19 00:36:05','[\"products\\/16-1.jpg\",\"products\\/21.jpg\"]'),(436,5,3,3.00,'Perfect +++++++++ i love it really also i get to fast ticket answers... Thanks Lot BOTBLE Teams','published','2023-11-19 00:36:05','2023-11-19 00:36:05','[\"products\\/21.jpg\"]'),(454,4,19,3.00,'Solution is too robust for our purpose so we didn\'t use it at the end. But I appreciate customer support during initial configuration.','published','2023-11-19 00:36:05','2023-11-19 00:36:05','[\"products\\/1-1.jpg\",\"products\\/6-1.jpg\",\"products\\/12-1.jpg\",\"products\\/19.jpg\"]'),(468,4,4,1.00,'Amazing code, amazing support. Overall, im really confident in Botble and im happy I made the right choice! Thank you so much guys for coding this masterpiece','published','2023-11-19 00:36:05','2023-11-19 00:36:05','[\"products\\/17.jpg\",\"products\\/18.jpg\",\"products\\/20.jpg\"]'),(470,1,15,3.00,'The code is good, in general, if you like it, can you give it 5 stars?','published','2023-11-19 00:36:05','2023-11-19 00:36:05','[\"products\\/3-1.jpg\",\"products\\/4-1.jpg\"]'),(475,1,12,5.00,'Best ecommerce CMS online store!','published','2023-11-19 00:36:05','2023-11-19 00:36:05','[\"products\\/3.jpg\",\"products\\/4-1.jpg\",\"products\\/19.jpg\"]'),(494,3,18,4.00,'Perfect +++++++++ i love it really also i get to fast ticket answers... Thanks Lot BOTBLE Teams','published','2023-11-19 00:36:05','2023-11-19 00:36:05','[\"products\\/8.jpg\",\"products\\/18.jpg\"]'),(495,3,9,3.00,'Cool template. Excellent code quality. The support responds very quickly, which is very rare on themeforest and codecanyon.net, I buy a lot of templates, and everyone will have a response from technical support for two or three days. Thanks to tech support. I recommend to buy.','published','2023-11-19 00:36:05','2023-11-19 00:36:05','[\"products\\/4.jpg\",\"products\\/7.jpg\",\"products\\/10-1.jpg\",\"products\\/24-1.jpg\"]'),(496,3,19,1.00,'The code is good, in general, if you like it, can you give it 5 stars?','published','2023-11-19 00:36:05','2023-11-19 00:36:05','[\"products\\/2-1.jpg\"]'),(512,1,13,2.00,'Good app, good backup service and support. Good documentation.','published','2023-11-19 00:36:05','2023-11-19 00:36:05','[\"products\\/5.jpg\",\"products\\/16-3.jpg\",\"products\\/23-1.jpg\"]'),(519,7,11,4.00,'The best ecommerce CMS! Excellent coding! best support service! Thank you so much..... I really like your hard work.','published','2023-11-19 00:36:05','2023-11-19 00:36:05','[\"products\\/16-2.jpg\"]'),(531,6,24,4.00,'Very enthusiastic support! Excellent code is written. It\'s a true pleasure working with.','published','2023-11-19 00:36:05','2023-11-19 00:36:05','[\"products\\/6-1.jpg\",\"products\\/6.jpg\",\"products\\/17.jpg\"]'),(542,4,8,3.00,'Ok good product. I have some issues in customizations. But its not correct to blame the developer. The product is good. Good luck for your business.','published','2023-11-19 00:36:05','2023-11-19 00:36:05','[\"products\\/15.jpg\",\"products\\/23.jpg\"]'),(543,3,12,1.00,'The code is good, in general, if you like it, can you give it 5 stars?','published','2023-11-19 00:36:05','2023-11-19 00:36:05','[\"products\\/10.jpg\",\"products\\/15.jpg\",\"products\\/20-1.jpg\"]'),(548,10,19,2.00,'This script is well coded and is super fast. The support is pretty quick. Very patient and helpful team. I strongly recommend it and they deserve more than 5 stars.','published','2023-11-19 00:36:05','2023-11-19 00:36:05','[\"products\\/3-1.jpg\",\"products\\/6.jpg\",\"products\\/8-1.jpg\",\"products\\/21-1.jpg\"]'),(565,1,18,1.00,'These guys are amazing! Responses immediately, amazing support and help... I immediately feel at ease after Purchasing..','published','2023-11-19 00:36:05','2023-11-19 00:36:05','[\"products\\/16-6.jpg\"]'),(570,2,21,5.00,'Customer Support are grade (A*), however the code is a way too over engineered for it\'s purpose.','published','2023-11-19 00:36:05','2023-11-19 00:36:05','[\"products\\/5.jpg\"]'),(586,10,2,5.00,'The best ecommerce CMS! Excellent coding! best support service! Thank you so much..... I really like your hard work.','published','2023-11-19 00:36:05','2023-11-19 00:36:05','[\"products\\/4.jpg\",\"products\\/7-1.jpg\",\"products\\/12-1.jpg\"]'),(588,10,3,2.00,'Good app, good backup service and support. Good documentation.','published','2023-11-19 00:36:05','2023-11-19 00:36:05','[\"products\\/4-1.jpg\",\"products\\/8.jpg\",\"products\\/23.jpg\"]'),(614,1,8,1.00,'It\'s not my first experience here on Codecanyon and I can honestly tell you all that Botble puts a LOT of effort into the support. They answer so fast, they helped me tons of times. REALLY by far THE BEST EXPERIENCE on Codecanyon. Those guys at Botble are so good that they deserve 5 stars. I recommend them, I trust them and I can\'t wait to see what they will sell in a near future. Thank you Botble :)','published','2023-11-19 00:36:05','2023-11-19 00:36:05','[\"products\\/11.jpg\"]'),(632,9,1,1.00,'These guys are amazing! Responses immediately, amazing support and help... I immediately feel at ease after Purchasing..','published','2023-11-19 00:36:05','2023-11-19 00:36:05','[\"products\\/21-1.jpg\"]'),(636,8,11,2.00,'For me the best eCommerce script on Envato at this moment: modern, clean code, a lot of great features. The customer support is great too: I always get an answer within hours!','published','2023-11-19 00:36:05','2023-11-19 00:36:05','[\"products\\/3.jpg\",\"products\\/16-3.jpg\"]'),(637,4,2,1.00,'These guys are amazing! Responses immediately, amazing support and help... I immediately feel at ease after Purchasing..','published','2023-11-19 00:36:05','2023-11-19 00:36:05','[\"products\\/22-1.jpg\"]'),(642,10,8,2.00,'The best ecommerce CMS! Excellent coding! best support service! Thank you so much..... I really like your hard work.','published','2023-11-19 00:36:05','2023-11-19 00:36:05','[\"products\\/19.jpg\"]'),(646,10,18,2.00,'The best ecommerce CMS! Excellent coding! best support service! Thank you so much..... I really like your hard work.','published','2023-11-19 00:36:05','2023-11-19 00:36:05','[\"products\\/9-1.jpg\",\"products\\/10.jpg\",\"products\\/11-1.jpg\",\"products\\/18.jpg\"]'),(650,10,16,2.00,'It\'s not my first experience here on Codecanyon and I can honestly tell you all that Botble puts a LOT of effort into the support. They answer so fast, they helped me tons of times. REALLY by far THE BEST EXPERIENCE on Codecanyon. Those guys at Botble are so good that they deserve 5 stars. I recommend them, I trust them and I can\'t wait to see what they will sell in a near future. Thank you Botble :)','published','2023-11-19 00:36:05','2023-11-19 00:36:05','[\"products\\/2.jpg\",\"products\\/3.jpg\",\"products\\/24.jpg\"]'),(686,9,5,5.00,'For me the best eCommerce script on Envato at this moment: modern, clean code, a lot of great features. The customer support is great too: I always get an answer within hours!','published','2023-11-19 00:36:05','2023-11-19 00:36:05','[\"products\\/17.jpg\",\"products\\/19.jpg\",\"products\\/22.jpg\",\"products\\/23.jpg\"]'),(691,5,4,5.00,'Very enthusiastic support! Excellent code is written. It\'s a true pleasure working with.','published','2023-11-19 00:36:05','2023-11-19 00:36:05','[\"products\\/21.jpg\"]'),(762,6,13,3.00,'Those guys now what they are doing, the release such a good product that it\'s a pleasure to work with ! Even when I was stuck on the project, I created a ticket and the next day it was replied by the team. GOOD JOB guys. I love working with them :)','published','2023-11-19 00:36:05','2023-11-19 00:36:05','[\"products\\/1-1.jpg\",\"products\\/3-1.jpg\",\"products\\/9-1.jpg\",\"products\\/16-4.jpg\"]'),(763,10,22,5.00,'The best ecommerce CMS! Excellent coding! best support service! Thank you so much..... I really like your hard work.','published','2023-11-19 00:36:05','2023-11-19 00:36:05','[\"products\\/12.jpg\",\"products\\/15.jpg\",\"products\\/16-5.jpg\",\"products\\/21-1.jpg\"]'),(773,2,9,5.00,'This script is well coded and is super fast. The support is pretty quick. Very patient and helpful team. I strongly recommend it and they deserve more than 5 stars.','published','2023-11-19 00:36:05','2023-11-19 00:36:05','[\"products\\/16-2.jpg\",\"products\\/16-3.jpg\",\"products\\/16-6.jpg\",\"products\\/24.jpg\"]'),(824,9,11,1.00,'Solution is too robust for our purpose so we didn\'t use it at the end. But I appreciate customer support during initial configuration.','published','2023-11-19 00:36:05','2023-11-19 00:36:05','[\"products\\/5.jpg\",\"products\\/12-1.jpg\",\"products\\/16-2.jpg\"]'),(839,10,9,4.00,'The script is the best of its class, fast, easy to implement and work with , and the most important thing is the great support team , Recommend with no doubt.','published','2023-11-19 00:36:05','2023-11-19 00:36:05','[\"products\\/10.jpg\",\"products\\/14-1.jpg\"]'),(845,8,24,5.00,'The script is the best of its class, fast, easy to implement and work with , and the most important thing is the great support team , Recommend with no doubt.','published','2023-11-19 00:36:05','2023-11-19 00:36:05','[\"products\\/3-1.jpg\",\"products\\/8.jpg\",\"products\\/16-1.jpg\",\"products\\/19-1.jpg\"]'),(849,8,9,3.00,'For me the best eCommerce script on Envato at this moment: modern, clean code, a lot of great features. The customer support is great too: I always get an answer within hours!','published','2023-11-19 00:36:05','2023-11-19 00:36:05','[\"products\\/7.jpg\"]'),(867,6,19,4.00,'The best store template! Excellent coding! Very good support! Thank you so much for all the help, I really appreciated.','published','2023-11-19 00:36:05','2023-11-19 00:36:05','[\"products\\/13.jpg\",\"products\\/14-1.jpg\",\"products\\/21-1.jpg\"]'),(920,8,12,2.00,'Second or third time that I buy a Botble product, happy with the products and support. You guys do a good job :)','published','2023-11-19 00:36:05','2023-11-19 00:36:05','[\"products\\/5.jpg\",\"products\\/16-4.jpg\",\"products\\/17.jpg\",\"products\\/24.jpg\"]'),(927,10,14,3.00,'These guys are amazing! Responses immediately, amazing support and help... I immediately feel at ease after Purchasing..','published','2023-11-19 00:36:05','2023-11-19 00:36:05','[\"products\\/10-1.jpg\"]'),(941,5,5,5.00,'This script is well coded and is super fast. The support is pretty quick. Very patient and helpful team. I strongly recommend it and they deserve more than 5 stars.','published','2023-11-19 00:36:05','2023-11-19 00:36:05','[\"products\\/19-1.jpg\",\"products\\/22-1.jpg\"]');
/*!40000 ALTER TABLE `ec_reviews` ENABLE KEYS */;
UNLOCK TABLES;

--
-- Table structure for table `ec_shipment_histories`
--

DROP TABLE IF EXISTS `ec_shipment_histories`;
/*!40101 SET @saved_cs_client     = @@character_set_client */;
/*!50503 SET character_set_client = utf8mb4 */;
CREATE TABLE `ec_shipment_histories` (
  `id` bigint unsigned NOT NULL AUTO_INCREMENT,
  `action` varchar(120) COLLATE utf8mb4_unicode_ci NOT NULL,
  `description` varchar(255) COLLATE utf8mb4_unicode_ci NOT NULL,
  `user_id` bigint unsigned DEFAULT NULL,
  `shipment_id` bigint unsigned NOT NULL,
  `order_id` bigint unsigned NOT NULL,
  `created_at` timestamp NULL DEFAULT NULL,
  `updated_at` timestamp NULL DEFAULT NULL,
  `user_type` varchar(255) COLLATE utf8mb4_unicode_ci NOT NULL DEFAULT 'Botble\\ACL\\Models\\User',
  PRIMARY KEY (`id`)
) ENGINE=InnoDB AUTO_INCREMENT=102 DEFAULT CHARSET=utf8mb4 COLLATE=utf8mb4_unicode_ci;
/*!40101 SET character_set_client = @saved_cs_client */;

--
-- Dumping data for table `ec_shipment_histories`
--

LOCK TABLES `ec_shipment_histories` WRITE;
/*!40000 ALTER TABLE `ec_shipment_histories` DISABLE KEYS */;
INSERT INTO `ec_shipment_histories` VALUES (1,'create_from_order','Shipping was created from order %order_id%',0,1,1,'2023-11-02 08:36:15','2023-11-02 08:36:15','Botble\\ACL\\Models\\User'),(2,'update_status','Changed status of shipping to: Approved. Updated by: %user_name%',0,1,1,'2023-11-17 08:36:15','2023-11-19 00:36:15','Botble\\ACL\\Models\\User'),(3,'create_from_order','Shipping was created from order %order_id%',0,2,2,'2023-11-07 22:36:15','2023-11-07 22:36:15','Botble\\ACL\\Models\\User'),(4,'update_status','Changed status of shipping to: Approved. Updated by: %user_name%',0,2,2,'2023-11-17 10:36:15','2023-11-19 00:36:15','Botble\\ACL\\Models\\User'),(5,'create_from_order','Shipping was created from order %order_id%',0,3,3,'2023-11-09 12:36:15','2023-11-09 12:36:15','Botble\\ACL\\Models\\User'),(6,'update_status','Changed status of shipping to: Approved. Updated by: %user_name%',0,3,3,'2023-11-17 10:36:15','2023-11-19 00:36:15','Botble\\ACL\\Models\\User'),(7,'create_from_order','Shipping was created from order %order_id%',0,4,4,'2023-11-04 00:36:15','2023-11-04 00:36:15','Botble\\ACL\\Models\\User'),(8,'update_status','Changed status of shipping to: Approved. Updated by: %user_name%',0,4,4,'2023-11-17 12:36:16','2023-11-19 00:36:16','Botble\\ACL\\Models\\User'),(9,'update_status','Changed status of shipping to: Delivered. Updated by: %user_name%',0,4,4,'2023-11-19 00:36:16','2023-11-19 00:36:16','Botble\\ACL\\Models\\User'),(10,'create_from_order','Shipping was created from order %order_id%',0,5,5,'2023-11-08 12:36:16','2023-11-08 12:36:16','Botble\\ACL\\Models\\User'),(11,'update_status','Changed status of shipping to: Approved. Updated by: %user_name%',0,5,5,'2023-11-17 12:36:16','2023-11-19 00:36:16','Botble\\ACL\\Models\\User'),(12,'create_from_order','Shipping was created from order %order_id%',0,6,6,'2023-11-04 00:36:16','2023-11-04 00:36:16','Botble\\ACL\\Models\\User'),(13,'update_status','Changed status of shipping to: Approved. Updated by: %user_name%',0,6,6,'2023-11-17 12:36:16','2023-11-19 00:36:16','Botble\\ACL\\Models\\User'),(14,'create_from_order','Shipping was created from order %order_id%',0,7,7,'2023-11-09 02:36:16','2023-11-09 02:36:16','Botble\\ACL\\Models\\User'),(15,'update_status','Changed status of shipping to: Approved. Updated by: %user_name%',0,7,7,'2023-11-17 14:36:16','2023-11-19 00:36:16','Botble\\ACL\\Models\\User'),(16,'create_from_order','Shipping was created from order %order_id%',0,8,9,'2023-11-12 08:36:16','2023-11-12 08:36:16','Botble\\ACL\\Models\\User'),(17,'update_status','Changed status of shipping to: Approved. Updated by: %user_name%',0,8,9,'2023-11-17 16:36:16','2023-11-19 00:36:16','Botble\\ACL\\Models\\User'),(18,'update_status','Changed status of shipping to: Delivered. Updated by: %user_name%',0,8,9,'2023-11-19 00:36:16','2023-11-19 00:36:16','Botble\\ACL\\Models\\User'),(19,'create_from_order','Shipping was created from order %order_id%',0,9,10,'2023-11-12 08:36:16','2023-11-12 08:36:16','Botble\\ACL\\Models\\User'),(20,'update_status','Changed status of shipping to: Approved. Updated by: %user_name%',0,9,10,'2023-11-17 16:36:16','2023-11-19 00:36:16','Botble\\ACL\\Models\\User'),(21,'create_from_order','Shipping was created from order %order_id%',0,10,11,'2023-11-13 16:36:16','2023-11-13 16:36:16','Botble\\ACL\\Models\\User'),(22,'update_status','Changed status of shipping to: Approved. Updated by: %user_name%',0,10,11,'2023-11-17 16:36:16','2023-11-19 00:36:16','Botble\\ACL\\Models\\User'),(23,'update_status','Changed status of shipping to: Delivered. Updated by: %user_name%',0,10,11,'2023-11-19 00:36:16','2023-11-19 00:36:16','Botble\\ACL\\Models\\User'),(24,'create_from_order','Shipping was created from order %order_id%',0,11,12,'2023-11-12 18:36:16','2023-11-12 18:36:16','Botble\\ACL\\Models\\User'),(25,'update_status','Changed status of shipping to: Approved. Updated by: %user_name%',0,11,12,'2023-11-17 18:36:16','2023-11-19 00:36:16','Botble\\ACL\\Models\\User'),(26,'create_from_order','Shipping was created from order %order_id%',0,12,13,'2023-11-15 12:36:16','2023-11-15 12:36:16','Botble\\ACL\\Models\\User'),(27,'update_status','Changed status of shipping to: Approved. Updated by: %user_name%',0,12,13,'2023-11-17 20:36:16','2023-11-19 00:36:16','Botble\\ACL\\Models\\User'),(28,'create_from_order','Shipping was created from order %order_id%',0,13,15,'2023-11-17 20:36:16','2023-11-17 20:36:16','Botble\\ACL\\Models\\User'),(29,'update_status','Changed status of shipping to: Approved. Updated by: %user_name%',0,13,15,'2023-11-17 20:36:16','2023-11-19 00:36:16','Botble\\ACL\\Models\\User'),(30,'create_from_order','Shipping was created from order %order_id%',0,14,16,'2023-11-15 18:36:16','2023-11-15 18:36:16','Botble\\ACL\\Models\\User'),(31,'update_status','Changed status of shipping to: Approved. Updated by: %user_name%',0,14,16,'2023-11-17 22:36:16','2023-11-19 00:36:16','Botble\\ACL\\Models\\User'),(32,'update_cod_status','Updated COD status to Completed . Updated by: %user_name%',0,14,16,'2023-11-19 00:36:16','2023-11-19 00:36:16','Botble\\ACL\\Models\\User'),(33,'update_status','Changed status of shipping to: Delivered. Updated by: %user_name%',0,14,16,'2023-11-19 00:36:16','2023-11-19 00:36:16','Botble\\ACL\\Models\\User'),(34,'create_from_order','Shipping was created from order %order_id%',0,15,17,'2023-11-11 00:36:16','2023-11-11 00:36:16','Botble\\ACL\\Models\\User'),(35,'update_status','Changed status of shipping to: Approved. Updated by: %user_name%',0,15,17,'2023-11-18 00:36:16','2023-11-19 00:36:16','Botble\\ACL\\Models\\User'),(36,'update_cod_status','Updated COD status to Completed . Updated by: %user_name%',0,15,17,'2023-11-19 00:36:16','2023-11-19 00:36:16','Botble\\ACL\\Models\\User'),(37,'update_status','Changed status of shipping to: Delivered. Updated by: %user_name%',0,15,17,'2023-11-19 00:36:16','2023-11-19 00:36:16','Botble\\ACL\\Models\\User'),(38,'create_from_order','Shipping was created from order %order_id%',0,16,18,'2023-11-15 00:36:16','2023-11-15 00:36:16','Botble\\ACL\\Models\\User'),(39,'update_status','Changed status of shipping to: Approved. Updated by: %user_name%',0,16,18,'2023-11-18 00:36:16','2023-11-19 00:36:16','Botble\\ACL\\Models\\User'),(40,'update_cod_status','Updated COD status to Completed . Updated by: %user_name%',0,16,18,'2023-11-19 00:36:16','2023-11-19 00:36:16','Botble\\ACL\\Models\\User'),(41,'update_status','Changed status of shipping to: Delivered. Updated by: %user_name%',0,16,18,'2023-11-19 00:36:16','2023-11-19 00:36:16','Botble\\ACL\\Models\\User'),(42,'create_from_order','Shipping was created from order %order_id%',0,17,19,'2023-11-14 10:36:16','2023-11-14 10:36:16','Botble\\ACL\\Models\\User'),(43,'update_status','Changed status of shipping to: Approved. Updated by: %user_name%',0,17,19,'2023-11-18 02:36:16','2023-11-19 00:36:16','Botble\\ACL\\Models\\User'),(44,'create_from_order','Shipping was created from order %order_id%',0,18,20,'2023-11-15 08:36:16','2023-11-15 08:36:16','Botble\\ACL\\Models\\User'),(45,'update_status','Changed status of shipping to: Approved. Updated by: %user_name%',0,18,20,'2023-11-18 02:36:16','2023-11-19 00:36:16','Botble\\ACL\\Models\\User'),(46,'update_cod_status','Updated COD status to Completed . Updated by: %user_name%',0,18,20,'2023-11-19 00:36:16','2023-11-19 00:36:16','Botble\\ACL\\Models\\User'),(47,'update_status','Changed status of shipping to: Delivered. Updated by: %user_name%',0,18,20,'2023-11-19 00:36:16','2023-11-19 00:36:16','Botble\\ACL\\Models\\User'),(48,'create_from_order','Shipping was created from order %order_id%',0,19,21,'2023-11-16 06:36:16','2023-11-16 06:36:16','Botble\\ACL\\Models\\User'),(49,'update_status','Changed status of shipping to: Approved. Updated by: %user_name%',0,19,21,'2023-11-18 02:36:17','2023-11-19 00:36:17','Botble\\ACL\\Models\\User'),(50,'create_from_order','Shipping was created from order %order_id%',0,20,22,'2023-11-10 16:36:17','2023-11-10 16:36:17','Botble\\ACL\\Models\\User'),(51,'update_status','Changed status of shipping to: Approved. Updated by: %user_name%',0,20,22,'2023-11-18 04:36:17','2023-11-19 00:36:17','Botble\\ACL\\Models\\User'),(52,'update_cod_status','Updated COD status to Completed . Updated by: %user_name%',0,20,22,'2023-11-19 00:36:17','2023-11-19 00:36:17','Botble\\ACL\\Models\\User'),(53,'update_status','Changed status of shipping to: Delivered. Updated by: %user_name%',0,20,22,'2023-11-19 00:36:17','2023-11-19 00:36:17','Botble\\ACL\\Models\\User'),(54,'create_from_order','Shipping was created from order %order_id%',0,21,23,'2023-11-11 12:36:17','2023-11-11 12:36:17','Botble\\ACL\\Models\\User'),(55,'update_status','Changed status of shipping to: Approved. Updated by: %user_name%',0,21,23,'2023-11-18 04:36:17','2023-11-19 00:36:17','Botble\\ACL\\Models\\User'),(56,'update_status','Changed status of shipping to: Delivered. Updated by: %user_name%',0,21,23,'2023-11-19 00:36:17','2023-11-19 00:36:17','Botble\\ACL\\Models\\User'),(57,'create_from_order','Shipping was created from order %order_id%',0,22,24,'2023-11-11 12:36:17','2023-11-11 12:36:17','Botble\\ACL\\Models\\User'),(58,'update_status','Changed status of shipping to: Approved. Updated by: %user_name%',0,22,24,'2023-11-18 04:36:17','2023-11-19 00:36:17','Botble\\ACL\\Models\\User'),(59,'update_status','Changed status of shipping to: Delivered. Updated by: %user_name%',0,22,24,'2023-11-19 00:36:17','2023-11-19 00:36:17','Botble\\ACL\\Models\\User'),(60,'create_from_order','Shipping was created from order %order_id%',0,23,25,'2023-11-16 00:36:17','2023-11-16 00:36:17','Botble\\ACL\\Models\\User'),(61,'update_status','Changed status of shipping to: Approved. Updated by: %user_name%',0,23,25,'2023-11-18 06:36:17','2023-11-19 00:36:17','Botble\\ACL\\Models\\User'),(62,'update_status','Changed status of shipping to: Delivered. Updated by: %user_name%',0,23,25,'2023-11-19 00:36:17','2023-11-19 00:36:17','Botble\\ACL\\Models\\User'),(63,'create_from_order','Shipping was created from order %order_id%',0,24,26,'2023-11-13 18:36:17','2023-11-13 18:36:17','Botble\\ACL\\Models\\User'),(64,'update_status','Changed status of shipping to: Approved. Updated by: %user_name%',0,24,26,'2023-11-18 06:36:17','2023-11-19 00:36:17','Botble\\ACL\\Models\\User'),(65,'update_status','Changed status of shipping to: Delivered. Updated by: %user_name%',0,24,26,'2023-11-19 00:36:17','2023-11-19 00:36:17','Botble\\ACL\\Models\\User'),(66,'create_from_order','Shipping was created from order %order_id%',0,25,27,'2023-11-15 00:36:17','2023-11-15 00:36:17','Botble\\ACL\\Models\\User'),(67,'update_status','Changed status of shipping to: Approved. Updated by: %user_name%',0,25,27,'2023-11-18 08:36:17','2023-11-19 00:36:17','Botble\\ACL\\Models\\User'),(68,'create_from_order','Shipping was created from order %order_id%',0,26,28,'2023-11-15 16:36:17','2023-11-15 16:36:17','Botble\\ACL\\Models\\User'),(69,'update_status','Changed status of shipping to: Approved. Updated by: %user_name%',0,26,28,'2023-11-18 08:36:17','2023-11-19 00:36:17','Botble\\ACL\\Models\\User'),(70,'create_from_order','Shipping was created from order %order_id%',0,27,29,'2023-11-18 10:36:17','2023-11-18 10:36:17','Botble\\ACL\\Models\\User'),(71,'update_status','Changed status of shipping to: Approved. Updated by: %user_name%',0,27,29,'2023-11-18 10:36:17','2023-11-19 00:36:17','Botble\\ACL\\Models\\User'),(72,'update_status','Changed status of shipping to: Delivered. Updated by: %user_name%',0,27,29,'2023-11-19 00:36:17','2023-11-19 00:36:17','Botble\\ACL\\Models\\User'),(73,'create_from_order','Shipping was created from order %order_id%',0,28,30,'2023-11-13 04:36:17','2023-11-13 04:36:17','Botble\\ACL\\Models\\User'),(74,'update_status','Changed status of shipping to: Approved. Updated by: %user_name%',0,28,30,'2023-11-18 10:36:17','2023-11-19 00:36:17','Botble\\ACL\\Models\\User'),(75,'create_from_order','Shipping was created from order %order_id%',0,29,31,'2023-11-14 08:36:17','2023-11-14 08:36:17','Botble\\ACL\\Models\\User'),(76,'update_status','Changed status of shipping to: Approved. Updated by: %user_name%',0,29,31,'2023-11-18 10:36:17','2023-11-19 00:36:17','Botble\\ACL\\Models\\User'),(77,'create_from_order','Shipping was created from order %order_id%',0,30,32,'2023-11-14 12:36:17','2023-11-14 12:36:17','Botble\\ACL\\Models\\User'),(78,'update_status','Changed status of shipping to: Approved. Updated by: %user_name%',0,30,32,'2023-11-18 12:36:17','2023-11-19 00:36:17','Botble\\ACL\\Models\\User'),(79,'create_from_order','Shipping was created from order %order_id%',0,31,33,'2023-11-15 12:36:17','2023-11-15 12:36:17','Botble\\ACL\\Models\\User'),(80,'update_status','Changed status of shipping to: Approved. Updated by: %user_name%',0,31,33,'2023-11-18 12:36:17','2023-11-19 00:36:17','Botble\\ACL\\Models\\User'),(81,'create_from_order','Shipping was created from order %order_id%',0,32,34,'2023-11-18 14:36:17','2023-11-18 14:36:17','Botble\\ACL\\Models\\User'),(82,'update_status','Changed status of shipping to: Approved. Updated by: %user_name%',0,32,34,'2023-11-18 14:36:17','2023-11-19 00:36:17','Botble\\ACL\\Models\\User'),(83,'update_status','Changed status of shipping to: Delivered. Updated by: %user_name%',0,32,34,'2023-11-19 00:36:17','2023-11-19 00:36:17','Botble\\ACL\\Models\\User'),(84,'create_from_order','Shipping was created from order %order_id%',0,33,35,'2023-11-17 00:36:17','2023-11-17 00:36:17','Botble\\ACL\\Models\\User'),(85,'update_status','Changed status of shipping to: Approved. Updated by: %user_name%',0,33,35,'2023-11-18 16:36:17','2023-11-19 00:36:17','Botble\\ACL\\Models\\User'),(86,'create_from_order','Shipping was created from order %order_id%',0,34,36,'2023-11-17 16:36:17','2023-11-17 16:36:17','Botble\\ACL\\Models\\User'),(87,'update_status','Changed status of shipping to: Approved. Updated by: %user_name%',0,34,36,'2023-11-18 16:36:17','2023-11-19 00:36:17','Botble\\ACL\\Models\\User'),(88,'create_from_order','Shipping was created from order %order_id%',0,35,37,'2023-11-18 18:36:17','2023-11-18 18:36:17','Botble\\ACL\\Models\\User'),(89,'update_status','Changed status of shipping to: Approved. Updated by: %user_name%',0,35,37,'2023-11-18 18:36:17','2023-11-19 00:36:17','Botble\\ACL\\Models\\User'),(90,'update_status','Changed status of shipping to: Delivered. Updated by: %user_name%',0,35,37,'2023-11-19 00:36:17','2023-11-19 00:36:17','Botble\\ACL\\Models\\User'),(91,'create_from_order','Shipping was created from order %order_id%',0,36,38,'2023-11-18 06:36:17','2023-11-18 06:36:17','Botble\\ACL\\Models\\User'),(92,'update_status','Changed status of shipping to: Approved. Updated by: %user_name%',0,36,38,'2023-11-18 18:36:17','2023-11-19 00:36:17','Botble\\ACL\\Models\\User'),(93,'update_status','Changed status of shipping to: Delivered. Updated by: %user_name%',0,36,38,'2023-11-19 00:36:18','2023-11-19 00:36:18','Botble\\ACL\\Models\\User'),(94,'create_from_order','Shipping was created from order %order_id%',0,37,39,'2023-11-18 20:36:18','2023-11-18 20:36:18','Botble\\ACL\\Models\\User'),(95,'update_status','Changed status of shipping to: Approved. Updated by: %user_name%',0,37,39,'2023-11-18 20:36:18','2023-11-19 00:36:18','Botble\\ACL\\Models\\User'),(96,'create_from_order','Shipping was created from order %order_id%',0,38,41,'2023-11-18 16:36:18','2023-11-18 16:36:18','Botble\\ACL\\Models\\User'),(97,'update_status','Changed status of shipping to: Approved. Updated by: %user_name%',0,38,41,'2023-11-18 22:36:18','2023-11-19 00:36:18','Botble\\ACL\\Models\\User'),(98,'create_from_order','Shipping was created from order %order_id%',0,39,42,'2023-11-18 12:36:18','2023-11-18 12:36:18','Botble\\ACL\\Models\\User'),(99,'update_status','Changed status of shipping to: Approved. Updated by: %user_name%',0,39,42,'2023-11-18 22:36:18','2023-11-19 00:36:18','Botble\\ACL\\Models\\User'),(100,'update_cod_status','Updated COD status to Completed . Updated by: %user_name%',0,39,42,'2023-11-19 00:36:18','2023-11-19 00:36:18','Botble\\ACL\\Models\\User'),(101,'update_status','Changed status of shipping to: Delivered. Updated by: %user_name%',0,39,42,'2023-11-19 00:36:18','2023-11-19 00:36:18','Botble\\ACL\\Models\\User');
/*!40000 ALTER TABLE `ec_shipment_histories` ENABLE KEYS */;
UNLOCK TABLES;

--
-- Table structure for table `ec_shipments`
--

DROP TABLE IF EXISTS `ec_shipments`;
/*!40101 SET @saved_cs_client     = @@character_set_client */;
/*!50503 SET character_set_client = utf8mb4 */;
CREATE TABLE `ec_shipments` (
  `id` bigint unsigned NOT NULL AUTO_INCREMENT,
  `order_id` bigint unsigned NOT NULL,
  `user_id` bigint unsigned DEFAULT NULL,
  `weight` double(8,2) DEFAULT '0.00',
  `shipment_id` varchar(120) COLLATE utf8mb4_unicode_ci DEFAULT NULL,
  `rate_id` varchar(120) COLLATE utf8mb4_unicode_ci DEFAULT NULL,
  `note` varchar(120) COLLATE utf8mb4_unicode_ci DEFAULT NULL,
  `status` varchar(120) COLLATE utf8mb4_unicode_ci NOT NULL DEFAULT 'pending',
  `cod_amount` decimal(15,2) DEFAULT '0.00',
  `cod_status` varchar(60) COLLATE utf8mb4_unicode_ci NOT NULL DEFAULT 'pending',
  `cross_checking_status` varchar(60) COLLATE utf8mb4_unicode_ci NOT NULL DEFAULT 'pending',
  `price` decimal(15,2) DEFAULT '0.00',
  `store_id` bigint unsigned DEFAULT NULL,
  `created_at` timestamp NULL DEFAULT NULL,
  `updated_at` timestamp NULL DEFAULT NULL,
  `tracking_id` varchar(191) COLLATE utf8mb4_unicode_ci DEFAULT NULL,
  `shipping_company_name` varchar(191) COLLATE utf8mb4_unicode_ci DEFAULT NULL,
  `tracking_link` varchar(191) COLLATE utf8mb4_unicode_ci DEFAULT NULL,
  `estimate_date_shipped` datetime DEFAULT NULL,
  `date_shipped` datetime DEFAULT NULL,
  `label_url` text COLLATE utf8mb4_unicode_ci,
  `metadata` mediumtext COLLATE utf8mb4_unicode_ci,
  PRIMARY KEY (`id`)
) ENGINE=InnoDB AUTO_INCREMENT=40 DEFAULT CHARSET=utf8mb4 COLLATE=utf8mb4_unicode_ci;
/*!40101 SET character_set_client = @saved_cs_client */;

--
-- Dumping data for table `ec_shipments`
--

LOCK TABLES `ec_shipments` WRITE;
/*!40000 ALTER TABLE `ec_shipments` DISABLE KEYS */;
INSERT INTO `ec_shipments` VALUES (1,1,NULL,3093.00,NULL,NULL,'','approved',0.00,'completed','pending',0.00,0,'2023-11-19 00:36:15','2023-11-19 00:36:15','JJD003653006','AliExpress','https://mydhl.express.dhl/us/en/tracking.html#/track-by-reference','2023-11-22 07:36:15',NULL,NULL,NULL),(2,2,NULL,1599.00,NULL,NULL,'','approved',0.00,'completed','pending',0.00,0,'2023-11-19 00:36:15','2023-11-19 00:36:15','JJD0038408898','DHL','https://mydhl.express.dhl/us/en/tracking.html#/track-by-reference','2023-11-29 07:36:15',NULL,NULL,NULL),(3,3,NULL,3114.00,NULL,NULL,'','approved',0.00,'completed','pending',0.00,0,'2023-11-19 00:36:15','2023-11-19 00:36:15','JJD0063962717','AliExpress','https://mydhl.express.dhl/us/en/tracking.html#/track-by-reference','2023-11-21 07:36:15',NULL,NULL,NULL),(4,4,NULL,841.00,NULL,NULL,'','delivered',0.00,'completed','pending',0.00,0,'2023-11-19 00:36:16','2023-11-19 00:36:16','JJD0086374094','AliExpress','https://mydhl.express.dhl/us/en/tracking.html#/track-by-reference','2023-11-27 07:36:16','2023-11-19 07:36:16',NULL,NULL),(5,5,NULL,1090.00,NULL,NULL,'','approved',0.00,'completed','pending',0.00,0,'2023-11-19 00:36:16','2023-11-19 00:36:16','JJD0011498727','AliExpress','https://mydhl.express.dhl/us/en/tracking.html#/track-by-reference','2023-11-21 07:36:16',NULL,NULL,NULL),(6,6,NULL,4196.00,NULL,NULL,'','approved',0.00,'completed','pending',0.00,0,'2023-11-19 00:36:16','2023-11-19 00:36:16','JJD0076330894','FastShipping','https://mydhl.express.dhl/us/en/tracking.html#/track-by-reference','2023-11-29 07:36:16',NULL,NULL,NULL),(7,7,NULL,4518.00,NULL,NULL,'','approved',0.00,'completed','pending',0.00,0,'2023-11-19 00:36:16','2023-11-19 00:36:16','JJD0069895681','FastShipping','https://mydhl.express.dhl/us/en/tracking.html#/track-by-reference','2023-11-22 07:36:16',NULL,NULL,NULL),(8,9,NULL,1682.00,NULL,NULL,'','delivered',0.00,'completed','pending',0.00,0,'2023-11-19 00:36:16','2023-11-19 00:36:16','JJD0090066056','GHN','https://mydhl.express.dhl/us/en/tracking.html#/track-by-reference','2023-11-23 07:36:16','2023-11-19 07:36:16',NULL,NULL),(9,10,NULL,539.00,NULL,NULL,'','approved',0.00,'completed','pending',0.00,0,'2023-11-19 00:36:16','2023-11-19 00:36:16','JJD0079114255','AliExpress','https://mydhl.express.dhl/us/en/tracking.html#/track-by-reference','2023-11-28 07:36:16',NULL,NULL,NULL),(10,11,NULL,3681.00,NULL,NULL,'','delivered',0.00,'completed','pending',0.00,0,'2023-11-19 00:36:16','2023-11-19 00:36:16','JJD0035973638','DHL','https://mydhl.express.dhl/us/en/tracking.html#/track-by-reference','2023-11-26 07:36:16','2023-11-19 07:36:16',NULL,NULL),(11,12,NULL,1928.00,NULL,NULL,'','approved',0.00,'completed','pending',0.00,0,'2023-11-19 00:36:16','2023-11-19 00:36:16','JJD0044339382','DHL','https://mydhl.express.dhl/us/en/tracking.html#/track-by-reference','2023-11-24 07:36:16',NULL,NULL,NULL),(12,13,NULL,1270.00,NULL,NULL,'','approved',0.00,'completed','pending',0.00,0,'2023-11-19 00:36:16','2023-11-19 00:36:16','JJD0051481713','GHN','https://mydhl.express.dhl/us/en/tracking.html#/track-by-reference','2023-11-24 07:36:16',NULL,NULL,NULL),(13,15,NULL,2496.00,NULL,NULL,'','approved',0.00,'completed','pending',0.00,0,'2023-11-19 00:36:16','2023-11-19 00:36:16','JJD0081406169','AliExpress','https://mydhl.express.dhl/us/en/tracking.html#/track-by-reference','2023-11-25 07:36:16',NULL,NULL,NULL),(14,16,NULL,3241.00,NULL,NULL,'','delivered',553.00,'completed','pending',0.00,0,'2023-11-19 00:36:16','2023-11-19 00:36:16','JJD0083995544','AliExpress','https://mydhl.express.dhl/us/en/tracking.html#/track-by-reference','2023-11-20 07:36:16','2023-11-19 07:36:16',NULL,NULL),(15,17,NULL,635.00,NULL,NULL,'','delivered',110.00,'completed','pending',0.00,0,'2023-11-19 00:36:16','2023-11-19 00:36:16','JJD0017106501','AliExpress','https://mydhl.express.dhl/us/en/tracking.html#/track-by-reference','2023-11-26 07:36:16','2023-11-19 07:36:16',NULL,NULL),(16,18,NULL,595.00,NULL,NULL,'','delivered',124.00,'completed','pending',0.00,0,'2023-11-19 00:36:16','2023-11-19 00:36:16','JJD0081112784','DHL','https://mydhl.express.dhl/us/en/tracking.html#/track-by-reference','2023-11-23 07:36:16','2023-11-19 07:36:16',NULL,NULL),(17,19,NULL,1905.00,NULL,NULL,'','approved',0.00,'completed','pending',0.00,0,'2023-11-19 00:36:16','2023-11-19 00:36:16','JJD0034542005','AliExpress','https://mydhl.express.dhl/us/en/tracking.html#/track-by-reference','2023-11-21 07:36:16',NULL,NULL,NULL),(18,20,NULL,1190.00,NULL,NULL,'','delivered',248.00,'completed','pending',0.00,0,'2023-11-19 00:36:16','2023-11-19 00:36:16','JJD0070408769','AliExpress','https://mydhl.express.dhl/us/en/tracking.html#/track-by-reference','2023-11-29 07:36:16','2023-11-19 07:36:16',NULL,NULL),(19,21,NULL,832.00,NULL,NULL,'','approved',0.00,'completed','pending',0.00,0,'2023-11-19 00:36:16','2023-11-19 00:36:16','JJD005232510','FastShipping','https://mydhl.express.dhl/us/en/tracking.html#/track-by-reference','2023-11-22 07:36:16',NULL,NULL,NULL),(20,22,NULL,1682.00,NULL,NULL,'','delivered',458.00,'completed','pending',0.00,0,'2023-11-19 00:36:17','2023-11-19 00:36:17','JJD0084239177','FastShipping','https://mydhl.express.dhl/us/en/tracking.html#/track-by-reference','2023-11-21 07:36:17','2023-11-19 07:36:17',NULL,NULL),(21,23,NULL,1078.00,NULL,NULL,'','delivered',0.00,'completed','pending',0.00,0,'2023-11-19 00:36:17','2023-11-19 00:36:17','JJD0030170343','DHL','https://mydhl.express.dhl/us/en/tracking.html#/track-by-reference','2023-11-29 07:36:17','2023-11-19 07:36:17',NULL,NULL),(22,24,NULL,2212.00,NULL,NULL,'','delivered',0.00,'completed','pending',0.00,0,'2023-11-19 00:36:17','2023-11-19 00:36:17','JJD0053342048','DHL','https://mydhl.express.dhl/us/en/tracking.html#/track-by-reference','2023-11-24 07:36:17','2023-11-19 07:36:17',NULL,NULL),(23,25,NULL,2160.00,NULL,NULL,'','delivered',0.00,'completed','pending',0.00,0,'2023-11-19 00:36:17','2023-11-19 00:36:17','JJD0047860368','AliExpress','https://mydhl.express.dhl/us/en/tracking.html#/track-by-reference','2023-11-20 07:36:17','2023-11-19 07:36:17',NULL,NULL),(24,26,NULL,1664.00,NULL,NULL,'','delivered',0.00,'completed','pending',0.00,0,'2023-11-19 00:36:17','2023-11-19 00:36:17','JJD0022355927','FastShipping','https://mydhl.express.dhl/us/en/tracking.html#/track-by-reference','2023-11-20 07:36:17','2023-11-19 07:36:17',NULL,NULL),(25,27,NULL,595.00,NULL,NULL,'','approved',0.00,'completed','pending',0.00,0,'2023-11-19 00:36:17','2023-11-19 00:36:17','JJD0044739582','GHN','https://mydhl.express.dhl/us/en/tracking.html#/track-by-reference','2023-11-21 07:36:17',NULL,NULL,NULL),(26,28,NULL,832.00,NULL,NULL,'','approved',126.00,'pending','pending',0.00,0,'2023-11-19 00:36:17','2023-11-19 00:36:17','JJD0024011329','FastShipping','https://mydhl.express.dhl/us/en/tracking.html#/track-by-reference','2023-11-25 07:36:17',NULL,NULL,NULL),(27,29,NULL,1677.00,NULL,NULL,'','delivered',0.00,'completed','pending',0.00,0,'2023-11-19 00:36:17','2023-11-19 00:36:17','JJD0041919845','GHN','https://mydhl.express.dhl/us/en/tracking.html#/track-by-reference','2023-11-28 07:36:17','2023-11-19 07:36:17',NULL,NULL),(28,30,NULL,1905.00,NULL,NULL,'','approved',0.00,'completed','pending',0.00,0,'2023-11-19 00:36:17','2023-11-19 00:36:17','JJD0070818625','GHN','https://mydhl.express.dhl/us/en/tracking.html#/track-by-reference','2023-11-29 07:36:17',NULL,NULL,NULL),(29,31,NULL,1206.00,NULL,NULL,'','approved',0.00,'completed','pending',0.00,0,'2023-11-19 00:36:17','2023-11-19 00:36:17','JJD0098775410','GHN','https://mydhl.express.dhl/us/en/tracking.html#/track-by-reference','2023-11-28 07:36:17',NULL,NULL,NULL),(30,32,NULL,3079.00,NULL,NULL,'','approved',903.00,'pending','pending',0.00,0,'2023-11-19 00:36:17','2023-11-19 00:36:17','JJD0035655048','DHL','https://mydhl.express.dhl/us/en/tracking.html#/track-by-reference','2023-11-21 07:36:17',NULL,NULL,NULL),(31,33,NULL,1785.00,NULL,NULL,'','approved',0.00,'completed','pending',0.00,0,'2023-11-19 00:36:17','2023-11-19 00:36:17','JJD0097182420','FastShipping','https://mydhl.express.dhl/us/en/tracking.html#/track-by-reference','2023-11-29 07:36:17',NULL,NULL,NULL),(32,34,NULL,4080.00,NULL,NULL,'','delivered',0.00,'completed','pending',0.00,0,'2023-11-19 00:36:17','2023-11-19 00:36:17','JJD0075144784','DHL','https://mydhl.express.dhl/us/en/tracking.html#/track-by-reference','2023-11-28 07:36:17','2023-11-19 07:36:17',NULL,NULL),(33,35,NULL,2203.00,NULL,NULL,'','approved',0.00,'completed','pending',0.00,0,'2023-11-19 00:36:17','2023-11-19 00:36:17','JJD0047083690','DHL','https://mydhl.express.dhl/us/en/tracking.html#/track-by-reference','2023-11-24 07:36:17',NULL,NULL,NULL),(34,36,NULL,1836.00,NULL,NULL,'','approved',0.00,'completed','pending',0.00,0,'2023-11-19 00:36:17','2023-11-19 00:36:17','JJD0094874364','DHL','https://mydhl.express.dhl/us/en/tracking.html#/track-by-reference','2023-11-26 07:36:17',NULL,NULL,NULL),(35,37,NULL,4494.00,NULL,NULL,'','delivered',0.00,'completed','pending',0.00,0,'2023-11-19 00:36:17','2023-11-19 00:36:17','JJD0099711215','FastShipping','https://mydhl.express.dhl/us/en/tracking.html#/track-by-reference','2023-11-23 07:36:17','2023-11-19 07:36:17',NULL,NULL),(36,38,NULL,1428.00,NULL,NULL,'','delivered',0.00,'completed','pending',0.00,0,'2023-11-19 00:36:17','2023-11-19 00:36:17','JJD0031980667','AliExpress','https://mydhl.express.dhl/us/en/tracking.html#/track-by-reference','2023-11-25 07:36:17','2023-11-19 07:36:17',NULL,NULL),(37,39,NULL,1292.00,NULL,NULL,'','approved',0.00,'completed','pending',0.00,0,'2023-11-19 00:36:18','2023-11-19 00:36:18','JJD0047497494','DHL','https://mydhl.express.dhl/us/en/tracking.html#/track-by-reference','2023-11-27 07:36:18',NULL,NULL,NULL),(38,41,NULL,2768.00,NULL,NULL,'','approved',0.00,'completed','pending',0.00,0,'2023-11-19 00:36:18','2023-11-19 00:36:18','JJD0083824729','GHN','https://mydhl.express.dhl/us/en/tracking.html#/track-by-reference','2023-11-23 07:36:18',NULL,NULL,NULL),(39,42,NULL,539.00,NULL,NULL,'','delivered',122.00,'completed','pending',0.00,0,'2023-11-19 00:36:18','2023-11-19 00:36:18','JJD0090628164','DHL','https://mydhl.express.dhl/us/en/tracking.html#/track-by-reference','2023-11-22 07:36:18','2023-11-19 07:36:18',NULL,NULL);
/*!40000 ALTER TABLE `ec_shipments` ENABLE KEYS */;
UNLOCK TABLES;

--
-- Table structure for table `ec_shipping`
--

DROP TABLE IF EXISTS `ec_shipping`;
/*!40101 SET @saved_cs_client     = @@character_set_client */;
/*!50503 SET character_set_client = utf8mb4 */;
CREATE TABLE `ec_shipping` (
  `id` bigint unsigned NOT NULL AUTO_INCREMENT,
  `title` varchar(255) COLLATE utf8mb4_unicode_ci DEFAULT NULL,
  `country` varchar(120) COLLATE utf8mb4_unicode_ci DEFAULT NULL,
  `created_at` timestamp NULL DEFAULT NULL,
  `updated_at` timestamp NULL DEFAULT NULL,
  PRIMARY KEY (`id`)
) ENGINE=InnoDB AUTO_INCREMENT=2 DEFAULT CHARSET=utf8mb4 COLLATE=utf8mb4_unicode_ci;
/*!40101 SET character_set_client = @saved_cs_client */;

--
-- Dumping data for table `ec_shipping`
--

LOCK TABLES `ec_shipping` WRITE;
/*!40000 ALTER TABLE `ec_shipping` DISABLE KEYS */;
INSERT INTO `ec_shipping` VALUES (1,'All',NULL,'2023-11-19 00:36:06','2023-11-19 00:36:06');
/*!40000 ALTER TABLE `ec_shipping` ENABLE KEYS */;
UNLOCK TABLES;

--
-- Table structure for table `ec_shipping_rule_items`
--

DROP TABLE IF EXISTS `ec_shipping_rule_items`;
/*!40101 SET @saved_cs_client     = @@character_set_client */;
/*!50503 SET character_set_client = utf8mb4 */;
CREATE TABLE `ec_shipping_rule_items` (
  `id` bigint unsigned NOT NULL AUTO_INCREMENT,
  `shipping_rule_id` bigint unsigned NOT NULL,
  `country` varchar(120) COLLATE utf8mb4_unicode_ci DEFAULT NULL,
  `state` varchar(120) COLLATE utf8mb4_unicode_ci DEFAULT NULL,
  `city` varchar(120) COLLATE utf8mb4_unicode_ci DEFAULT NULL,
  `zip_code` varchar(20) COLLATE utf8mb4_unicode_ci DEFAULT NULL,
  `adjustment_price` decimal(15,2) DEFAULT '0.00',
  `is_enabled` tinyint(1) NOT NULL DEFAULT '1',
  `created_at` timestamp NULL DEFAULT NULL,
  `updated_at` timestamp NULL DEFAULT NULL,
  PRIMARY KEY (`id`)
) ENGINE=InnoDB DEFAULT CHARSET=utf8mb4 COLLATE=utf8mb4_unicode_ci;
/*!40101 SET character_set_client = @saved_cs_client */;

--
-- Dumping data for table `ec_shipping_rule_items`
--

LOCK TABLES `ec_shipping_rule_items` WRITE;
/*!40000 ALTER TABLE `ec_shipping_rule_items` DISABLE KEYS */;
/*!40000 ALTER TABLE `ec_shipping_rule_items` ENABLE KEYS */;
UNLOCK TABLES;

--
-- Table structure for table `ec_shipping_rules`
--

DROP TABLE IF EXISTS `ec_shipping_rules`;
/*!40101 SET @saved_cs_client     = @@character_set_client */;
/*!50503 SET character_set_client = utf8mb4 */;
CREATE TABLE `ec_shipping_rules` (
  `id` bigint unsigned NOT NULL AUTO_INCREMENT,
  `name` varchar(120) COLLATE utf8mb4_unicode_ci NOT NULL,
  `shipping_id` bigint unsigned NOT NULL,
  `type` varchar(24) COLLATE utf8mb4_unicode_ci DEFAULT 'based_on_price',
  `from` decimal(15,2) DEFAULT '0.00',
  `to` decimal(15,2) DEFAULT '0.00',
  `price` decimal(15,2) DEFAULT '0.00',
  `created_at` timestamp NULL DEFAULT NULL,
  `updated_at` timestamp NULL DEFAULT NULL,
  PRIMARY KEY (`id`)
) ENGINE=InnoDB AUTO_INCREMENT=2 DEFAULT CHARSET=utf8mb4 COLLATE=utf8mb4_unicode_ci;
/*!40101 SET character_set_client = @saved_cs_client */;

--
-- Dumping data for table `ec_shipping_rules`
--

LOCK TABLES `ec_shipping_rules` WRITE;
/*!40000 ALTER TABLE `ec_shipping_rules` DISABLE KEYS */;
INSERT INTO `ec_shipping_rules` VALUES (1,'Free delivery',1,'based_on_price',0.00,NULL,0.00,'2023-11-19 00:36:06','2023-11-19 00:36:06');
/*!40000 ALTER TABLE `ec_shipping_rules` ENABLE KEYS */;
UNLOCK TABLES;

--
-- Table structure for table `ec_store_locators`
--

DROP TABLE IF EXISTS `ec_store_locators`;
/*!40101 SET @saved_cs_client     = @@character_set_client */;
/*!50503 SET character_set_client = utf8mb4 */;
CREATE TABLE `ec_store_locators` (
  `id` bigint unsigned NOT NULL AUTO_INCREMENT,
  `name` varchar(60) COLLATE utf8mb4_unicode_ci NOT NULL,
  `email` varchar(60) COLLATE utf8mb4_unicode_ci DEFAULT NULL,
  `phone` varchar(20) COLLATE utf8mb4_unicode_ci NOT NULL,
  `address` varchar(255) COLLATE utf8mb4_unicode_ci NOT NULL,
  `country` varchar(120) COLLATE utf8mb4_unicode_ci DEFAULT NULL,
  `state` varchar(120) COLLATE utf8mb4_unicode_ci DEFAULT NULL,
  `city` varchar(120) COLLATE utf8mb4_unicode_ci DEFAULT NULL,
  `is_primary` tinyint(1) DEFAULT '0',
  `is_shipping_location` tinyint(1) DEFAULT '1',
  `created_at` timestamp NULL DEFAULT NULL,
  `updated_at` timestamp NULL DEFAULT NULL,
  PRIMARY KEY (`id`)
) ENGINE=InnoDB AUTO_INCREMENT=2 DEFAULT CHARSET=utf8mb4 COLLATE=utf8mb4_unicode_ci;
/*!40101 SET character_set_client = @saved_cs_client */;

--
-- Dumping data for table `ec_store_locators`
--

LOCK TABLES `ec_store_locators` WRITE;
/*!40000 ALTER TABLE `ec_store_locators` DISABLE KEYS */;
INSERT INTO `ec_store_locators` VALUES (1,'Nest','sales@botble.com','18006268','North Link Building, 10 Admiralty Street','SG','Singapore','Singapore',1,1,'2023-11-19 00:36:06','2023-11-19 00:36:06');
/*!40000 ALTER TABLE `ec_store_locators` ENABLE KEYS */;
UNLOCK TABLES;

--
-- Table structure for table `ec_tax_products`
--

DROP TABLE IF EXISTS `ec_tax_products`;
/*!40101 SET @saved_cs_client     = @@character_set_client */;
/*!50503 SET character_set_client = utf8mb4 */;
CREATE TABLE `ec_tax_products` (
  `tax_id` bigint unsigned NOT NULL,
  `product_id` bigint unsigned NOT NULL,
  PRIMARY KEY (`product_id`,`tax_id`),
  KEY `ec_tax_products_tax_id_index` (`tax_id`),
  KEY `ec_tax_products_product_id_index` (`product_id`)
) ENGINE=InnoDB DEFAULT CHARSET=utf8mb4 COLLATE=utf8mb4_unicode_ci;
/*!40101 SET character_set_client = @saved_cs_client */;

--
-- Dumping data for table `ec_tax_products`
--

LOCK TABLES `ec_tax_products` WRITE;
/*!40000 ALTER TABLE `ec_tax_products` DISABLE KEYS */;
INSERT INTO `ec_tax_products` VALUES (1,1),(1,2),(1,3),(1,4),(1,5),(1,6),(1,7),(1,8),(1,9),(1,10),(1,11),(1,12),(1,13),(1,14),(1,15),(1,16),(1,17),(1,18),(1,19),(1,20),(1,21),(1,22),(1,23),(1,24);
/*!40000 ALTER TABLE `ec_tax_products` ENABLE KEYS */;
UNLOCK TABLES;

--
-- Table structure for table `ec_tax_rules`
--

DROP TABLE IF EXISTS `ec_tax_rules`;
/*!40101 SET @saved_cs_client     = @@character_set_client */;
/*!50503 SET character_set_client = utf8mb4 */;
CREATE TABLE `ec_tax_rules` (
  `id` bigint unsigned NOT NULL AUTO_INCREMENT,
  `tax_id` bigint unsigned NOT NULL,
  `country` varchar(120) COLLATE utf8mb4_unicode_ci DEFAULT NULL,
  `state` varchar(120) COLLATE utf8mb4_unicode_ci DEFAULT NULL,
  `city` varchar(120) COLLATE utf8mb4_unicode_ci DEFAULT NULL,
  `zip_code` varchar(20) COLLATE utf8mb4_unicode_ci DEFAULT NULL,
  `priority` int DEFAULT NULL,
  `is_enabled` tinyint(1) NOT NULL DEFAULT '1',
  `created_at` timestamp NULL DEFAULT NULL,
  `updated_at` timestamp NULL DEFAULT NULL,
  PRIMARY KEY (`id`)
) ENGINE=InnoDB DEFAULT CHARSET=utf8mb4 COLLATE=utf8mb4_unicode_ci;
/*!40101 SET character_set_client = @saved_cs_client */;

--
-- Dumping data for table `ec_tax_rules`
--

LOCK TABLES `ec_tax_rules` WRITE;
/*!40000 ALTER TABLE `ec_tax_rules` DISABLE KEYS */;
/*!40000 ALTER TABLE `ec_tax_rules` ENABLE KEYS */;
UNLOCK TABLES;

--
-- Table structure for table `ec_taxes`
--

DROP TABLE IF EXISTS `ec_taxes`;
/*!40101 SET @saved_cs_client     = @@character_set_client */;
/*!50503 SET character_set_client = utf8mb4 */;
CREATE TABLE `ec_taxes` (
  `id` bigint unsigned NOT NULL AUTO_INCREMENT,
  `title` varchar(255) COLLATE utf8mb4_unicode_ci DEFAULT NULL,
  `percentage` double(8,6) DEFAULT NULL,
  `priority` int DEFAULT NULL,
  `status` varchar(60) COLLATE utf8mb4_unicode_ci NOT NULL DEFAULT 'published',
  `created_at` timestamp NULL DEFAULT NULL,
  `updated_at` timestamp NULL DEFAULT NULL,
  PRIMARY KEY (`id`)
) ENGINE=InnoDB AUTO_INCREMENT=4 DEFAULT CHARSET=utf8mb4 COLLATE=utf8mb4_unicode_ci;
/*!40101 SET character_set_client = @saved_cs_client */;

--
-- Dumping data for table `ec_taxes`
--

LOCK TABLES `ec_taxes` WRITE;
/*!40000 ALTER TABLE `ec_taxes` DISABLE KEYS */;
INSERT INTO `ec_taxes` VALUES (1,'VAT',10.000000,1,'published','2023-11-19 00:36:02','2023-11-19 00:36:02'),(2,'None',0.000000,2,'published','2023-11-19 00:36:02','2023-11-19 00:36:02'),(3,'Import Tax',15.000000,3,'published','2023-11-19 00:36:02','2023-11-19 00:36:02');
/*!40000 ALTER TABLE `ec_taxes` ENABLE KEYS */;
UNLOCK TABLES;

--
-- Table structure for table `ec_wish_lists`
--

DROP TABLE IF EXISTS `ec_wish_lists`;
/*!40101 SET @saved_cs_client     = @@character_set_client */;
/*!50503 SET character_set_client = utf8mb4 */;
CREATE TABLE `ec_wish_lists` (
  `id` bigint unsigned NOT NULL AUTO_INCREMENT,
  `customer_id` bigint unsigned NOT NULL,
  `product_id` bigint unsigned NOT NULL,
  `created_at` timestamp NULL DEFAULT NULL,
  `updated_at` timestamp NULL DEFAULT NULL,
  PRIMARY KEY (`id`),
  KEY `wishlist_relation_index` (`product_id`,`customer_id`)
) ENGINE=InnoDB DEFAULT CHARSET=utf8mb4 COLLATE=utf8mb4_unicode_ci;
/*!40101 SET character_set_client = @saved_cs_client */;

--
-- Dumping data for table `ec_wish_lists`
--

LOCK TABLES `ec_wish_lists` WRITE;
/*!40000 ALTER TABLE `ec_wish_lists` DISABLE KEYS */;
/*!40000 ALTER TABLE `ec_wish_lists` ENABLE KEYS */;
UNLOCK TABLES;

--
-- Table structure for table `failed_jobs`
--

DROP TABLE IF EXISTS `failed_jobs`;
/*!40101 SET @saved_cs_client     = @@character_set_client */;
/*!50503 SET character_set_client = utf8mb4 */;
CREATE TABLE `failed_jobs` (
  `id` bigint unsigned NOT NULL AUTO_INCREMENT,
  `uuid` varchar(191) COLLATE utf8mb4_unicode_ci NOT NULL,
  `connection` text COLLATE utf8mb4_unicode_ci NOT NULL,
  `queue` text COLLATE utf8mb4_unicode_ci NOT NULL,
  `payload` longtext COLLATE utf8mb4_unicode_ci NOT NULL,
  `exception` longtext COLLATE utf8mb4_unicode_ci NOT NULL,
  `failed_at` timestamp NOT NULL DEFAULT CURRENT_TIMESTAMP,
  PRIMARY KEY (`id`),
  UNIQUE KEY `failed_jobs_uuid_unique` (`uuid`)
) ENGINE=InnoDB DEFAULT CHARSET=utf8mb4 COLLATE=utf8mb4_unicode_ci;
/*!40101 SET character_set_client = @saved_cs_client */;

--
-- Dumping data for table `failed_jobs`
--

LOCK TABLES `failed_jobs` WRITE;
/*!40000 ALTER TABLE `failed_jobs` DISABLE KEYS */;
/*!40000 ALTER TABLE `failed_jobs` ENABLE KEYS */;
UNLOCK TABLES;

--
-- Table structure for table `faq_categories`
--

DROP TABLE IF EXISTS `faq_categories`;
/*!40101 SET @saved_cs_client     = @@character_set_client */;
/*!50503 SET character_set_client = utf8mb4 */;
CREATE TABLE `faq_categories` (
  `id` bigint unsigned NOT NULL AUTO_INCREMENT,
  `name` varchar(120) COLLATE utf8mb4_unicode_ci NOT NULL,
  `order` tinyint NOT NULL DEFAULT '0',
  `status` varchar(60) COLLATE utf8mb4_unicode_ci NOT NULL DEFAULT 'published',
  `created_at` timestamp NULL DEFAULT NULL,
  `updated_at` timestamp NULL DEFAULT NULL,
  `description` varchar(300) COLLATE utf8mb4_unicode_ci DEFAULT NULL,
  PRIMARY KEY (`id`)
) ENGINE=InnoDB AUTO_INCREMENT=4 DEFAULT CHARSET=utf8mb4 COLLATE=utf8mb4_unicode_ci;
/*!40101 SET character_set_client = @saved_cs_client */;

--
-- Dumping data for table `faq_categories`
--

LOCK TABLES `faq_categories` WRITE;
/*!40000 ALTER TABLE `faq_categories` DISABLE KEYS */;
INSERT INTO `faq_categories` VALUES (1,'Shipping',0,'published','2023-11-19 00:36:11','2023-11-19 00:36:11',NULL),(2,'Payment',1,'published','2023-11-19 00:36:11','2023-11-19 00:36:11',NULL),(3,'Order &amp; Returns',2,'published','2023-11-19 00:36:11','2023-11-19 00:36:11',NULL);
/*!40000 ALTER TABLE `faq_categories` ENABLE KEYS */;
UNLOCK TABLES;

--
-- Table structure for table `faq_categories_translations`
--

DROP TABLE IF EXISTS `faq_categories_translations`;
/*!40101 SET @saved_cs_client     = @@character_set_client */;
/*!50503 SET character_set_client = utf8mb4 */;
CREATE TABLE `faq_categories_translations` (
  `lang_code` varchar(20) COLLATE utf8mb4_unicode_ci NOT NULL,
  `faq_categories_id` bigint unsigned NOT NULL,
  `name` varchar(120) COLLATE utf8mb4_unicode_ci DEFAULT NULL,
  PRIMARY KEY (`lang_code`,`faq_categories_id`)
) ENGINE=InnoDB DEFAULT CHARSET=utf8mb4 COLLATE=utf8mb4_unicode_ci;
/*!40101 SET character_set_client = @saved_cs_client */;

--
-- Dumping data for table `faq_categories_translations`
--

LOCK TABLES `faq_categories_translations` WRITE;
/*!40000 ALTER TABLE `faq_categories_translations` DISABLE KEYS */;
/*!40000 ALTER TABLE `faq_categories_translations` ENABLE KEYS */;
UNLOCK TABLES;

--
-- Table structure for table `faqs`
--

DROP TABLE IF EXISTS `faqs`;
/*!40101 SET @saved_cs_client     = @@character_set_client */;
/*!50503 SET character_set_client = utf8mb4 */;
CREATE TABLE `faqs` (
  `id` bigint unsigned NOT NULL AUTO_INCREMENT,
  `question` text COLLATE utf8mb4_unicode_ci NOT NULL,
  `answer` text COLLATE utf8mb4_unicode_ci NOT NULL,
  `category_id` bigint unsigned NOT NULL,
  `status` varchar(60) COLLATE utf8mb4_unicode_ci NOT NULL DEFAULT 'published',
  `created_at` timestamp NULL DEFAULT NULL,
  `updated_at` timestamp NULL DEFAULT NULL,
  PRIMARY KEY (`id`)
) ENGINE=InnoDB AUTO_INCREMENT=11 DEFAULT CHARSET=utf8mb4 COLLATE=utf8mb4_unicode_ci;
/*!40101 SET character_set_client = @saved_cs_client */;

--
-- Dumping data for table `faqs`
--

LOCK TABLES `faqs` WRITE;
/*!40000 ALTER TABLE `faqs` DISABLE KEYS */;
INSERT INTO `faqs` VALUES (1,'What Shipping Methods Are Available?','Ex Portland Pitchfork irure mustache. Eutra fap before they sold out literally. Aliquip ugh bicycle rights actually mlkshk, seitan squid craft beer tempor.',1,'published','2023-11-19 00:36:11','2023-11-19 00:36:11'),(2,'Do You Ship Internationally?','Hoodie tote bag mixtape tofu. Typewriter jean shorts wolf quinoa, messenger bag organic freegan cray.',1,'published','2023-11-19 00:36:11','2023-11-19 00:36:11'),(3,'How Long Will It Take To Get My Package?','Swag slow-carb quinoa VHS typewriter pork belly brunch, paleo single-origin coffee Wes Anderson. Flexitarian Pitchfork forage, literally paleo fap pour-over. Wes Anderson Pinterest YOLO fanny pack meggings, deep v XOXO chambray sustainable slow-carb raw denim church-key fap chillwave Etsy. +1 typewriter kitsch, American Apparel tofu Banksy Vice.',1,'published','2023-11-19 00:36:11','2023-11-19 00:36:11'),(4,'What Payment Methods Are Accepted?','Fashion axe DIY jean shorts, swag kale chips meh polaroid kogi butcher Wes Anderson chambray next level semiotics gentrify yr. Voluptate photo booth fugiat Vice. Austin sed Williamsburg, ea labore raw denim voluptate cred proident mixtape excepteur mustache. Twee chia photo booth readymade food truck, hoodie roof party swag keytar PBR DIY.',2,'published','2023-11-19 00:36:11','2023-11-19 00:36:11'),(5,'Is Buying On-Line Safe?','Art party authentic freegan semiotics jean shorts chia cred. Neutra Austin roof party Brooklyn, synth Thundercats swag 8-bit photo booth. Plaid letterpress leggings craft beer meh ethical Pinterest.',2,'published','2023-11-19 00:36:11','2023-11-19 00:36:11'),(6,'How do I place an Order?','Keytar cray slow-carb, Godard banh mi salvia pour-over. Slow-carb Odd Future seitan normcore. Master cleanse American Apparel gentrify flexitarian beard slow-carb next level. Raw denim polaroid paleo farm-to-table, put a bird on it lo-fi tattooed Wes Anderson Pinterest letterpress. Fingerstache McSweeney’s pour-over, letterpress Schlitz photo booth master cleanse bespoke hashtag chillwave gentrify.',3,'published','2023-11-19 00:36:11','2023-11-19 00:36:11'),(7,'How Can I Cancel Or Change My Order?','Plaid letterpress leggings craft beer meh ethical Pinterest. Art party authentic freegan semiotics jean shorts chia cred. Neutra Austin roof party Brooklyn, synth Thundercats swag 8-bit photo booth.',3,'published','2023-11-19 00:36:11','2023-11-19 00:36:11'),(8,'Do I need an account to place an order?','Thundercats swag 8-bit photo booth. Plaid letterpress leggings craft beer meh ethical Pinterest. Twee chia photo booth readymade food truck, hoodie roof party swag keytar PBR DIY. Cray ugh 3 wolf moon fap, fashion axe irony butcher cornhole typewriter chambray VHS banjo street art.',3,'published','2023-11-19 00:36:11','2023-11-19 00:36:11'),(9,'How Do I Track My Order?','Keytar cray slow-carb, Godard banh mi salvia pour-over. Slow-carb @Odd Future seitan normcore. Master cleanse American Apparel gentrify flexitarian beard slow-carb next level.',3,'published','2023-11-19 00:36:11','2023-11-19 00:36:11'),(10,'How Can I Return a Product?','Kale chips Truffaut Williamsburg, hashtag fixie Pinterest raw denim c hambray drinking vinegar Carles street art Bushwick gastropub. Wolf Tumblr paleo church-key. Plaid food truck Echo Park YOLO bitters hella, direct trade Thundercats leggings quinoa before they sold out. You probably haven’t heard of them wayfarers authentic umami drinking vinegar Pinterest Cosby sweater, fingerstache fap High Life.',3,'published','2023-11-19 00:36:11','2023-11-19 00:36:11');
/*!40000 ALTER TABLE `faqs` ENABLE KEYS */;
UNLOCK TABLES;

--
-- Table structure for table `faqs_translations`
--

DROP TABLE IF EXISTS `faqs_translations`;
/*!40101 SET @saved_cs_client     = @@character_set_client */;
/*!50503 SET character_set_client = utf8mb4 */;
CREATE TABLE `faqs_translations` (
  `lang_code` varchar(20) COLLATE utf8mb4_unicode_ci NOT NULL,
  `faqs_id` bigint unsigned NOT NULL,
  `question` text COLLATE utf8mb4_unicode_ci,
  `answer` text COLLATE utf8mb4_unicode_ci,
  PRIMARY KEY (`lang_code`,`faqs_id`)
) ENGINE=InnoDB DEFAULT CHARSET=utf8mb4 COLLATE=utf8mb4_unicode_ci;
/*!40101 SET character_set_client = @saved_cs_client */;

--
-- Dumping data for table `faqs_translations`
--

LOCK TABLES `faqs_translations` WRITE;
/*!40000 ALTER TABLE `faqs_translations` DISABLE KEYS */;
/*!40000 ALTER TABLE `faqs_translations` ENABLE KEYS */;
UNLOCK TABLES;

--
-- Table structure for table `jobs`
--

DROP TABLE IF EXISTS `jobs`;
/*!40101 SET @saved_cs_client     = @@character_set_client */;
/*!50503 SET character_set_client = utf8mb4 */;
CREATE TABLE `jobs` (
  `id` bigint unsigned NOT NULL AUTO_INCREMENT,
  `queue` varchar(191) COLLATE utf8mb4_unicode_ci NOT NULL,
  `payload` longtext COLLATE utf8mb4_unicode_ci NOT NULL,
  `attempts` tinyint unsigned NOT NULL,
  `reserved_at` int unsigned DEFAULT NULL,
  `available_at` int unsigned NOT NULL,
  `created_at` int unsigned NOT NULL,
  PRIMARY KEY (`id`),
  KEY `jobs_queue_index` (`queue`)
) ENGINE=InnoDB DEFAULT CHARSET=utf8mb4 COLLATE=utf8mb4_unicode_ci;
/*!40101 SET character_set_client = @saved_cs_client */;

--
-- Dumping data for table `jobs`
--

LOCK TABLES `jobs` WRITE;
/*!40000 ALTER TABLE `jobs` DISABLE KEYS */;
/*!40000 ALTER TABLE `jobs` ENABLE KEYS */;
UNLOCK TABLES;

--
-- Table structure for table `language_meta`
--

DROP TABLE IF EXISTS `language_meta`;
/*!40101 SET @saved_cs_client     = @@character_set_client */;
/*!50503 SET character_set_client = utf8mb4 */;
CREATE TABLE `language_meta` (
  `lang_meta_id` bigint unsigned NOT NULL AUTO_INCREMENT,
  `lang_meta_code` varchar(20) COLLATE utf8mb4_unicode_ci DEFAULT NULL,
  `lang_meta_origin` varchar(32) COLLATE utf8mb4_unicode_ci NOT NULL,
  `reference_id` bigint unsigned NOT NULL,
  `reference_type` varchar(120) COLLATE utf8mb4_unicode_ci NOT NULL,
  PRIMARY KEY (`lang_meta_id`),
  KEY `language_meta_reference_id_index` (`reference_id`),
  KEY `meta_code_index` (`lang_meta_code`),
  KEY `meta_origin_index` (`lang_meta_origin`),
  KEY `meta_reference_type_index` (`reference_type`)
) ENGINE=InnoDB AUTO_INCREMENT=15 DEFAULT CHARSET=utf8mb4 COLLATE=utf8mb4_unicode_ci;
/*!40101 SET character_set_client = @saved_cs_client */;

--
-- Dumping data for table `language_meta`
--

LOCK TABLES `language_meta` WRITE;
/*!40000 ALTER TABLE `language_meta` DISABLE KEYS */;
INSERT INTO `language_meta` VALUES (1,'en_US','523dbfc9ec1833e536be76b9cfb5ebd1',1,'Botble\\SimpleSlider\\Models\\SimpleSlider'),(2,'en_US','fb4531baa6264209c3d03b6494c168ab',2,'Botble\\SimpleSlider\\Models\\SimpleSlider'),(3,'en_US','2ed692eee52bf84422c6020e8abdca4e',3,'Botble\\SimpleSlider\\Models\\SimpleSlider'),(4,'en_US','4c79996378113ef6ab76da5c7f43d6b0',4,'Botble\\SimpleSlider\\Models\\SimpleSlider'),(5,'en_US','e559810bfcbac153ba8193855ab13b03',5,'Botble\\SimpleSlider\\Models\\SimpleSlider'),(6,'en_US','a01a6c02f10806c4c11b0c382a18adca',6,'Botble\\SimpleSlider\\Models\\SimpleSlider'),(7,'en_US','d78832e6b5aefe2a22e3d280e7184dd1',7,'Botble\\SimpleSlider\\Models\\SimpleSlider'),(8,'en_US','db8c43edf6de6068899178de3d64be94',1,'Botble\\Menu\\Models\\MenuLocation'),(9,'en_US','38398824c88c769811b9ae1f4588fa00',1,'Botble\\Menu\\Models\\Menu'),(10,'en_US','e313a700a27002bf2aaea55ec3fc0d69',2,'Botble\\Menu\\Models\\MenuLocation'),(11,'en_US','1b8a43fcd149a41e25e67b6fc62ee80c',2,'Botble\\Menu\\Models\\Menu'),(12,'en_US','b3e73d2a224b03d0de4f609c4bf141ad',3,'Botble\\Menu\\Models\\Menu'),(13,'en_US','c7786da49c4648d9f0139459e85a8f01',4,'Botble\\Menu\\Models\\Menu'),(14,'en_US','a22070e5182555188201200432fcb05b',5,'Botble\\Menu\\Models\\Menu');
/*!40000 ALTER TABLE `language_meta` ENABLE KEYS */;
UNLOCK TABLES;

--
-- Table structure for table `languages`
--

DROP TABLE IF EXISTS `languages`;
/*!40101 SET @saved_cs_client     = @@character_set_client */;
/*!50503 SET character_set_client = utf8mb4 */;
CREATE TABLE `languages` (
  `lang_id` bigint unsigned NOT NULL AUTO_INCREMENT,
  `lang_name` varchar(120) COLLATE utf8mb4_unicode_ci NOT NULL,
  `lang_locale` varchar(20) COLLATE utf8mb4_unicode_ci NOT NULL,
  `lang_code` varchar(20) COLLATE utf8mb4_unicode_ci NOT NULL,
  `lang_flag` varchar(20) COLLATE utf8mb4_unicode_ci DEFAULT NULL,
  `lang_is_default` tinyint unsigned NOT NULL DEFAULT '0',
  `lang_order` int NOT NULL DEFAULT '0',
  `lang_is_rtl` tinyint unsigned NOT NULL DEFAULT '0',
  PRIMARY KEY (`lang_id`),
  KEY `lang_locale_index` (`lang_locale`),
  KEY `lang_code_index` (`lang_code`),
  KEY `lang_is_default_index` (`lang_is_default`)
) ENGINE=InnoDB AUTO_INCREMENT=2 DEFAULT CHARSET=utf8mb4 COLLATE=utf8mb4_unicode_ci;
/*!40101 SET character_set_client = @saved_cs_client */;

--
-- Dumping data for table `languages`
--

LOCK TABLES `languages` WRITE;
/*!40000 ALTER TABLE `languages` DISABLE KEYS */;
INSERT INTO `languages` VALUES (1,'English','en','en_US','us',1,0,0);
/*!40000 ALTER TABLE `languages` ENABLE KEYS */;
UNLOCK TABLES;

--
-- Table structure for table `media_files`
--

DROP TABLE IF EXISTS `media_files`;
/*!40101 SET @saved_cs_client     = @@character_set_client */;
/*!50503 SET character_set_client = utf8mb4 */;
CREATE TABLE `media_files` (
  `id` bigint unsigned NOT NULL AUTO_INCREMENT,
  `user_id` bigint unsigned NOT NULL,
  `name` varchar(255) COLLATE utf8mb4_unicode_ci NOT NULL,
  `alt` varchar(255) COLLATE utf8mb4_unicode_ci DEFAULT NULL,
  `folder_id` bigint unsigned NOT NULL DEFAULT '0',
  `mime_type` varchar(120) COLLATE utf8mb4_unicode_ci NOT NULL,
  `size` int NOT NULL,
  `url` varchar(255) COLLATE utf8mb4_unicode_ci NOT NULL,
  `options` text COLLATE utf8mb4_unicode_ci,
  `created_at` timestamp NULL DEFAULT NULL,
  `updated_at` timestamp NULL DEFAULT NULL,
  `deleted_at` timestamp NULL DEFAULT NULL,
  PRIMARY KEY (`id`),
  KEY `media_files_user_id_index` (`user_id`),
  KEY `media_files_index` (`folder_id`,`user_id`,`created_at`)
) ENGINE=InnoDB AUTO_INCREMENT=183 DEFAULT CHARSET=utf8mb4 COLLATE=utf8mb4_unicode_ci;
/*!40101 SET character_set_client = @saved_cs_client */;

--
-- Dumping data for table `media_files`
--

LOCK TABLES `media_files` WRITE;
/*!40000 ALTER TABLE `media_files` DISABLE KEYS */;
INSERT INTO `media_files` VALUES (1,0,'icon-1','icon-1',1,'image/png',5306,'product-categories/icon-1.png','[]','2023-11-19 00:35:54','2023-11-19 00:35:54',NULL),(2,0,'icon-10','icon-10',1,'image/png',5306,'product-categories/icon-10.png','[]','2023-11-19 00:35:54','2023-11-19 00:35:54',NULL),(3,0,'icon-11','icon-11',1,'image/png',5306,'product-categories/icon-11.png','[]','2023-11-19 00:35:54','2023-11-19 00:35:54',NULL),(4,0,'icon-12','icon-12',1,'image/png',5306,'product-categories/icon-12.png','[]','2023-11-19 00:35:54','2023-11-19 00:35:54',NULL),(5,0,'icon-13','icon-13',1,'image/png',5306,'product-categories/icon-13.png','[]','2023-11-19 00:35:54','2023-11-19 00:35:54',NULL),(6,0,'icon-14','icon-14',1,'image/png',5306,'product-categories/icon-14.png','[]','2023-11-19 00:35:54','2023-11-19 00:35:54',NULL),(7,0,'icon-2','icon-2',1,'image/png',5306,'product-categories/icon-2.png','[]','2023-11-19 00:35:54','2023-11-19 00:35:54',NULL),(8,0,'icon-3','icon-3',1,'image/png',5306,'product-categories/icon-3.png','[]','2023-11-19 00:35:54','2023-11-19 00:35:54',NULL),(9,0,'icon-4','icon-4',1,'image/png',5306,'product-categories/icon-4.png','[]','2023-11-19 00:35:55','2023-11-19 00:35:55',NULL),(10,0,'icon-5','icon-5',1,'image/png',5306,'product-categories/icon-5.png','[]','2023-11-19 00:35:55','2023-11-19 00:35:55',NULL),(11,0,'icon-6','icon-6',1,'image/png',5306,'product-categories/icon-6.png','[]','2023-11-19 00:35:55','2023-11-19 00:35:55',NULL),(12,0,'icon-7','icon-7',1,'image/png',5306,'product-categories/icon-7.png','[]','2023-11-19 00:35:55','2023-11-19 00:35:55',NULL),(13,0,'icon-8','icon-8',1,'image/png',5306,'product-categories/icon-8.png','[]','2023-11-19 00:35:55','2023-11-19 00:35:55',NULL),(14,0,'icon-9','icon-9',1,'image/png',5306,'product-categories/icon-9.png','[]','2023-11-19 00:35:55','2023-11-19 00:35:55',NULL),(15,0,'image-1','image-1',1,'image/png',5306,'product-categories/image-1.png','[]','2023-11-19 00:35:55','2023-11-19 00:35:55',NULL),(16,0,'image-10','image-10',1,'image/png',5306,'product-categories/image-10.png','[]','2023-11-19 00:35:55','2023-11-19 00:35:55',NULL),(17,0,'image-11','image-11',1,'image/png',5306,'product-categories/image-11.png','[]','2023-11-19 00:35:55','2023-11-19 00:35:55',NULL),(18,0,'image-12','image-12',1,'image/png',5306,'product-categories/image-12.png','[]','2023-11-19 00:35:55','2023-11-19 00:35:55',NULL),(19,0,'image-13','image-13',1,'image/png',5306,'product-categories/image-13.png','[]','2023-11-19 00:35:55','2023-11-19 00:35:55',NULL),(20,0,'image-14','image-14',1,'image/png',5306,'product-categories/image-14.png','[]','2023-11-19 00:35:55','2023-11-19 00:35:55',NULL),(21,0,'image-15','image-15',1,'image/png',5306,'product-categories/image-15.png','[]','2023-11-19 00:35:55','2023-11-19 00:35:55',NULL),(22,0,'image-2','image-2',1,'image/png',5306,'product-categories/image-2.png','[]','2023-11-19 00:35:55','2023-11-19 00:35:55',NULL),(23,0,'image-3','image-3',1,'image/png',5306,'product-categories/image-3.png','[]','2023-11-19 00:35:55','2023-11-19 00:35:55',NULL),(24,0,'image-4','image-4',1,'image/png',5306,'product-categories/image-4.png','[]','2023-11-19 00:35:55','2023-11-19 00:35:55',NULL),(25,0,'image-5','image-5',1,'image/png',5306,'product-categories/image-5.png','[]','2023-11-19 00:35:56','2023-11-19 00:35:56',NULL),(26,0,'image-6','image-6',1,'image/png',5306,'product-categories/image-6.png','[]','2023-11-19 00:35:56','2023-11-19 00:35:56',NULL),(27,0,'image-7','image-7',1,'image/png',5306,'product-categories/image-7.png','[]','2023-11-19 00:35:56','2023-11-19 00:35:56',NULL),(28,0,'image-8','image-8',1,'image/png',5306,'product-categories/image-8.png','[]','2023-11-19 00:35:56','2023-11-19 00:35:56',NULL),(29,0,'image-9','image-9',1,'image/png',5306,'product-categories/image-9.png','[]','2023-11-19 00:35:56','2023-11-19 00:35:56',NULL),(30,0,'1-1','1-1',2,'image/jpeg',9730,'products/1-1.jpg','[]','2023-11-19 00:35:56','2023-11-19 00:35:56',NULL),(31,0,'1','1',2,'image/jpeg',9730,'products/1.jpg','[]','2023-11-19 00:35:56','2023-11-19 00:35:56',NULL),(32,0,'10-1','10-1',2,'image/jpeg',9730,'products/10-1.jpg','[]','2023-11-19 00:35:56','2023-11-19 00:35:56',NULL),(33,0,'10','10',2,'image/jpeg',9730,'products/10.jpg','[]','2023-11-19 00:35:56','2023-11-19 00:35:56',NULL),(34,0,'11-1','11-1',2,'image/jpeg',9730,'products/11-1.jpg','[]','2023-11-19 00:35:56','2023-11-19 00:35:56',NULL),(35,0,'11','11',2,'image/jpeg',9730,'products/11.jpg','[]','2023-11-19 00:35:56','2023-11-19 00:35:56',NULL),(36,0,'12-1','12-1',2,'image/jpeg',9730,'products/12-1.jpg','[]','2023-11-19 00:35:56','2023-11-19 00:35:56',NULL),(37,0,'12','12',2,'image/jpeg',9730,'products/12.jpg','[]','2023-11-19 00:35:57','2023-11-19 00:35:57',NULL),(38,0,'13-1','13-1',2,'image/jpeg',9730,'products/13-1.jpg','[]','2023-11-19 00:35:57','2023-11-19 00:35:57',NULL),(39,0,'13','13',2,'image/jpeg',9730,'products/13.jpg','[]','2023-11-19 00:35:57','2023-11-19 00:35:57',NULL),(40,0,'14-1','14-1',2,'image/jpeg',9730,'products/14-1.jpg','[]','2023-11-19 00:35:57','2023-11-19 00:35:57',NULL),(41,0,'14','14',2,'image/jpeg',9730,'products/14.jpg','[]','2023-11-19 00:35:57','2023-11-19 00:35:57',NULL),(42,0,'15-1','15-1',2,'image/jpeg',9730,'products/15-1.jpg','[]','2023-11-19 00:35:57','2023-11-19 00:35:57',NULL),(43,0,'15','15',2,'image/jpeg',9730,'products/15.jpg','[]','2023-11-19 00:35:57','2023-11-19 00:35:57',NULL),(44,0,'16-1','16-1',2,'image/jpeg',9730,'products/16-1.jpg','[]','2023-11-19 00:35:57','2023-11-19 00:35:57',NULL),(45,0,'16-2','16-2',2,'image/jpeg',9730,'products/16-2.jpg','[]','2023-11-19 00:35:57','2023-11-19 00:35:57',NULL),(46,0,'16-3','16-3',2,'image/jpeg',9730,'products/16-3.jpg','[]','2023-11-19 00:35:57','2023-11-19 00:35:57',NULL),(47,0,'16-4','16-4',2,'image/jpeg',9730,'products/16-4.jpg','[]','2023-11-19 00:35:57','2023-11-19 00:35:57',NULL),(48,0,'16-5','16-5',2,'image/jpeg',9730,'products/16-5.jpg','[]','2023-11-19 00:35:57','2023-11-19 00:35:57',NULL),(49,0,'16-6','16-6',2,'image/jpeg',9730,'products/16-6.jpg','[]','2023-11-19 00:35:57','2023-11-19 00:35:57',NULL),(50,0,'16','16',2,'image/jpeg',9730,'products/16.jpg','[]','2023-11-19 00:35:57','2023-11-19 00:35:57',NULL),(51,0,'17-1','17-1',2,'image/jpeg',9730,'products/17-1.jpg','[]','2023-11-19 00:35:58','2023-11-19 00:35:58',NULL),(52,0,'17','17',2,'image/jpeg',9730,'products/17.jpg','[]','2023-11-19 00:35:58','2023-11-19 00:35:58',NULL),(53,0,'18-1','18-1',2,'image/jpeg',9730,'products/18-1.jpg','[]','2023-11-19 00:35:58','2023-11-19 00:35:58',NULL),(54,0,'18','18',2,'image/jpeg',9730,'products/18.jpg','[]','2023-11-19 00:35:58','2023-11-19 00:35:58',NULL),(55,0,'19-1','19-1',2,'image/jpeg',9730,'products/19-1.jpg','[]','2023-11-19 00:35:58','2023-11-19 00:35:58',NULL),(56,0,'19','19',2,'image/jpeg',9730,'products/19.jpg','[]','2023-11-19 00:35:58','2023-11-19 00:35:58',NULL),(57,0,'2-1','2-1',2,'image/jpeg',9730,'products/2-1.jpg','[]','2023-11-19 00:35:58','2023-11-19 00:35:58',NULL),(58,0,'2','2',2,'image/jpeg',9730,'products/2.jpg','[]','2023-11-19 00:35:58','2023-11-19 00:35:58',NULL),(59,0,'20-1','20-1',2,'image/jpeg',9730,'products/20-1.jpg','[]','2023-11-19 00:35:58','2023-11-19 00:35:58',NULL),(60,0,'20','20',2,'image/jpeg',9730,'products/20.jpg','[]','2023-11-19 00:35:58','2023-11-19 00:35:58',NULL),(61,0,'21-1','21-1',2,'image/jpeg',9730,'products/21-1.jpg','[]','2023-11-19 00:35:58','2023-11-19 00:35:58',NULL),(62,0,'21','21',2,'image/jpeg',9730,'products/21.jpg','[]','2023-11-19 00:35:58','2023-11-19 00:35:58',NULL),(63,0,'22-1','22-1',2,'image/jpeg',9730,'products/22-1.jpg','[]','2023-11-19 00:35:58','2023-11-19 00:35:58',NULL),(64,0,'22','22',2,'image/jpeg',9730,'products/22.jpg','[]','2023-11-19 00:35:58','2023-11-19 00:35:58',NULL),(65,0,'23-1','23-1',2,'image/jpeg',9730,'products/23-1.jpg','[]','2023-11-19 00:35:59','2023-11-19 00:35:59',NULL),(66,0,'23','23',2,'image/jpeg',9730,'products/23.jpg','[]','2023-11-19 00:35:59','2023-11-19 00:35:59',NULL),(67,0,'24-1','24-1',2,'image/jpeg',9730,'products/24-1.jpg','[]','2023-11-19 00:35:59','2023-11-19 00:35:59',NULL),(68,0,'24','24',2,'image/jpeg',9730,'products/24.jpg','[]','2023-11-19 00:35:59','2023-11-19 00:35:59',NULL),(69,0,'3-1','3-1',2,'image/jpeg',9730,'products/3-1.jpg','[]','2023-11-19 00:35:59','2023-11-19 00:35:59',NULL),(70,0,'3','3',2,'image/jpeg',9730,'products/3.jpg','[]','2023-11-19 00:35:59','2023-11-19 00:35:59',NULL),(71,0,'4-1','4-1',2,'image/jpeg',9730,'products/4-1.jpg','[]','2023-11-19 00:35:59','2023-11-19 00:35:59',NULL),(72,0,'4','4',2,'image/jpeg',9730,'products/4.jpg','[]','2023-11-19 00:35:59','2023-11-19 00:35:59',NULL),(73,0,'5-1','5-1',2,'image/jpeg',9730,'products/5-1.jpg','[]','2023-11-19 00:35:59','2023-11-19 00:35:59',NULL),(74,0,'5','5',2,'image/jpeg',9730,'products/5.jpg','[]','2023-11-19 00:35:59','2023-11-19 00:35:59',NULL),(75,0,'6-1','6-1',2,'image/jpeg',9730,'products/6-1.jpg','[]','2023-11-19 00:35:59','2023-11-19 00:35:59',NULL),(76,0,'6','6',2,'image/jpeg',9730,'products/6.jpg','[]','2023-11-19 00:35:59','2023-11-19 00:35:59',NULL),(77,0,'7-1','7-1',2,'image/jpeg',9730,'products/7-1.jpg','[]','2023-11-19 00:35:59','2023-11-19 00:35:59',NULL),(78,0,'7','7',2,'image/jpeg',9730,'products/7.jpg','[]','2023-11-19 00:35:59','2023-11-19 00:35:59',NULL),(79,0,'8-1','8-1',2,'image/jpeg',9730,'products/8-1.jpg','[]','2023-11-19 00:35:59','2023-11-19 00:35:59',NULL),(80,0,'8','8',2,'image/jpeg',9730,'products/8.jpg','[]','2023-11-19 00:36:00','2023-11-19 00:36:00',NULL),(81,0,'9-1','9-1',2,'image/jpeg',9730,'products/9-1.jpg','[]','2023-11-19 00:36:00','2023-11-19 00:36:00',NULL),(82,0,'9','9',2,'image/jpeg',9730,'products/9.jpg','[]','2023-11-19 00:36:00','2023-11-19 00:36:00',NULL),(83,0,'1','1',3,'image/jpeg',9730,'customers/1.jpg','[]','2023-11-19 00:36:02','2023-11-19 00:36:02',NULL),(84,0,'10','10',3,'image/jpeg',9730,'customers/10.jpg','[]','2023-11-19 00:36:02','2023-11-19 00:36:02',NULL),(85,0,'2','2',3,'image/jpeg',9730,'customers/2.jpg','[]','2023-11-19 00:36:02','2023-11-19 00:36:02',NULL),(86,0,'3','3',3,'image/jpeg',9730,'customers/3.jpg','[]','2023-11-19 00:36:02','2023-11-19 00:36:02',NULL),(87,0,'4','4',3,'image/jpeg',9730,'customers/4.jpg','[]','2023-11-19 00:36:02','2023-11-19 00:36:02',NULL),(88,0,'5','5',3,'image/jpeg',9730,'customers/5.jpg','[]','2023-11-19 00:36:02','2023-11-19 00:36:02',NULL),(89,0,'6','6',3,'image/jpeg',9730,'customers/6.jpg','[]','2023-11-19 00:36:02','2023-11-19 00:36:02',NULL),(90,0,'7','7',3,'image/jpeg',9730,'customers/7.jpg','[]','2023-11-19 00:36:03','2023-11-19 00:36:03',NULL),(91,0,'8','8',3,'image/jpeg',9730,'customers/8.jpg','[]','2023-11-19 00:36:03','2023-11-19 00:36:03',NULL),(92,0,'9','9',3,'image/jpeg',9730,'customers/9.jpg','[]','2023-11-19 00:36:03','2023-11-19 00:36:03',NULL),(93,0,'1','1',4,'image/png',17734,'flash-sales/1.png','[]','2023-11-19 00:36:06','2023-11-19 00:36:06',NULL),(94,0,'2','2',4,'image/png',12245,'flash-sales/2.png','[]','2023-11-19 00:36:06','2023-11-19 00:36:06',NULL),(95,0,'3','3',4,'image/png',12245,'flash-sales/3.png','[]','2023-11-19 00:36:06','2023-11-19 00:36:06',NULL),(96,0,'4','4',4,'image/png',12245,'flash-sales/4.png','[]','2023-11-19 00:36:06','2023-11-19 00:36:06',NULL),(97,0,'5','5',4,'image/png',12245,'flash-sales/5.png','[]','2023-11-19 00:36:06','2023-11-19 00:36:06',NULL),(98,0,'1-1','1-1',5,'image/png',28937,'sliders/1-1.png','[]','2023-11-19 00:36:06','2023-11-19 00:36:06',NULL),(99,0,'1-2','1-2',5,'image/png',28937,'sliders/1-2.png','[]','2023-11-19 00:36:06','2023-11-19 00:36:06',NULL),(100,0,'2-1','2-1',5,'image/png',15605,'sliders/2-1.png','[]','2023-11-19 00:36:06','2023-11-19 00:36:06',NULL),(101,0,'2-2','2-2',5,'image/png',15605,'sliders/2-2.png','[]','2023-11-19 00:36:06','2023-11-19 00:36:06',NULL),(102,0,'3-1','3-1',5,'image/png',28937,'sliders/3-1.png','[]','2023-11-19 00:36:06','2023-11-19 00:36:06',NULL),(103,0,'3-2','3-2',5,'image/png',28937,'sliders/3-2.png','[]','2023-11-19 00:36:07','2023-11-19 00:36:07',NULL),(104,0,'4-1','4-1',5,'image/png',28937,'sliders/4-1.png','[]','2023-11-19 00:36:07','2023-11-19 00:36:07',NULL),(105,0,'4-2','4-2',5,'image/png',28937,'sliders/4-2.png','[]','2023-11-19 00:36:07','2023-11-19 00:36:07',NULL),(106,0,'5-1','5-1',5,'image/png',23845,'sliders/5-1.png','[]','2023-11-19 00:36:07','2023-11-19 00:36:07',NULL),(107,0,'5-2','5-2',5,'image/png',23845,'sliders/5-2.png','[]','2023-11-19 00:36:07','2023-11-19 00:36:07',NULL),(108,0,'banner-1','banner-1',5,'image/png',104000,'sliders/banner-1.png','[]','2023-11-19 00:36:07','2023-11-19 00:36:07',NULL),(109,0,'thumbnail-1','thumbnail-1',5,'image/jpeg',9730,'sliders/thumbnail-1.jpg','[]','2023-11-19 00:36:07','2023-11-19 00:36:07',NULL),(110,0,'thumbnail-2','thumbnail-2',5,'image/jpeg',9730,'sliders/thumbnail-2.jpg','[]','2023-11-19 00:36:08','2023-11-19 00:36:08',NULL),(111,0,'thumbnail-3','thumbnail-3',5,'image/jpeg',9730,'sliders/thumbnail-3.jpg','[]','2023-11-19 00:36:08','2023-11-19 00:36:08',NULL),(112,0,'thumbnail-4','thumbnail-4',5,'image/jpeg',9730,'sliders/thumbnail-4.jpg','[]','2023-11-19 00:36:08','2023-11-19 00:36:08',NULL),(113,0,'thumbnail-5','thumbnail-5',5,'image/jpeg',9730,'sliders/thumbnail-5.jpg','[]','2023-11-19 00:36:08','2023-11-19 00:36:08',NULL),(114,0,'thumbnail-6','thumbnail-6',5,'image/jpeg',9730,'sliders/thumbnail-6.jpg','[]','2023-11-19 00:36:08','2023-11-19 00:36:08',NULL),(115,0,'1','1',6,'image/png',9730,'news/1.png','[]','2023-11-19 00:36:08','2023-11-19 00:36:08',NULL),(116,0,'10','10',6,'image/png',9730,'news/10.png','[]','2023-11-19 00:36:08','2023-11-19 00:36:08',NULL),(117,0,'11','11',6,'image/png',9730,'news/11.png','[]','2023-11-19 00:36:08','2023-11-19 00:36:08',NULL),(118,0,'2','2',6,'image/png',9730,'news/2.png','[]','2023-11-19 00:36:08','2023-11-19 00:36:08',NULL),(119,0,'3','3',6,'image/png',9730,'news/3.png','[]','2023-11-19 00:36:08','2023-11-19 00:36:08',NULL),(120,0,'4','4',6,'image/png',9730,'news/4.png','[]','2023-11-19 00:36:08','2023-11-19 00:36:08',NULL),(121,0,'5','5',6,'image/png',9730,'news/5.png','[]','2023-11-19 00:36:08','2023-11-19 00:36:08',NULL),(122,0,'6','6',6,'image/png',9730,'news/6.png','[]','2023-11-19 00:36:09','2023-11-19 00:36:09',NULL),(123,0,'7','7',6,'image/png',9730,'news/7.png','[]','2023-11-19 00:36:09','2023-11-19 00:36:09',NULL),(124,0,'8','8',6,'image/png',9730,'news/8.png','[]','2023-11-19 00:36:09','2023-11-19 00:36:09',NULL),(125,0,'9','9',6,'image/png',9730,'news/9.png','[]','2023-11-19 00:36:09','2023-11-19 00:36:09',NULL),(128,0,'1','1',8,'image/png',11507,'promotion/1.png','[]','2023-11-19 00:36:10','2023-11-19 00:36:10',NULL),(129,0,'10','10',8,'image/png',7862,'promotion/10.png','[]','2023-11-19 00:36:10','2023-11-19 00:36:10',NULL),(130,0,'11','11',8,'image/png',7862,'promotion/11.png','[]','2023-11-19 00:36:10','2023-11-19 00:36:10',NULL),(131,0,'12','12',8,'image/png',7862,'promotion/12.png','[]','2023-11-19 00:36:10','2023-11-19 00:36:10',NULL),(132,0,'2','2',8,'image/png',11507,'promotion/2.png','[]','2023-11-19 00:36:10','2023-11-19 00:36:10',NULL),(133,0,'3','3',8,'image/png',11507,'promotion/3.png','[]','2023-11-19 00:36:10','2023-11-19 00:36:10',NULL),(134,0,'4','4',8,'image/png',13921,'promotion/4.png','[]','2023-11-19 00:36:10','2023-11-19 00:36:10',NULL),(135,0,'5','5',8,'image/png',26249,'promotion/5.png','[]','2023-11-19 00:36:10','2023-11-19 00:36:10',NULL),(136,0,'6','6',8,'image/png',26249,'promotion/6.png','[]','2023-11-19 00:36:11','2023-11-19 00:36:11',NULL),(137,0,'7','7',8,'image/png',14369,'promotion/7.png','[]','2023-11-19 00:36:11','2023-11-19 00:36:11',NULL),(138,0,'8','8',8,'image/png',7007,'promotion/8.png','[]','2023-11-19 00:36:11','2023-11-19 00:36:11',NULL),(139,0,'9','9',8,'image/png',7862,'promotion/9.png','[]','2023-11-19 00:36:11','2023-11-19 00:36:11',NULL),(140,0,'app-store','app-store',9,'image/jpeg',1907,'general/app-store.jpg','[]','2023-11-19 00:36:11','2023-11-19 00:36:11',NULL),(141,0,'category-1','category-1',9,'image/png',1033,'general/category-1.png','[]','2023-11-19 00:36:11','2023-11-19 00:36:11',NULL),(142,0,'clock','clock',9,'image/png',5056,'general/clock.png','[]','2023-11-19 00:36:11','2023-11-19 00:36:11',NULL),(143,0,'credit-card','credit-card',9,'image/png',1716,'general/credit-card.png','[]','2023-11-19 00:36:11','2023-11-19 00:36:11',NULL),(144,0,'facebook','facebook',9,'image/png',646,'general/facebook.png','[]','2023-11-19 00:36:11','2023-11-19 00:36:11',NULL),(145,0,'favicon','favicon',9,'image/png',3890,'general/favicon.png','[]','2023-11-19 00:36:11','2023-11-19 00:36:11',NULL),(146,0,'google-play','google-play',9,'image/jpeg',1907,'general/google-play.jpg','[]','2023-11-19 00:36:11','2023-11-19 00:36:11',NULL),(147,0,'header-bg','header-bg',9,'image/png',16995,'general/header-bg.png','[]','2023-11-19 00:36:11','2023-11-19 00:36:11',NULL),(148,0,'home-6','home-6',9,'image/jpeg',799491,'general/home-6.jpeg','[]','2023-11-19 00:36:12','2023-11-19 00:36:12',NULL),(149,0,'icon-1','icon-1',9,'image/png',2024,'general/icon-1.png','[]','2023-11-19 00:36:12','2023-11-19 00:36:12',NULL),(150,0,'icon-2','icon-2',9,'image/png',3531,'general/icon-2.png','[]','2023-11-19 00:36:12','2023-11-19 00:36:12',NULL),(151,0,'icon-3','icon-3',9,'image/png',2344,'general/icon-3.png','[]','2023-11-19 00:36:12','2023-11-19 00:36:12',NULL),(152,0,'icon-4','icon-4',9,'image/png',2314,'general/icon-4.png','[]','2023-11-19 00:36:12','2023-11-19 00:36:12',NULL),(153,0,'icon-5','icon-5',9,'image/png',2853,'general/icon-5.png','[]','2023-11-19 00:36:12','2023-11-19 00:36:12',NULL),(154,0,'instagram','instagram',9,'image/png',2586,'general/instagram.png','[]','2023-11-19 00:36:12','2023-11-19 00:36:12',NULL),(155,0,'loading','loading',9,'image/gif',25062,'general/loading.gif','[]','2023-11-19 00:36:12','2023-11-19 00:36:12',NULL),(156,0,'login-1','login-1',9,'image/png',20670,'general/login-1.png','[]','2023-11-19 00:36:12','2023-11-19 00:36:12',NULL),(157,0,'logo','logo',9,'image/png',16457,'general/logo.png','[]','2023-11-19 00:36:12','2023-11-19 00:36:12',NULL),(158,0,'newsletter-background-image','newsletter-background-image',9,'image/png',28409,'general/newsletter-background-image.png','[]','2023-11-19 00:36:12','2023-11-19 00:36:12',NULL),(159,0,'newsletter-image','newsletter-image',9,'image/png',14158,'general/newsletter-image.png','[]','2023-11-19 00:36:12','2023-11-19 00:36:12',NULL),(160,0,'open-graph-image','open-graph-image',9,'image/png',436809,'general/open-graph-image.png','[]','2023-11-19 00:36:12','2023-11-19 00:36:12',NULL),(161,0,'paper-plane','paper-plane',9,'image/png',5119,'general/paper-plane.png','[]','2023-11-19 00:36:13','2023-11-19 00:36:13',NULL),(162,0,'payment-methods','payment-methods',9,'image/png',455,'general/payment-methods.png','[]','2023-11-19 00:36:13','2023-11-19 00:36:13',NULL),(163,0,'pinterest','pinterest',9,'image/png',2128,'general/pinterest.png','[]','2023-11-19 00:36:13','2023-11-19 00:36:13',NULL),(164,0,'twitter','twitter',9,'image/png',1759,'general/twitter.png','[]','2023-11-19 00:36:13','2023-11-19 00:36:13',NULL),(165,0,'youtube','youtube',9,'image/png',1083,'general/youtube.png','[]','2023-11-19 00:36:13','2023-11-19 00:36:13',NULL),(166,0,'1','1',10,'image/png',5306,'stores/1.png','[]','2023-11-19 00:36:13','2023-11-19 00:36:13',NULL),(167,0,'10','10',10,'image/png',5306,'stores/10.png','[]','2023-11-19 00:36:13','2023-11-19 00:36:13',NULL),(168,0,'11','11',10,'image/png',5306,'stores/11.png','[]','2023-11-19 00:36:13','2023-11-19 00:36:13',NULL),(169,0,'12','12',10,'image/png',5306,'stores/12.png','[]','2023-11-19 00:36:13','2023-11-19 00:36:13',NULL),(170,0,'13','13',10,'image/png',5306,'stores/13.png','[]','2023-11-19 00:36:13','2023-11-19 00:36:13',NULL),(171,0,'14','14',10,'image/png',5306,'stores/14.png','[]','2023-11-19 00:36:13','2023-11-19 00:36:13',NULL),(172,0,'15','15',10,'image/png',5306,'stores/15.png','[]','2023-11-19 00:36:13','2023-11-19 00:36:13',NULL),(173,0,'16','16',10,'image/png',5306,'stores/16.png','[]','2023-11-19 00:36:13','2023-11-19 00:36:13',NULL),(174,0,'17','17',10,'image/png',5306,'stores/17.png','[]','2023-11-19 00:36:13','2023-11-19 00:36:13',NULL),(175,0,'2','2',10,'image/png',5306,'stores/2.png','[]','2023-11-19 00:36:13','2023-11-19 00:36:13',NULL),(176,0,'3','3',10,'image/png',5306,'stores/3.png','[]','2023-11-19 00:36:14','2023-11-19 00:36:14',NULL),(177,0,'4','4',10,'image/png',5306,'stores/4.png','[]','2023-11-19 00:36:14','2023-11-19 00:36:14',NULL),(178,0,'5','5',10,'image/png',5306,'stores/5.png','[]','2023-11-19 00:36:14','2023-11-19 00:36:14',NULL),(179,0,'6','6',10,'image/png',5306,'stores/6.png','[]','2023-11-19 00:36:14','2023-11-19 00:36:14',NULL),(180,0,'7','7',10,'image/png',5306,'stores/7.png','[]','2023-11-19 00:36:14','2023-11-19 00:36:14',NULL),(181,0,'8','8',10,'image/png',5306,'stores/8.png','[]','2023-11-19 00:36:14','2023-11-19 00:36:14',NULL),(182,0,'9','9',10,'image/png',5306,'stores/9.png','[]','2023-11-19 00:36:14','2023-11-19 00:36:14',NULL);
/*!40000 ALTER TABLE `media_files` ENABLE KEYS */;
UNLOCK TABLES;

--
-- Table structure for table `media_folders`
--

DROP TABLE IF EXISTS `media_folders`;
/*!40101 SET @saved_cs_client     = @@character_set_client */;
/*!50503 SET character_set_client = utf8mb4 */;
CREATE TABLE `media_folders` (
  `id` bigint unsigned NOT NULL AUTO_INCREMENT,
  `user_id` bigint unsigned NOT NULL,
  `name` varchar(255) COLLATE utf8mb4_unicode_ci DEFAULT NULL,
  `slug` varchar(255) COLLATE utf8mb4_unicode_ci DEFAULT NULL,
  `parent_id` bigint unsigned NOT NULL DEFAULT '0',
  `created_at` timestamp NULL DEFAULT NULL,
  `updated_at` timestamp NULL DEFAULT NULL,
  `deleted_at` timestamp NULL DEFAULT NULL,
  PRIMARY KEY (`id`),
  KEY `media_folders_user_id_index` (`user_id`),
  KEY `media_folders_index` (`parent_id`,`user_id`,`created_at`)
) ENGINE=InnoDB AUTO_INCREMENT=11 DEFAULT CHARSET=utf8mb4 COLLATE=utf8mb4_unicode_ci;
/*!40101 SET character_set_client = @saved_cs_client */;

--
-- Dumping data for table `media_folders`
--

LOCK TABLES `media_folders` WRITE;
/*!40000 ALTER TABLE `media_folders` DISABLE KEYS */;
INSERT INTO `media_folders` VALUES (1,0,'product-categories','product-categories',0,'2023-11-19 00:35:54','2023-11-19 00:35:54',NULL),(2,0,'products','products',0,'2023-11-19 00:35:56','2023-11-19 00:35:56',NULL),(3,0,'customers','customers',0,'2023-11-19 00:36:02','2023-11-19 00:36:02',NULL),(4,0,'flash-sales','flash-sales',0,'2023-11-19 00:36:06','2023-11-19 00:36:06',NULL),(5,0,'sliders','sliders',0,'2023-11-19 00:36:06','2023-11-19 00:36:06',NULL),(6,0,'news','news',0,'2023-11-19 00:36:08','2023-11-19 00:36:08',NULL),(8,0,'promotion','promotion',0,'2023-11-19 00:36:10','2023-11-19 00:36:10',NULL),(9,0,'general','general',0,'2023-11-19 00:36:11','2023-11-19 00:36:11',NULL),(10,0,'stores','stores',0,'2023-11-19 00:36:13','2023-11-19 00:36:13',NULL);
/*!40000 ALTER TABLE `media_folders` ENABLE KEYS */;
UNLOCK TABLES;

--
-- Table structure for table `media_settings`
--

DROP TABLE IF EXISTS `media_settings`;
/*!40101 SET @saved_cs_client     = @@character_set_client */;
/*!50503 SET character_set_client = utf8mb4 */;
CREATE TABLE `media_settings` (
  `id` bigint unsigned NOT NULL AUTO_INCREMENT,
  `key` varchar(120) COLLATE utf8mb4_unicode_ci NOT NULL,
  `value` text COLLATE utf8mb4_unicode_ci,
  `media_id` bigint unsigned DEFAULT NULL,
  `user_id` bigint unsigned DEFAULT NULL,
  `created_at` timestamp NULL DEFAULT NULL,
  `updated_at` timestamp NULL DEFAULT NULL,
  PRIMARY KEY (`id`)
) ENGINE=InnoDB DEFAULT CHARSET=utf8mb4 COLLATE=utf8mb4_unicode_ci;
/*!40101 SET character_set_client = @saved_cs_client */;

--
-- Dumping data for table `media_settings`
--

LOCK TABLES `media_settings` WRITE;
/*!40000 ALTER TABLE `media_settings` DISABLE KEYS */;
/*!40000 ALTER TABLE `media_settings` ENABLE KEYS */;
UNLOCK TABLES;

--
-- Table structure for table `menu_locations`
--

DROP TABLE IF EXISTS `menu_locations`;
/*!40101 SET @saved_cs_client     = @@character_set_client */;
/*!50503 SET character_set_client = utf8mb4 */;
CREATE TABLE `menu_locations` (
  `id` bigint unsigned NOT NULL AUTO_INCREMENT,
  `menu_id` bigint unsigned NOT NULL,
  `location` varchar(120) COLLATE utf8mb4_unicode_ci NOT NULL,
  `created_at` timestamp NULL DEFAULT NULL,
  `updated_at` timestamp NULL DEFAULT NULL,
  PRIMARY KEY (`id`),
  KEY `menu_locations_menu_id_created_at_index` (`menu_id`,`created_at`)
) ENGINE=InnoDB AUTO_INCREMENT=3 DEFAULT CHARSET=utf8mb4 COLLATE=utf8mb4_unicode_ci;
/*!40101 SET character_set_client = @saved_cs_client */;

--
-- Dumping data for table `menu_locations`
--

LOCK TABLES `menu_locations` WRITE;
/*!40000 ALTER TABLE `menu_locations` DISABLE KEYS */;
INSERT INTO `menu_locations` VALUES (1,1,'main-menu','2023-11-19 00:36:15','2023-11-19 00:36:15'),(2,2,'header-navigation','2023-11-19 00:36:15','2023-11-19 00:36:15');
/*!40000 ALTER TABLE `menu_locations` ENABLE KEYS */;
UNLOCK TABLES;

--
-- Table structure for table `menu_nodes`
--

DROP TABLE IF EXISTS `menu_nodes`;
/*!40101 SET @saved_cs_client     = @@character_set_client */;
/*!50503 SET character_set_client = utf8mb4 */;
CREATE TABLE `menu_nodes` (
  `id` bigint unsigned NOT NULL AUTO_INCREMENT,
  `menu_id` bigint unsigned NOT NULL,
  `parent_id` bigint unsigned NOT NULL DEFAULT '0',
  `reference_id` bigint unsigned DEFAULT NULL,
  `reference_type` varchar(255) COLLATE utf8mb4_unicode_ci DEFAULT NULL,
  `url` varchar(120) COLLATE utf8mb4_unicode_ci DEFAULT NULL,
  `icon_font` varchar(50) COLLATE utf8mb4_unicode_ci DEFAULT NULL,
  `position` tinyint unsigned NOT NULL DEFAULT '0',
  `title` varchar(120) COLLATE utf8mb4_unicode_ci DEFAULT NULL,
  `css_class` varchar(120) COLLATE utf8mb4_unicode_ci DEFAULT NULL,
  `target` varchar(20) COLLATE utf8mb4_unicode_ci NOT NULL DEFAULT '_self',
  `has_child` tinyint unsigned NOT NULL DEFAULT '0',
  `created_at` timestamp NULL DEFAULT NULL,
  `updated_at` timestamp NULL DEFAULT NULL,
  PRIMARY KEY (`id`),
  KEY `menu_nodes_menu_id_index` (`menu_id`),
  KEY `menu_nodes_parent_id_index` (`parent_id`),
  KEY `reference_id` (`reference_id`),
  KEY `reference_type` (`reference_type`)
) ENGINE=InnoDB AUTO_INCREMENT=52 DEFAULT CHARSET=utf8mb4 COLLATE=utf8mb4_unicode_ci;
/*!40101 SET character_set_client = @saved_cs_client */;

--
-- Dumping data for table `menu_nodes`
--

LOCK TABLES `menu_nodes` WRITE;
/*!40000 ALTER TABLE `menu_nodes` DISABLE KEYS */;
INSERT INTO `menu_nodes` VALUES (1,1,0,NULL,NULL,'/','fi-rs-home',0,'Home',NULL,'_self',1,'2023-11-19 00:36:15','2023-11-19 00:36:15'),(2,1,1,1,'Botble\\Page\\Models\\Page','/',NULL,0,'Home 1',NULL,'_self',0,'2023-11-19 00:36:15','2023-11-19 00:36:15'),(3,1,1,2,'Botble\\Page\\Models\\Page','/homepage-2',NULL,0,'Home 2',NULL,'_self',0,'2023-11-19 00:36:15','2023-11-19 00:36:15'),(4,1,1,3,'Botble\\Page\\Models\\Page','/homepage-3',NULL,0,'Home 3',NULL,'_self',0,'2023-11-19 00:36:15','2023-11-19 00:36:15'),(5,1,1,4,'Botble\\Page\\Models\\Page','/homepage-4',NULL,0,'Home 4',NULL,'_self',0,'2023-11-19 00:36:15','2023-11-19 00:36:15'),(6,1,1,16,'Botble\\Page\\Models\\Page','/homepage-5',NULL,0,'Home 5',NULL,'_self',0,'2023-11-19 00:36:15','2023-11-19 00:36:15'),(7,1,1,17,'Botble\\Page\\Models\\Page','/homepage-6',NULL,0,'Home 6',NULL,'_self',0,'2023-11-19 00:36:15','2023-11-19 00:36:15'),(8,1,0,NULL,NULL,'/products',NULL,0,'Shop',NULL,'_self',1,'2023-11-19 00:36:15','2023-11-19 00:36:15'),(9,1,8,NULL,NULL,'/products',NULL,0,'Shop Grid - Full Width',NULL,'_self',0,'2023-11-19 00:36:15','2023-11-19 00:36:15'),(10,1,8,NULL,NULL,'/products?layout=product-right-sidebar',NULL,0,'Shop Grid - Right Sidebar',NULL,'_self',0,'2023-11-19 00:36:15','2023-11-19 00:36:15'),(11,1,8,NULL,NULL,'/products?layout=product-left-sidebar',NULL,0,'Shop Grid - Left Sidebar',NULL,'_self',0,'2023-11-19 00:36:15','2023-11-19 00:36:15'),(12,1,8,1,'Botble\\Ecommerce\\Models\\ProductCategory','/product-categories/milks-and-dairies',NULL,0,'Products Of Category',NULL,'_self',0,'2023-11-19 00:36:15','2023-11-19 00:36:15'),(13,1,0,NULL,NULL,'/stores',NULL,0,'Stores',NULL,'_self',1,'2023-11-19 00:36:15','2023-11-19 00:36:15'),(14,1,13,NULL,NULL,'/stores',NULL,0,'Stores - Grid',NULL,'_self',0,'2023-11-19 00:36:15','2023-11-19 00:36:15'),(15,1,13,NULL,NULL,'/stores?layout=stores-list',NULL,0,'Stores - List',NULL,'_self',0,'2023-11-19 00:36:15','2023-11-19 00:36:15'),(16,1,13,NULL,NULL,'/stores/gopro',NULL,0,'Store - Detail',NULL,'_self',0,'2023-11-19 00:36:15','2023-11-19 00:36:15'),(17,1,0,NULL,NULL,'/products/seeds-of-change-organic-quinoe-digital',NULL,0,'Product',NULL,'_self',1,'2023-11-19 00:36:15','2023-11-19 00:36:15'),(18,1,17,NULL,NULL,'/products/seeds-of-change-organic-quinoe-digital',NULL,0,'Product Right Sidebar',NULL,'_self',0,'2023-11-19 00:36:15','2023-11-19 00:36:15'),(19,1,17,NULL,NULL,'/products/all-natural-italian-style-chicken-meatballs',NULL,0,'Product Left Sidebar',NULL,'_self',0,'2023-11-19 00:36:15','2023-11-19 00:36:15'),(20,1,17,NULL,NULL,'/products/angies-boomchickapop-sweet-salty-kettle-corn',NULL,0,'Product Full Width',NULL,'_self',0,'2023-11-19 00:36:15','2023-11-19 00:36:15'),(21,1,0,5,'Botble\\Page\\Models\\Page','/blog',NULL,0,'Blog',NULL,'_self',1,'2023-11-19 00:36:15','2023-11-19 00:36:15'),(22,1,21,5,'Botble\\Page\\Models\\Page','/blog',NULL,0,'Blog Grid',NULL,'_self',0,'2023-11-19 00:36:15','2023-11-19 00:36:15'),(23,1,21,13,'Botble\\Page\\Models\\Page','/blog-list',NULL,0,'Blog List',NULL,'_self',0,'2023-11-19 00:36:15','2023-11-19 00:36:15'),(24,1,21,14,'Botble\\Page\\Models\\Page','/blog-big',NULL,0,'Blog Big',NULL,'_self',0,'2023-11-19 00:36:15','2023-11-19 00:36:15'),(25,1,21,15,'Botble\\Page\\Models\\Page','/blog-wide',NULL,0,'Blog Wide',NULL,'_self',0,'2023-11-19 00:36:15','2023-11-19 00:36:15'),(26,1,21,NULL,NULL,'/blog/4-expert-tips-on-how-to-choose-the-right-mens-wallet',NULL,0,'Single Post',NULL,'_self',1,'2023-11-19 00:36:15','2023-11-19 00:36:15'),(27,1,26,NULL,NULL,'/blog/4-expert-tips-on-how-to-choose-the-right-mens-wallet',NULL,0,'Single Post Right Sidebar',NULL,'_self',0,'2023-11-19 00:36:15','2023-11-19 00:36:15'),(28,1,26,NULL,NULL,'/blog/sexy-clutches-how-to-buy-wear-a-designer-clutch-bag',NULL,0,'Single Post Left Sidebar',NULL,'_self',0,'2023-11-19 00:36:15','2023-11-19 00:36:15'),(29,1,26,NULL,NULL,'/blog/the-top-2020-handbag-trends-to-know',NULL,0,'Single Post Full Width',NULL,'_self',0,'2023-11-19 00:36:15','2023-11-19 00:36:15'),(30,1,26,NULL,NULL,'/blog/how-to-match-the-color-of-your-handbag-with-an-outfit',NULL,0,'Single Post with Product Listing',NULL,'_self',0,'2023-11-19 00:36:15','2023-11-19 00:36:15'),(31,1,0,18,'Botble\\Page\\Models\\Page','/faq',NULL,0,'FAQ',NULL,'_self',0,'2023-11-19 00:36:15','2023-11-19 00:36:15'),(32,1,0,6,'Botble\\Page\\Models\\Page','/contact',NULL,0,'Contact',NULL,'_self',0,'2023-11-19 00:36:15','2023-11-19 00:36:15'),(33,2,0,7,'Botble\\Page\\Models\\Page','/about-us',NULL,0,'About Us',NULL,'_self',0,'2023-11-19 00:36:15','2023-11-19 00:36:15'),(34,2,0,NULL,NULL,'/orders/tracking',NULL,0,'Order Tracking',NULL,'_self',0,'2023-11-19 00:36:15','2023-11-19 00:36:15'),(35,3,0,1,'Botble\\Ecommerce\\Models\\ProductCategory','/product-categories/milks-and-dairies',NULL,0,'Men',NULL,'_self',0,'2023-11-19 00:36:15','2023-11-19 00:36:15'),(36,3,0,2,'Botble\\Ecommerce\\Models\\ProductCategory','/product-categories/clothing-beauty',NULL,0,'Women',NULL,'_self',0,'2023-11-19 00:36:15','2023-11-19 00:36:15'),(37,3,0,3,'Botble\\Ecommerce\\Models\\ProductCategory','/product-categories/pet-toy',NULL,0,'Accessories',NULL,'_self',0,'2023-11-19 00:36:15','2023-11-19 00:36:15'),(38,3,0,4,'Botble\\Ecommerce\\Models\\ProductCategory','/product-categories/baking-material',NULL,0,'Shoes',NULL,'_self',0,'2023-11-19 00:36:15','2023-11-19 00:36:15'),(39,3,0,5,'Botble\\Ecommerce\\Models\\ProductCategory','/product-categories/fresh-fruit',NULL,0,'Denim',NULL,'_self',0,'2023-11-19 00:36:15','2023-11-19 00:36:15'),(40,3,0,6,'Botble\\Ecommerce\\Models\\ProductCategory','/product-categories/wines-drinks',NULL,0,'Dress',NULL,'_self',0,'2023-11-19 00:36:15','2023-11-19 00:36:15'),(41,4,0,6,'Botble\\Page\\Models\\Page','/contact',NULL,0,'Contact Us',NULL,'_self',0,'2023-11-19 00:36:15','2023-11-19 00:36:15'),(42,4,0,7,'Botble\\Page\\Models\\Page','/about-us',NULL,0,'About Us',NULL,'_self',0,'2023-11-19 00:36:15','2023-11-19 00:36:15'),(43,4,0,8,'Botble\\Page\\Models\\Page','/cookie-policy',NULL,0,'Cookie Policy',NULL,'_self',0,'2023-11-19 00:36:15','2023-11-19 00:36:15'),(44,4,0,9,'Botble\\Page\\Models\\Page','/terms-conditions',NULL,0,'Terms & Conditions',NULL,'_self',0,'2023-11-19 00:36:15','2023-11-19 00:36:15'),(45,4,0,10,'Botble\\Page\\Models\\Page','/returns-exchanges',NULL,0,'Returns & Exchanges',NULL,'_self',0,'2023-11-19 00:36:15','2023-11-19 00:36:15'),(46,4,0,11,'Botble\\Page\\Models\\Page','/shipping-delivery',NULL,0,'Shipping & Delivery',NULL,'_self',0,'2023-11-19 00:36:15','2023-11-19 00:36:15'),(47,4,0,12,'Botble\\Page\\Models\\Page','/privacy-policy',NULL,0,'Privacy Policy',NULL,'_self',0,'2023-11-19 00:36:15','2023-11-19 00:36:15'),(48,5,0,7,'Botble\\Page\\Models\\Page','/about-us',NULL,0,'About us',NULL,'_self',0,'2023-11-19 00:36:15','2023-11-19 00:36:15'),(49,5,0,NULL,NULL,'#',NULL,0,'Affiliate',NULL,'_self',0,'2023-11-19 00:36:15','2023-11-19 00:36:15'),(50,5,0,NULL,NULL,'#',NULL,0,'Career',NULL,'_self',0,'2023-11-19 00:36:15','2023-11-19 00:36:15'),(51,5,0,6,'Botble\\Page\\Models\\Page','/contact',NULL,0,'Contact us',NULL,'_self',0,'2023-11-19 00:36:15','2023-11-19 00:36:15');
/*!40000 ALTER TABLE `menu_nodes` ENABLE KEYS */;
UNLOCK TABLES;

--
-- Table structure for table `menus`
--

DROP TABLE IF EXISTS `menus`;
/*!40101 SET @saved_cs_client     = @@character_set_client */;
/*!50503 SET character_set_client = utf8mb4 */;
CREATE TABLE `menus` (
  `id` bigint unsigned NOT NULL AUTO_INCREMENT,
  `name` varchar(120) COLLATE utf8mb4_unicode_ci NOT NULL,
  `slug` varchar(120) COLLATE utf8mb4_unicode_ci DEFAULT NULL,
  `status` varchar(60) COLLATE utf8mb4_unicode_ci NOT NULL DEFAULT 'published',
  `created_at` timestamp NULL DEFAULT NULL,
  `updated_at` timestamp NULL DEFAULT NULL,
  PRIMARY KEY (`id`),
  UNIQUE KEY `menus_slug_unique` (`slug`)
) ENGINE=InnoDB AUTO_INCREMENT=6 DEFAULT CHARSET=utf8mb4 COLLATE=utf8mb4_unicode_ci;
/*!40101 SET character_set_client = @saved_cs_client */;

--
-- Dumping data for table `menus`
--

LOCK TABLES `menus` WRITE;
/*!40000 ALTER TABLE `menus` DISABLE KEYS */;
INSERT INTO `menus` VALUES (1,'Main menu','main-menu','published','2023-11-19 00:36:15','2023-11-19 00:36:15'),(2,'Header menu','header-menu','published','2023-11-19 00:36:15','2023-11-19 00:36:15'),(3,'Product categories','product-categories','published','2023-11-19 00:36:15','2023-11-19 00:36:15'),(4,'Information','information','published','2023-11-19 00:36:15','2023-11-19 00:36:15'),(5,'Company','company','published','2023-11-19 00:36:15','2023-11-19 00:36:15');
/*!40000 ALTER TABLE `menus` ENABLE KEYS */;
UNLOCK TABLES;

--
-- Table structure for table `meta_boxes`
--

DROP TABLE IF EXISTS `meta_boxes`;
/*!40101 SET @saved_cs_client     = @@character_set_client */;
/*!50503 SET character_set_client = utf8mb4 */;
CREATE TABLE `meta_boxes` (
  `id` bigint unsigned NOT NULL AUTO_INCREMENT,
  `meta_key` varchar(255) COLLATE utf8mb4_unicode_ci NOT NULL,
  `meta_value` text COLLATE utf8mb4_unicode_ci,
  `reference_id` bigint unsigned NOT NULL,
  `reference_type` varchar(120) COLLATE utf8mb4_unicode_ci NOT NULL,
  `created_at` timestamp NULL DEFAULT NULL,
  `updated_at` timestamp NULL DEFAULT NULL,
  PRIMARY KEY (`id`),
  KEY `meta_boxes_reference_id_index` (`reference_id`)
) ENGINE=InnoDB AUTO_INCREMENT=95 DEFAULT CHARSET=utf8mb4 COLLATE=utf8mb4_unicode_ci;
/*!40101 SET character_set_client = @saved_cs_client */;

--
-- Dumping data for table `meta_boxes`
--

LOCK TABLES `meta_boxes` WRITE;
/*!40000 ALTER TABLE `meta_boxes` DISABLE KEYS */;
INSERT INTO `meta_boxes` VALUES (1,'background_color','[\"#F2FCE4\"]',1,'Botble\\Ecommerce\\Models\\ProductCategory','2023-11-19 00:35:56','2023-11-19 00:35:56'),(2,'background_color','[\"#FFFCEB\"]',2,'Botble\\Ecommerce\\Models\\ProductCategory','2023-11-19 00:35:56','2023-11-19 00:35:56'),(3,'background_color','[\"#ECFFEC\"]',3,'Botble\\Ecommerce\\Models\\ProductCategory','2023-11-19 00:35:56','2023-11-19 00:35:56'),(4,'background_color','[\"#FEEFEA\"]',4,'Botble\\Ecommerce\\Models\\ProductCategory','2023-11-19 00:35:56','2023-11-19 00:35:56'),(5,'background_color','[\"#FFF3EB\"]',5,'Botble\\Ecommerce\\Models\\ProductCategory','2023-11-19 00:35:56','2023-11-19 00:35:56'),(6,'background_color','[\"#FFF3FF\"]',6,'Botble\\Ecommerce\\Models\\ProductCategory','2023-11-19 00:35:56','2023-11-19 00:35:56'),(7,'background_color','[\"#F2FCE4\"]',7,'Botble\\Ecommerce\\Models\\ProductCategory','2023-11-19 00:35:56','2023-11-19 00:35:56'),(8,'background_color','[\"#FFFCEB\"]',8,'Botble\\Ecommerce\\Models\\ProductCategory','2023-11-19 00:35:56','2023-11-19 00:35:56'),(9,'background_color','[\"#ECFFEC\"]',9,'Botble\\Ecommerce\\Models\\ProductCategory','2023-11-19 00:35:56','2023-11-19 00:35:56'),(10,'background_color','[\"#FEEFEA\"]',10,'Botble\\Ecommerce\\Models\\ProductCategory','2023-11-19 00:35:56','2023-11-19 00:35:56'),(11,'background_color','[\"#FFF3EB\"]',11,'Botble\\Ecommerce\\Models\\ProductCategory','2023-11-19 00:35:56','2023-11-19 00:35:56'),(12,'background_color','[\"#FFF3FF\"]',12,'Botble\\Ecommerce\\Models\\ProductCategory','2023-11-19 00:35:56','2023-11-19 00:35:56'),(13,'background_color','[\"#F2FCE4\"]',13,'Botble\\Ecommerce\\Models\\ProductCategory','2023-11-19 00:35:56','2023-11-19 00:35:56'),(14,'background_color','[\"#FFFCEB\"]',14,'Botble\\Ecommerce\\Models\\ProductCategory','2023-11-19 00:35:56','2023-11-19 00:35:56'),(15,'layout','[\"product-right-sidebar\"]',1,'Botble\\Ecommerce\\Models\\Product','2023-11-19 00:36:00','2023-11-19 00:36:00'),(16,'faq_schema_config','[[[{\"key\":\"question\",\"value\":\"What Shipping Methods Are Available?\"},{\"key\":\"answer\",\"value\":\"Ex Portland Pitchfork irure mustache. Eutra fap before they sold out literally. Aliquip ugh bicycle rights actually mlkshk, seitan squid craft beer tempor.\"}],[{\"key\":\"question\",\"value\":\"Do You Ship Internationally?\"},{\"key\":\"answer\",\"value\":\"Hoodie tote bag mixtape tofu. Typewriter jean shorts wolf quinoa, messenger bag organic freegan cray.\"}],[{\"key\":\"question\",\"value\":\"How Long Will It Take To Get My Package?\"},{\"key\":\"answer\",\"value\":\"Swag slow-carb quinoa VHS typewriter pork belly brunch, paleo single-origin coffee Wes Anderson. Flexitarian Pitchfork forage, literally paleo fap pour-over. Wes Anderson Pinterest YOLO fanny pack meggings, deep v XOXO chambray sustainable slow-carb raw denim church-key fap chillwave Etsy. +1 typewriter kitsch, American Apparel tofu Banksy Vice.\"}],[{\"key\":\"question\",\"value\":\"What Payment Methods Are Accepted?\"},{\"key\":\"answer\",\"value\":\"Fashion axe DIY jean shorts, swag kale chips meh polaroid kogi butcher Wes Anderson chambray next level semiotics gentrify yr. Voluptate photo booth fugiat Vice. Austin sed Williamsburg, ea labore raw denim voluptate cred proident mixtape excepteur mustache. Twee chia photo booth readymade food truck, hoodie roof party swag keytar PBR DIY.\"}],[{\"key\":\"question\",\"value\":\"Is Buying On-Line Safe?\"},{\"key\":\"answer\",\"value\":\"Art party authentic freegan semiotics jean shorts chia cred. Neutra Austin roof party Brooklyn, synth Thundercats swag 8-bit photo booth. Plaid letterpress leggings craft beer meh ethical Pinterest.\"}]]]',1,'Botble\\Ecommerce\\Models\\Product','2023-11-19 00:36:00','2023-11-19 00:36:00'),(17,'layout','[\"product-left-sidebar\"]',2,'Botble\\Ecommerce\\Models\\Product','2023-11-19 00:36:00','2023-11-19 00:36:00'),(18,'is_popular','[\"1\"]',2,'Botble\\Ecommerce\\Models\\Product','2023-11-19 00:36:00','2023-11-19 00:36:00'),(19,'faq_schema_config','[[[{\"key\":\"question\",\"value\":\"What Shipping Methods Are Available?\"},{\"key\":\"answer\",\"value\":\"Ex Portland Pitchfork irure mustache. Eutra fap before they sold out literally. Aliquip ugh bicycle rights actually mlkshk, seitan squid craft beer tempor.\"}],[{\"key\":\"question\",\"value\":\"Do You Ship Internationally?\"},{\"key\":\"answer\",\"value\":\"Hoodie tote bag mixtape tofu. Typewriter jean shorts wolf quinoa, messenger bag organic freegan cray.\"}],[{\"key\":\"question\",\"value\":\"How Long Will It Take To Get My Package?\"},{\"key\":\"answer\",\"value\":\"Swag slow-carb quinoa VHS typewriter pork belly brunch, paleo single-origin coffee Wes Anderson. Flexitarian Pitchfork forage, literally paleo fap pour-over. Wes Anderson Pinterest YOLO fanny pack meggings, deep v XOXO chambray sustainable slow-carb raw denim church-key fap chillwave Etsy. +1 typewriter kitsch, American Apparel tofu Banksy Vice.\"}],[{\"key\":\"question\",\"value\":\"What Payment Methods Are Accepted?\"},{\"key\":\"answer\",\"value\":\"Fashion axe DIY jean shorts, swag kale chips meh polaroid kogi butcher Wes Anderson chambray next level semiotics gentrify yr. Voluptate photo booth fugiat Vice. Austin sed Williamsburg, ea labore raw denim voluptate cred proident mixtape excepteur mustache. Twee chia photo booth readymade food truck, hoodie roof party swag keytar PBR DIY.\"}],[{\"key\":\"question\",\"value\":\"Is Buying On-Line Safe?\"},{\"key\":\"answer\",\"value\":\"Art party authentic freegan semiotics jean shorts chia cred. Neutra Austin roof party Brooklyn, synth Thundercats swag 8-bit photo booth. Plaid letterpress leggings craft beer meh ethical Pinterest.\"}]]]',2,'Botble\\Ecommerce\\Models\\Product','2023-11-19 00:36:00','2023-11-19 00:36:00'),(20,'layout','[\"product-full-width\"]',3,'Botble\\Ecommerce\\Models\\Product','2023-11-19 00:36:00','2023-11-19 00:36:00'),(21,'faq_schema_config','[[[{\"key\":\"question\",\"value\":\"What Shipping Methods Are Available?\"},{\"key\":\"answer\",\"value\":\"Ex Portland Pitchfork irure mustache. Eutra fap before they sold out literally. Aliquip ugh bicycle rights actually mlkshk, seitan squid craft beer tempor.\"}],[{\"key\":\"question\",\"value\":\"Do You Ship Internationally?\"},{\"key\":\"answer\",\"value\":\"Hoodie tote bag mixtape tofu. Typewriter jean shorts wolf quinoa, messenger bag organic freegan cray.\"}],[{\"key\":\"question\",\"value\":\"How Long Will It Take To Get My Package?\"},{\"key\":\"answer\",\"value\":\"Swag slow-carb quinoa VHS typewriter pork belly brunch, paleo single-origin coffee Wes Anderson. Flexitarian Pitchfork forage, literally paleo fap pour-over. Wes Anderson Pinterest YOLO fanny pack meggings, deep v XOXO chambray sustainable slow-carb raw denim church-key fap chillwave Etsy. +1 typewriter kitsch, American Apparel tofu Banksy Vice.\"}],[{\"key\":\"question\",\"value\":\"What Payment Methods Are Accepted?\"},{\"key\":\"answer\",\"value\":\"Fashion axe DIY jean shorts, swag kale chips meh polaroid kogi butcher Wes Anderson chambray next level semiotics gentrify yr. Voluptate photo booth fugiat Vice. Austin sed Williamsburg, ea labore raw denim voluptate cred proident mixtape excepteur mustache. Twee chia photo booth readymade food truck, hoodie roof party swag keytar PBR DIY.\"}],[{\"key\":\"question\",\"value\":\"Is Buying On-Line Safe?\"},{\"key\":\"answer\",\"value\":\"Art party authentic freegan semiotics jean shorts chia cred. Neutra Austin roof party Brooklyn, synth Thundercats swag 8-bit photo booth. Plaid letterpress leggings craft beer meh ethical Pinterest.\"}]]]',3,'Botble\\Ecommerce\\Models\\Product','2023-11-19 00:36:00','2023-11-19 00:36:00'),(22,'is_popular','[\"1\"]',4,'Botble\\Ecommerce\\Models\\Product','2023-11-19 00:36:00','2023-11-19 00:36:00'),(23,'faq_schema_config','[[[{\"key\":\"question\",\"value\":\"What Shipping Methods Are Available?\"},{\"key\":\"answer\",\"value\":\"Ex Portland Pitchfork irure mustache. Eutra fap before they sold out literally. Aliquip ugh bicycle rights actually mlkshk, seitan squid craft beer tempor.\"}],[{\"key\":\"question\",\"value\":\"Do You Ship Internationally?\"},{\"key\":\"answer\",\"value\":\"Hoodie tote bag mixtape tofu. Typewriter jean shorts wolf quinoa, messenger bag organic freegan cray.\"}],[{\"key\":\"question\",\"value\":\"How Long Will It Take To Get My Package?\"},{\"key\":\"answer\",\"value\":\"Swag slow-carb quinoa VHS typewriter pork belly brunch, paleo single-origin coffee Wes Anderson. Flexitarian Pitchfork forage, literally paleo fap pour-over. Wes Anderson Pinterest YOLO fanny pack meggings, deep v XOXO chambray sustainable slow-carb raw denim church-key fap chillwave Etsy. +1 typewriter kitsch, American Apparel tofu Banksy Vice.\"}],[{\"key\":\"question\",\"value\":\"What Payment Methods Are Accepted?\"},{\"key\":\"answer\",\"value\":\"Fashion axe DIY jean shorts, swag kale chips meh polaroid kogi butcher Wes Anderson chambray next level semiotics gentrify yr. Voluptate photo booth fugiat Vice. Austin sed Williamsburg, ea labore raw denim voluptate cred proident mixtape excepteur mustache. Twee chia photo booth readymade food truck, hoodie roof party swag keytar PBR DIY.\"}],[{\"key\":\"question\",\"value\":\"Is Buying On-Line Safe?\"},{\"key\":\"answer\",\"value\":\"Art party authentic freegan semiotics jean shorts chia cred. Neutra Austin roof party Brooklyn, synth Thundercats swag 8-bit photo booth. Plaid letterpress leggings craft beer meh ethical Pinterest.\"}]]]',4,'Botble\\Ecommerce\\Models\\Product','2023-11-19 00:36:00','2023-11-19 00:36:00'),(24,'faq_schema_config','[[[{\"key\":\"question\",\"value\":\"What Shipping Methods Are Available?\"},{\"key\":\"answer\",\"value\":\"Ex Portland Pitchfork irure mustache. Eutra fap before they sold out literally. Aliquip ugh bicycle rights actually mlkshk, seitan squid craft beer tempor.\"}],[{\"key\":\"question\",\"value\":\"Do You Ship Internationally?\"},{\"key\":\"answer\",\"value\":\"Hoodie tote bag mixtape tofu. Typewriter jean shorts wolf quinoa, messenger bag organic freegan cray.\"}],[{\"key\":\"question\",\"value\":\"How Long Will It Take To Get My Package?\"},{\"key\":\"answer\",\"value\":\"Swag slow-carb quinoa VHS typewriter pork belly brunch, paleo single-origin coffee Wes Anderson. Flexitarian Pitchfork forage, literally paleo fap pour-over. Wes Anderson Pinterest YOLO fanny pack meggings, deep v XOXO chambray sustainable slow-carb raw denim church-key fap chillwave Etsy. +1 typewriter kitsch, American Apparel tofu Banksy Vice.\"}],[{\"key\":\"question\",\"value\":\"What Payment Methods Are Accepted?\"},{\"key\":\"answer\",\"value\":\"Fashion axe DIY jean shorts, swag kale chips meh polaroid kogi butcher Wes Anderson chambray next level semiotics gentrify yr. Voluptate photo booth fugiat Vice. Austin sed Williamsburg, ea labore raw denim voluptate cred proident mixtape excepteur mustache. Twee chia photo booth readymade food truck, hoodie roof party swag keytar PBR DIY.\"}],[{\"key\":\"question\",\"value\":\"Is Buying On-Line Safe?\"},{\"key\":\"answer\",\"value\":\"Art party authentic freegan semiotics jean shorts chia cred. Neutra Austin roof party Brooklyn, synth Thundercats swag 8-bit photo booth. Plaid letterpress leggings craft beer meh ethical Pinterest.\"}]]]',5,'Botble\\Ecommerce\\Models\\Product','2023-11-19 00:36:00','2023-11-19 00:36:00'),(25,'is_popular','[\"1\"]',6,'Botble\\Ecommerce\\Models\\Product','2023-11-19 00:36:00','2023-11-19 00:36:00'),(26,'faq_schema_config','[[[{\"key\":\"question\",\"value\":\"What Shipping Methods Are Available?\"},{\"key\":\"answer\",\"value\":\"Ex Portland Pitchfork irure mustache. Eutra fap before they sold out literally. Aliquip ugh bicycle rights actually mlkshk, seitan squid craft beer tempor.\"}],[{\"key\":\"question\",\"value\":\"Do You Ship Internationally?\"},{\"key\":\"answer\",\"value\":\"Hoodie tote bag mixtape tofu. Typewriter jean shorts wolf quinoa, messenger bag organic freegan cray.\"}],[{\"key\":\"question\",\"value\":\"How Long Will It Take To Get My Package?\"},{\"key\":\"answer\",\"value\":\"Swag slow-carb quinoa VHS typewriter pork belly brunch, paleo single-origin coffee Wes Anderson. Flexitarian Pitchfork forage, literally paleo fap pour-over. Wes Anderson Pinterest YOLO fanny pack meggings, deep v XOXO chambray sustainable slow-carb raw denim church-key fap chillwave Etsy. +1 typewriter kitsch, American Apparel tofu Banksy Vice.\"}],[{\"key\":\"question\",\"value\":\"What Payment Methods Are Accepted?\"},{\"key\":\"answer\",\"value\":\"Fashion axe DIY jean shorts, swag kale chips meh polaroid kogi butcher Wes Anderson chambray next level semiotics gentrify yr. Voluptate photo booth fugiat Vice. Austin sed Williamsburg, ea labore raw denim voluptate cred proident mixtape excepteur mustache. Twee chia photo booth readymade food truck, hoodie roof party swag keytar PBR DIY.\"}],[{\"key\":\"question\",\"value\":\"Is Buying On-Line Safe?\"},{\"key\":\"answer\",\"value\":\"Art party authentic freegan semiotics jean shorts chia cred. Neutra Austin roof party Brooklyn, synth Thundercats swag 8-bit photo booth. Plaid letterpress leggings craft beer meh ethical Pinterest.\"}]]]',6,'Botble\\Ecommerce\\Models\\Product','2023-11-19 00:36:00','2023-11-19 00:36:00'),(27,'faq_schema_config','[[[{\"key\":\"question\",\"value\":\"What Shipping Methods Are Available?\"},{\"key\":\"answer\",\"value\":\"Ex Portland Pitchfork irure mustache. Eutra fap before they sold out literally. Aliquip ugh bicycle rights actually mlkshk, seitan squid craft beer tempor.\"}],[{\"key\":\"question\",\"value\":\"Do You Ship Internationally?\"},{\"key\":\"answer\",\"value\":\"Hoodie tote bag mixtape tofu. Typewriter jean shorts wolf quinoa, messenger bag organic freegan cray.\"}],[{\"key\":\"question\",\"value\":\"How Long Will It Take To Get My Package?\"},{\"key\":\"answer\",\"value\":\"Swag slow-carb quinoa VHS typewriter pork belly brunch, paleo single-origin coffee Wes Anderson. Flexitarian Pitchfork forage, literally paleo fap pour-over. Wes Anderson Pinterest YOLO fanny pack meggings, deep v XOXO chambray sustainable slow-carb raw denim church-key fap chillwave Etsy. +1 typewriter kitsch, American Apparel tofu Banksy Vice.\"}],[{\"key\":\"question\",\"value\":\"What Payment Methods Are Accepted?\"},{\"key\":\"answer\",\"value\":\"Fashion axe DIY jean shorts, swag kale chips meh polaroid kogi butcher Wes Anderson chambray next level semiotics gentrify yr. Voluptate photo booth fugiat Vice. Austin sed Williamsburg, ea labore raw denim voluptate cred proident mixtape excepteur mustache. Twee chia photo booth readymade food truck, hoodie roof party swag keytar PBR DIY.\"}],[{\"key\":\"question\",\"value\":\"Is Buying On-Line Safe?\"},{\"key\":\"answer\",\"value\":\"Art party authentic freegan semiotics jean shorts chia cred. Neutra Austin roof party Brooklyn, synth Thundercats swag 8-bit photo booth. Plaid letterpress leggings craft beer meh ethical Pinterest.\"}]]]',7,'Botble\\Ecommerce\\Models\\Product','2023-11-19 00:36:00','2023-11-19 00:36:00'),(28,'is_popular','[\"1\"]',8,'Botble\\Ecommerce\\Models\\Product','2023-11-19 00:36:00','2023-11-19 00:36:00'),(29,'faq_schema_config','[[[{\"key\":\"question\",\"value\":\"What Shipping Methods Are Available?\"},{\"key\":\"answer\",\"value\":\"Ex Portland Pitchfork irure mustache. Eutra fap before they sold out literally. Aliquip ugh bicycle rights actually mlkshk, seitan squid craft beer tempor.\"}],[{\"key\":\"question\",\"value\":\"Do You Ship Internationally?\"},{\"key\":\"answer\",\"value\":\"Hoodie tote bag mixtape tofu. Typewriter jean shorts wolf quinoa, messenger bag organic freegan cray.\"}],[{\"key\":\"question\",\"value\":\"How Long Will It Take To Get My Package?\"},{\"key\":\"answer\",\"value\":\"Swag slow-carb quinoa VHS typewriter pork belly brunch, paleo single-origin coffee Wes Anderson. Flexitarian Pitchfork forage, literally paleo fap pour-over. Wes Anderson Pinterest YOLO fanny pack meggings, deep v XOXO chambray sustainable slow-carb raw denim church-key fap chillwave Etsy. +1 typewriter kitsch, American Apparel tofu Banksy Vice.\"}],[{\"key\":\"question\",\"value\":\"What Payment Methods Are Accepted?\"},{\"key\":\"answer\",\"value\":\"Fashion axe DIY jean shorts, swag kale chips meh polaroid kogi butcher Wes Anderson chambray next level semiotics gentrify yr. Voluptate photo booth fugiat Vice. Austin sed Williamsburg, ea labore raw denim voluptate cred proident mixtape excepteur mustache. Twee chia photo booth readymade food truck, hoodie roof party swag keytar PBR DIY.\"}],[{\"key\":\"question\",\"value\":\"Is Buying On-Line Safe?\"},{\"key\":\"answer\",\"value\":\"Art party authentic freegan semiotics jean shorts chia cred. Neutra Austin roof party Brooklyn, synth Thundercats swag 8-bit photo booth. Plaid letterpress leggings craft beer meh ethical Pinterest.\"}]]]',8,'Botble\\Ecommerce\\Models\\Product','2023-11-19 00:36:00','2023-11-19 00:36:00'),(30,'faq_schema_config','[[[{\"key\":\"question\",\"value\":\"What Shipping Methods Are Available?\"},{\"key\":\"answer\",\"value\":\"Ex Portland Pitchfork irure mustache. Eutra fap before they sold out literally. Aliquip ugh bicycle rights actually mlkshk, seitan squid craft beer tempor.\"}],[{\"key\":\"question\",\"value\":\"Do You Ship Internationally?\"},{\"key\":\"answer\",\"value\":\"Hoodie tote bag mixtape tofu. Typewriter jean shorts wolf quinoa, messenger bag organic freegan cray.\"}],[{\"key\":\"question\",\"value\":\"How Long Will It Take To Get My Package?\"},{\"key\":\"answer\",\"value\":\"Swag slow-carb quinoa VHS typewriter pork belly brunch, paleo single-origin coffee Wes Anderson. Flexitarian Pitchfork forage, literally paleo fap pour-over. Wes Anderson Pinterest YOLO fanny pack meggings, deep v XOXO chambray sustainable slow-carb raw denim church-key fap chillwave Etsy. +1 typewriter kitsch, American Apparel tofu Banksy Vice.\"}],[{\"key\":\"question\",\"value\":\"What Payment Methods Are Accepted?\"},{\"key\":\"answer\",\"value\":\"Fashion axe DIY jean shorts, swag kale chips meh polaroid kogi butcher Wes Anderson chambray next level semiotics gentrify yr. Voluptate photo booth fugiat Vice. Austin sed Williamsburg, ea labore raw denim voluptate cred proident mixtape excepteur mustache. Twee chia photo booth readymade food truck, hoodie roof party swag keytar PBR DIY.\"}],[{\"key\":\"question\",\"value\":\"Is Buying On-Line Safe?\"},{\"key\":\"answer\",\"value\":\"Art party authentic freegan semiotics jean shorts chia cred. Neutra Austin roof party Brooklyn, synth Thundercats swag 8-bit photo booth. Plaid letterpress leggings craft beer meh ethical Pinterest.\"}]]]',9,'Botble\\Ecommerce\\Models\\Product','2023-11-19 00:36:00','2023-11-19 00:36:00'),(31,'is_popular','[\"1\"]',10,'Botble\\Ecommerce\\Models\\Product','2023-11-19 00:36:00','2023-11-19 00:36:00'),(32,'faq_schema_config','[[[{\"key\":\"question\",\"value\":\"What Shipping Methods Are Available?\"},{\"key\":\"answer\",\"value\":\"Ex Portland Pitchfork irure mustache. Eutra fap before they sold out literally. Aliquip ugh bicycle rights actually mlkshk, seitan squid craft beer tempor.\"}],[{\"key\":\"question\",\"value\":\"Do You Ship Internationally?\"},{\"key\":\"answer\",\"value\":\"Hoodie tote bag mixtape tofu. Typewriter jean shorts wolf quinoa, messenger bag organic freegan cray.\"}],[{\"key\":\"question\",\"value\":\"How Long Will It Take To Get My Package?\"},{\"key\":\"answer\",\"value\":\"Swag slow-carb quinoa VHS typewriter pork belly brunch, paleo single-origin coffee Wes Anderson. Flexitarian Pitchfork forage, literally paleo fap pour-over. Wes Anderson Pinterest YOLO fanny pack meggings, deep v XOXO chambray sustainable slow-carb raw denim church-key fap chillwave Etsy. +1 typewriter kitsch, American Apparel tofu Banksy Vice.\"}],[{\"key\":\"question\",\"value\":\"What Payment Methods Are Accepted?\"},{\"key\":\"answer\",\"value\":\"Fashion axe DIY jean shorts, swag kale chips meh polaroid kogi butcher Wes Anderson chambray next level semiotics gentrify yr. Voluptate photo booth fugiat Vice. Austin sed Williamsburg, ea labore raw denim voluptate cred proident mixtape excepteur mustache. Twee chia photo booth readymade food truck, hoodie roof party swag keytar PBR DIY.\"}],[{\"key\":\"question\",\"value\":\"Is Buying On-Line Safe?\"},{\"key\":\"answer\",\"value\":\"Art party authentic freegan semiotics jean shorts chia cred. Neutra Austin roof party Brooklyn, synth Thundercats swag 8-bit photo booth. Plaid letterpress leggings craft beer meh ethical Pinterest.\"}]]]',10,'Botble\\Ecommerce\\Models\\Product','2023-11-19 00:36:00','2023-11-19 00:36:00'),(33,'faq_schema_config','[[[{\"key\":\"question\",\"value\":\"What Shipping Methods Are Available?\"},{\"key\":\"answer\",\"value\":\"Ex Portland Pitchfork irure mustache. Eutra fap before they sold out literally. Aliquip ugh bicycle rights actually mlkshk, seitan squid craft beer tempor.\"}],[{\"key\":\"question\",\"value\":\"Do You Ship Internationally?\"},{\"key\":\"answer\",\"value\":\"Hoodie tote bag mixtape tofu. Typewriter jean shorts wolf quinoa, messenger bag organic freegan cray.\"}],[{\"key\":\"question\",\"value\":\"How Long Will It Take To Get My Package?\"},{\"key\":\"answer\",\"value\":\"Swag slow-carb quinoa VHS typewriter pork belly brunch, paleo single-origin coffee Wes Anderson. Flexitarian Pitchfork forage, literally paleo fap pour-over. Wes Anderson Pinterest YOLO fanny pack meggings, deep v XOXO chambray sustainable slow-carb raw denim church-key fap chillwave Etsy. +1 typewriter kitsch, American Apparel tofu Banksy Vice.\"}],[{\"key\":\"question\",\"value\":\"What Payment Methods Are Accepted?\"},{\"key\":\"answer\",\"value\":\"Fashion axe DIY jean shorts, swag kale chips meh polaroid kogi butcher Wes Anderson chambray next level semiotics gentrify yr. Voluptate photo booth fugiat Vice. Austin sed Williamsburg, ea labore raw denim voluptate cred proident mixtape excepteur mustache. Twee chia photo booth readymade food truck, hoodie roof party swag keytar PBR DIY.\"}],[{\"key\":\"question\",\"value\":\"Is Buying On-Line Safe?\"},{\"key\":\"answer\",\"value\":\"Art party authentic freegan semiotics jean shorts chia cred. Neutra Austin roof party Brooklyn, synth Thundercats swag 8-bit photo booth. Plaid letterpress leggings craft beer meh ethical Pinterest.\"}]]]',11,'Botble\\Ecommerce\\Models\\Product','2023-11-19 00:36:00','2023-11-19 00:36:00'),(34,'is_popular','[\"1\"]',12,'Botble\\Ecommerce\\Models\\Product','2023-11-19 00:36:00','2023-11-19 00:36:00'),(35,'faq_schema_config','[[[{\"key\":\"question\",\"value\":\"What Shipping Methods Are Available?\"},{\"key\":\"answer\",\"value\":\"Ex Portland Pitchfork irure mustache. Eutra fap before they sold out literally. Aliquip ugh bicycle rights actually mlkshk, seitan squid craft beer tempor.\"}],[{\"key\":\"question\",\"value\":\"Do You Ship Internationally?\"},{\"key\":\"answer\",\"value\":\"Hoodie tote bag mixtape tofu. Typewriter jean shorts wolf quinoa, messenger bag organic freegan cray.\"}],[{\"key\":\"question\",\"value\":\"How Long Will It Take To Get My Package?\"},{\"key\":\"answer\",\"value\":\"Swag slow-carb quinoa VHS typewriter pork belly brunch, paleo single-origin coffee Wes Anderson. Flexitarian Pitchfork forage, literally paleo fap pour-over. Wes Anderson Pinterest YOLO fanny pack meggings, deep v XOXO chambray sustainable slow-carb raw denim church-key fap chillwave Etsy. +1 typewriter kitsch, American Apparel tofu Banksy Vice.\"}],[{\"key\":\"question\",\"value\":\"What Payment Methods Are Accepted?\"},{\"key\":\"answer\",\"value\":\"Fashion axe DIY jean shorts, swag kale chips meh polaroid kogi butcher Wes Anderson chambray next level semiotics gentrify yr. Voluptate photo booth fugiat Vice. Austin sed Williamsburg, ea labore raw denim voluptate cred proident mixtape excepteur mustache. Twee chia photo booth readymade food truck, hoodie roof party swag keytar PBR DIY.\"}],[{\"key\":\"question\",\"value\":\"Is Buying On-Line Safe?\"},{\"key\":\"answer\",\"value\":\"Art party authentic freegan semiotics jean shorts chia cred. Neutra Austin roof party Brooklyn, synth Thundercats swag 8-bit photo booth. Plaid letterpress leggings craft beer meh ethical Pinterest.\"}]]]',12,'Botble\\Ecommerce\\Models\\Product','2023-11-19 00:36:00','2023-11-19 00:36:00'),(36,'faq_schema_config','[[[{\"key\":\"question\",\"value\":\"What Shipping Methods Are Available?\"},{\"key\":\"answer\",\"value\":\"Ex Portland Pitchfork irure mustache. Eutra fap before they sold out literally. Aliquip ugh bicycle rights actually mlkshk, seitan squid craft beer tempor.\"}],[{\"key\":\"question\",\"value\":\"Do You Ship Internationally?\"},{\"key\":\"answer\",\"value\":\"Hoodie tote bag mixtape tofu. Typewriter jean shorts wolf quinoa, messenger bag organic freegan cray.\"}],[{\"key\":\"question\",\"value\":\"How Long Will It Take To Get My Package?\"},{\"key\":\"answer\",\"value\":\"Swag slow-carb quinoa VHS typewriter pork belly brunch, paleo single-origin coffee Wes Anderson. Flexitarian Pitchfork forage, literally paleo fap pour-over. Wes Anderson Pinterest YOLO fanny pack meggings, deep v XOXO chambray sustainable slow-carb raw denim church-key fap chillwave Etsy. +1 typewriter kitsch, American Apparel tofu Banksy Vice.\"}],[{\"key\":\"question\",\"value\":\"What Payment Methods Are Accepted?\"},{\"key\":\"answer\",\"value\":\"Fashion axe DIY jean shorts, swag kale chips meh polaroid kogi butcher Wes Anderson chambray next level semiotics gentrify yr. Voluptate photo booth fugiat Vice. Austin sed Williamsburg, ea labore raw denim voluptate cred proident mixtape excepteur mustache. Twee chia photo booth readymade food truck, hoodie roof party swag keytar PBR DIY.\"}],[{\"key\":\"question\",\"value\":\"Is Buying On-Line Safe?\"},{\"key\":\"answer\",\"value\":\"Art party authentic freegan semiotics jean shorts chia cred. Neutra Austin roof party Brooklyn, synth Thundercats swag 8-bit photo booth. Plaid letterpress leggings craft beer meh ethical Pinterest.\"}]]]',13,'Botble\\Ecommerce\\Models\\Product','2023-11-19 00:36:00','2023-11-19 00:36:00'),(37,'is_popular','[\"1\"]',14,'Botble\\Ecommerce\\Models\\Product','2023-11-19 00:36:00','2023-11-19 00:36:00'),(38,'faq_schema_config','[[[{\"key\":\"question\",\"value\":\"What Shipping Methods Are Available?\"},{\"key\":\"answer\",\"value\":\"Ex Portland Pitchfork irure mustache. Eutra fap before they sold out literally. Aliquip ugh bicycle rights actually mlkshk, seitan squid craft beer tempor.\"}],[{\"key\":\"question\",\"value\":\"Do You Ship Internationally?\"},{\"key\":\"answer\",\"value\":\"Hoodie tote bag mixtape tofu. Typewriter jean shorts wolf quinoa, messenger bag organic freegan cray.\"}],[{\"key\":\"question\",\"value\":\"How Long Will It Take To Get My Package?\"},{\"key\":\"answer\",\"value\":\"Swag slow-carb quinoa VHS typewriter pork belly brunch, paleo single-origin coffee Wes Anderson. Flexitarian Pitchfork forage, literally paleo fap pour-over. Wes Anderson Pinterest YOLO fanny pack meggings, deep v XOXO chambray sustainable slow-carb raw denim church-key fap chillwave Etsy. +1 typewriter kitsch, American Apparel tofu Banksy Vice.\"}],[{\"key\":\"question\",\"value\":\"What Payment Methods Are Accepted?\"},{\"key\":\"answer\",\"value\":\"Fashion axe DIY jean shorts, swag kale chips meh polaroid kogi butcher Wes Anderson chambray next level semiotics gentrify yr. Voluptate photo booth fugiat Vice. Austin sed Williamsburg, ea labore raw denim voluptate cred proident mixtape excepteur mustache. Twee chia photo booth readymade food truck, hoodie roof party swag keytar PBR DIY.\"}],[{\"key\":\"question\",\"value\":\"Is Buying On-Line Safe?\"},{\"key\":\"answer\",\"value\":\"Art party authentic freegan semiotics jean shorts chia cred. Neutra Austin roof party Brooklyn, synth Thundercats swag 8-bit photo booth. Plaid letterpress leggings craft beer meh ethical Pinterest.\"}]]]',14,'Botble\\Ecommerce\\Models\\Product','2023-11-19 00:36:00','2023-11-19 00:36:00'),(39,'faq_schema_config','[[[{\"key\":\"question\",\"value\":\"What Shipping Methods Are Available?\"},{\"key\":\"answer\",\"value\":\"Ex Portland Pitchfork irure mustache. Eutra fap before they sold out literally. Aliquip ugh bicycle rights actually mlkshk, seitan squid craft beer tempor.\"}],[{\"key\":\"question\",\"value\":\"Do You Ship Internationally?\"},{\"key\":\"answer\",\"value\":\"Hoodie tote bag mixtape tofu. Typewriter jean shorts wolf quinoa, messenger bag organic freegan cray.\"}],[{\"key\":\"question\",\"value\":\"How Long Will It Take To Get My Package?\"},{\"key\":\"answer\",\"value\":\"Swag slow-carb quinoa VHS typewriter pork belly brunch, paleo single-origin coffee Wes Anderson. Flexitarian Pitchfork forage, literally paleo fap pour-over. Wes Anderson Pinterest YOLO fanny pack meggings, deep v XOXO chambray sustainable slow-carb raw denim church-key fap chillwave Etsy. +1 typewriter kitsch, American Apparel tofu Banksy Vice.\"}],[{\"key\":\"question\",\"value\":\"What Payment Methods Are Accepted?\"},{\"key\":\"answer\",\"value\":\"Fashion axe DIY jean shorts, swag kale chips meh polaroid kogi butcher Wes Anderson chambray next level semiotics gentrify yr. Voluptate photo booth fugiat Vice. Austin sed Williamsburg, ea labore raw denim voluptate cred proident mixtape excepteur mustache. Twee chia photo booth readymade food truck, hoodie roof party swag keytar PBR DIY.\"}],[{\"key\":\"question\",\"value\":\"Is Buying On-Line Safe?\"},{\"key\":\"answer\",\"value\":\"Art party authentic freegan semiotics jean shorts chia cred. Neutra Austin roof party Brooklyn, synth Thundercats swag 8-bit photo booth. Plaid letterpress leggings craft beer meh ethical Pinterest.\"}]]]',15,'Botble\\Ecommerce\\Models\\Product','2023-11-19 00:36:00','2023-11-19 00:36:00'),(40,'is_popular','[\"1\"]',16,'Botble\\Ecommerce\\Models\\Product','2023-11-19 00:36:00','2023-11-19 00:36:00'),(41,'faq_schema_config','[[[{\"key\":\"question\",\"value\":\"What Shipping Methods Are Available?\"},{\"key\":\"answer\",\"value\":\"Ex Portland Pitchfork irure mustache. Eutra fap before they sold out literally. Aliquip ugh bicycle rights actually mlkshk, seitan squid craft beer tempor.\"}],[{\"key\":\"question\",\"value\":\"Do You Ship Internationally?\"},{\"key\":\"answer\",\"value\":\"Hoodie tote bag mixtape tofu. Typewriter jean shorts wolf quinoa, messenger bag organic freegan cray.\"}],[{\"key\":\"question\",\"value\":\"How Long Will It Take To Get My Package?\"},{\"key\":\"answer\",\"value\":\"Swag slow-carb quinoa VHS typewriter pork belly brunch, paleo single-origin coffee Wes Anderson. Flexitarian Pitchfork forage, literally paleo fap pour-over. Wes Anderson Pinterest YOLO fanny pack meggings, deep v XOXO chambray sustainable slow-carb raw denim church-key fap chillwave Etsy. +1 typewriter kitsch, American Apparel tofu Banksy Vice.\"}],[{\"key\":\"question\",\"value\":\"What Payment Methods Are Accepted?\"},{\"key\":\"answer\",\"value\":\"Fashion axe DIY jean shorts, swag kale chips meh polaroid kogi butcher Wes Anderson chambray next level semiotics gentrify yr. Voluptate photo booth fugiat Vice. Austin sed Williamsburg, ea labore raw denim voluptate cred proident mixtape excepteur mustache. Twee chia photo booth readymade food truck, hoodie roof party swag keytar PBR DIY.\"}],[{\"key\":\"question\",\"value\":\"Is Buying On-Line Safe?\"},{\"key\":\"answer\",\"value\":\"Art party authentic freegan semiotics jean shorts chia cred. Neutra Austin roof party Brooklyn, synth Thundercats swag 8-bit photo booth. Plaid letterpress leggings craft beer meh ethical Pinterest.\"}]]]',16,'Botble\\Ecommerce\\Models\\Product','2023-11-19 00:36:00','2023-11-19 00:36:00'),(42,'faq_schema_config','[[[{\"key\":\"question\",\"value\":\"What Shipping Methods Are Available?\"},{\"key\":\"answer\",\"value\":\"Ex Portland Pitchfork irure mustache. Eutra fap before they sold out literally. Aliquip ugh bicycle rights actually mlkshk, seitan squid craft beer tempor.\"}],[{\"key\":\"question\",\"value\":\"Do You Ship Internationally?\"},{\"key\":\"answer\",\"value\":\"Hoodie tote bag mixtape tofu. Typewriter jean shorts wolf quinoa, messenger bag organic freegan cray.\"}],[{\"key\":\"question\",\"value\":\"How Long Will It Take To Get My Package?\"},{\"key\":\"answer\",\"value\":\"Swag slow-carb quinoa VHS typewriter pork belly brunch, paleo single-origin coffee Wes Anderson. Flexitarian Pitchfork forage, literally paleo fap pour-over. Wes Anderson Pinterest YOLO fanny pack meggings, deep v XOXO chambray sustainable slow-carb raw denim church-key fap chillwave Etsy. +1 typewriter kitsch, American Apparel tofu Banksy Vice.\"}],[{\"key\":\"question\",\"value\":\"What Payment Methods Are Accepted?\"},{\"key\":\"answer\",\"value\":\"Fashion axe DIY jean shorts, swag kale chips meh polaroid kogi butcher Wes Anderson chambray next level semiotics gentrify yr. Voluptate photo booth fugiat Vice. Austin sed Williamsburg, ea labore raw denim voluptate cred proident mixtape excepteur mustache. Twee chia photo booth readymade food truck, hoodie roof party swag keytar PBR DIY.\"}],[{\"key\":\"question\",\"value\":\"Is Buying On-Line Safe?\"},{\"key\":\"answer\",\"value\":\"Art party authentic freegan semiotics jean shorts chia cred. Neutra Austin roof party Brooklyn, synth Thundercats swag 8-bit photo booth. Plaid letterpress leggings craft beer meh ethical Pinterest.\"}]]]',17,'Botble\\Ecommerce\\Models\\Product','2023-11-19 00:36:00','2023-11-19 00:36:00'),(43,'is_popular','[\"1\"]',18,'Botble\\Ecommerce\\Models\\Product','2023-11-19 00:36:00','2023-11-19 00:36:00'),(44,'faq_schema_config','[[[{\"key\":\"question\",\"value\":\"What Shipping Methods Are Available?\"},{\"key\":\"answer\",\"value\":\"Ex Portland Pitchfork irure mustache. Eutra fap before they sold out literally. Aliquip ugh bicycle rights actually mlkshk, seitan squid craft beer tempor.\"}],[{\"key\":\"question\",\"value\":\"Do You Ship Internationally?\"},{\"key\":\"answer\",\"value\":\"Hoodie tote bag mixtape tofu. Typewriter jean shorts wolf quinoa, messenger bag organic freegan cray.\"}],[{\"key\":\"question\",\"value\":\"How Long Will It Take To Get My Package?\"},{\"key\":\"answer\",\"value\":\"Swag slow-carb quinoa VHS typewriter pork belly brunch, paleo single-origin coffee Wes Anderson. Flexitarian Pitchfork forage, literally paleo fap pour-over. Wes Anderson Pinterest YOLO fanny pack meggings, deep v XOXO chambray sustainable slow-carb raw denim church-key fap chillwave Etsy. +1 typewriter kitsch, American Apparel tofu Banksy Vice.\"}],[{\"key\":\"question\",\"value\":\"What Payment Methods Are Accepted?\"},{\"key\":\"answer\",\"value\":\"Fashion axe DIY jean shorts, swag kale chips meh polaroid kogi butcher Wes Anderson chambray next level semiotics gentrify yr. Voluptate photo booth fugiat Vice. Austin sed Williamsburg, ea labore raw denim voluptate cred proident mixtape excepteur mustache. Twee chia photo booth readymade food truck, hoodie roof party swag keytar PBR DIY.\"}],[{\"key\":\"question\",\"value\":\"Is Buying On-Line Safe?\"},{\"key\":\"answer\",\"value\":\"Art party authentic freegan semiotics jean shorts chia cred. Neutra Austin roof party Brooklyn, synth Thundercats swag 8-bit photo booth. Plaid letterpress leggings craft beer meh ethical Pinterest.\"}]]]',18,'Botble\\Ecommerce\\Models\\Product','2023-11-19 00:36:00','2023-11-19 00:36:00'),(45,'faq_schema_config','[[[{\"key\":\"question\",\"value\":\"What Shipping Methods Are Available?\"},{\"key\":\"answer\",\"value\":\"Ex Portland Pitchfork irure mustache. Eutra fap before they sold out literally. Aliquip ugh bicycle rights actually mlkshk, seitan squid craft beer tempor.\"}],[{\"key\":\"question\",\"value\":\"Do You Ship Internationally?\"},{\"key\":\"answer\",\"value\":\"Hoodie tote bag mixtape tofu. Typewriter jean shorts wolf quinoa, messenger bag organic freegan cray.\"}],[{\"key\":\"question\",\"value\":\"How Long Will It Take To Get My Package?\"},{\"key\":\"answer\",\"value\":\"Swag slow-carb quinoa VHS typewriter pork belly brunch, paleo single-origin coffee Wes Anderson. Flexitarian Pitchfork forage, literally paleo fap pour-over. Wes Anderson Pinterest YOLO fanny pack meggings, deep v XOXO chambray sustainable slow-carb raw denim church-key fap chillwave Etsy. +1 typewriter kitsch, American Apparel tofu Banksy Vice.\"}],[{\"key\":\"question\",\"value\":\"What Payment Methods Are Accepted?\"},{\"key\":\"answer\",\"value\":\"Fashion axe DIY jean shorts, swag kale chips meh polaroid kogi butcher Wes Anderson chambray next level semiotics gentrify yr. Voluptate photo booth fugiat Vice. Austin sed Williamsburg, ea labore raw denim voluptate cred proident mixtape excepteur mustache. Twee chia photo booth readymade food truck, hoodie roof party swag keytar PBR DIY.\"}],[{\"key\":\"question\",\"value\":\"Is Buying On-Line Safe?\"},{\"key\":\"answer\",\"value\":\"Art party authentic freegan semiotics jean shorts chia cred. Neutra Austin roof party Brooklyn, synth Thundercats swag 8-bit photo booth. Plaid letterpress leggings craft beer meh ethical Pinterest.\"}]]]',19,'Botble\\Ecommerce\\Models\\Product','2023-11-19 00:36:00','2023-11-19 00:36:00'),(46,'is_popular','[\"1\"]',20,'Botble\\Ecommerce\\Models\\Product','2023-11-19 00:36:00','2023-11-19 00:36:00'),(47,'faq_schema_config','[[[{\"key\":\"question\",\"value\":\"What Shipping Methods Are Available?\"},{\"key\":\"answer\",\"value\":\"Ex Portland Pitchfork irure mustache. Eutra fap before they sold out literally. Aliquip ugh bicycle rights actually mlkshk, seitan squid craft beer tempor.\"}],[{\"key\":\"question\",\"value\":\"Do You Ship Internationally?\"},{\"key\":\"answer\",\"value\":\"Hoodie tote bag mixtape tofu. Typewriter jean shorts wolf quinoa, messenger bag organic freegan cray.\"}],[{\"key\":\"question\",\"value\":\"How Long Will It Take To Get My Package?\"},{\"key\":\"answer\",\"value\":\"Swag slow-carb quinoa VHS typewriter pork belly brunch, paleo single-origin coffee Wes Anderson. Flexitarian Pitchfork forage, literally paleo fap pour-over. Wes Anderson Pinterest YOLO fanny pack meggings, deep v XOXO chambray sustainable slow-carb raw denim church-key fap chillwave Etsy. +1 typewriter kitsch, American Apparel tofu Banksy Vice.\"}],[{\"key\":\"question\",\"value\":\"What Payment Methods Are Accepted?\"},{\"key\":\"answer\",\"value\":\"Fashion axe DIY jean shorts, swag kale chips meh polaroid kogi butcher Wes Anderson chambray next level semiotics gentrify yr. Voluptate photo booth fugiat Vice. Austin sed Williamsburg, ea labore raw denim voluptate cred proident mixtape excepteur mustache. Twee chia photo booth readymade food truck, hoodie roof party swag keytar PBR DIY.\"}],[{\"key\":\"question\",\"value\":\"Is Buying On-Line Safe?\"},{\"key\":\"answer\",\"value\":\"Art party authentic freegan semiotics jean shorts chia cred. Neutra Austin roof party Brooklyn, synth Thundercats swag 8-bit photo booth. Plaid letterpress leggings craft beer meh ethical Pinterest.\"}]]]',20,'Botble\\Ecommerce\\Models\\Product','2023-11-19 00:36:00','2023-11-19 00:36:00'),(48,'faq_schema_config','[[[{\"key\":\"question\",\"value\":\"What Shipping Methods Are Available?\"},{\"key\":\"answer\",\"value\":\"Ex Portland Pitchfork irure mustache. Eutra fap before they sold out literally. Aliquip ugh bicycle rights actually mlkshk, seitan squid craft beer tempor.\"}],[{\"key\":\"question\",\"value\":\"Do You Ship Internationally?\"},{\"key\":\"answer\",\"value\":\"Hoodie tote bag mixtape tofu. Typewriter jean shorts wolf quinoa, messenger bag organic freegan cray.\"}],[{\"key\":\"question\",\"value\":\"How Long Will It Take To Get My Package?\"},{\"key\":\"answer\",\"value\":\"Swag slow-carb quinoa VHS typewriter pork belly brunch, paleo single-origin coffee Wes Anderson. Flexitarian Pitchfork forage, literally paleo fap pour-over. Wes Anderson Pinterest YOLO fanny pack meggings, deep v XOXO chambray sustainable slow-carb raw denim church-key fap chillwave Etsy. +1 typewriter kitsch, American Apparel tofu Banksy Vice.\"}],[{\"key\":\"question\",\"value\":\"What Payment Methods Are Accepted?\"},{\"key\":\"answer\",\"value\":\"Fashion axe DIY jean shorts, swag kale chips meh polaroid kogi butcher Wes Anderson chambray next level semiotics gentrify yr. Voluptate photo booth fugiat Vice. Austin sed Williamsburg, ea labore raw denim voluptate cred proident mixtape excepteur mustache. Twee chia photo booth readymade food truck, hoodie roof party swag keytar PBR DIY.\"}],[{\"key\":\"question\",\"value\":\"Is Buying On-Line Safe?\"},{\"key\":\"answer\",\"value\":\"Art party authentic freegan semiotics jean shorts chia cred. Neutra Austin roof party Brooklyn, synth Thundercats swag 8-bit photo booth. Plaid letterpress leggings craft beer meh ethical Pinterest.\"}]]]',21,'Botble\\Ecommerce\\Models\\Product','2023-11-19 00:36:01','2023-11-19 00:36:01'),(49,'is_popular','[\"1\"]',22,'Botble\\Ecommerce\\Models\\Product','2023-11-19 00:36:01','2023-11-19 00:36:01'),(50,'faq_schema_config','[[[{\"key\":\"question\",\"value\":\"What Shipping Methods Are Available?\"},{\"key\":\"answer\",\"value\":\"Ex Portland Pitchfork irure mustache. Eutra fap before they sold out literally. Aliquip ugh bicycle rights actually mlkshk, seitan squid craft beer tempor.\"}],[{\"key\":\"question\",\"value\":\"Do You Ship Internationally?\"},{\"key\":\"answer\",\"value\":\"Hoodie tote bag mixtape tofu. Typewriter jean shorts wolf quinoa, messenger bag organic freegan cray.\"}],[{\"key\":\"question\",\"value\":\"How Long Will It Take To Get My Package?\"},{\"key\":\"answer\",\"value\":\"Swag slow-carb quinoa VHS typewriter pork belly brunch, paleo single-origin coffee Wes Anderson. Flexitarian Pitchfork forage, literally paleo fap pour-over. Wes Anderson Pinterest YOLO fanny pack meggings, deep v XOXO chambray sustainable slow-carb raw denim church-key fap chillwave Etsy. +1 typewriter kitsch, American Apparel tofu Banksy Vice.\"}],[{\"key\":\"question\",\"value\":\"What Payment Methods Are Accepted?\"},{\"key\":\"answer\",\"value\":\"Fashion axe DIY jean shorts, swag kale chips meh polaroid kogi butcher Wes Anderson chambray next level semiotics gentrify yr. Voluptate photo booth fugiat Vice. Austin sed Williamsburg, ea labore raw denim voluptate cred proident mixtape excepteur mustache. Twee chia photo booth readymade food truck, hoodie roof party swag keytar PBR DIY.\"}],[{\"key\":\"question\",\"value\":\"Is Buying On-Line Safe?\"},{\"key\":\"answer\",\"value\":\"Art party authentic freegan semiotics jean shorts chia cred. Neutra Austin roof party Brooklyn, synth Thundercats swag 8-bit photo booth. Plaid letterpress leggings craft beer meh ethical Pinterest.\"}]]]',22,'Botble\\Ecommerce\\Models\\Product','2023-11-19 00:36:01','2023-11-19 00:36:01'),(51,'faq_schema_config','[[[{\"key\":\"question\",\"value\":\"What Shipping Methods Are Available?\"},{\"key\":\"answer\",\"value\":\"Ex Portland Pitchfork irure mustache. Eutra fap before they sold out literally. Aliquip ugh bicycle rights actually mlkshk, seitan squid craft beer tempor.\"}],[{\"key\":\"question\",\"value\":\"Do You Ship Internationally?\"},{\"key\":\"answer\",\"value\":\"Hoodie tote bag mixtape tofu. Typewriter jean shorts wolf quinoa, messenger bag organic freegan cray.\"}],[{\"key\":\"question\",\"value\":\"How Long Will It Take To Get My Package?\"},{\"key\":\"answer\",\"value\":\"Swag slow-carb quinoa VHS typewriter pork belly brunch, paleo single-origin coffee Wes Anderson. Flexitarian Pitchfork forage, literally paleo fap pour-over. Wes Anderson Pinterest YOLO fanny pack meggings, deep v XOXO chambray sustainable slow-carb raw denim church-key fap chillwave Etsy. +1 typewriter kitsch, American Apparel tofu Banksy Vice.\"}],[{\"key\":\"question\",\"value\":\"What Payment Methods Are Accepted?\"},{\"key\":\"answer\",\"value\":\"Fashion axe DIY jean shorts, swag kale chips meh polaroid kogi butcher Wes Anderson chambray next level semiotics gentrify yr. Voluptate photo booth fugiat Vice. Austin sed Williamsburg, ea labore raw denim voluptate cred proident mixtape excepteur mustache. Twee chia photo booth readymade food truck, hoodie roof party swag keytar PBR DIY.\"}],[{\"key\":\"question\",\"value\":\"Is Buying On-Line Safe?\"},{\"key\":\"answer\",\"value\":\"Art party authentic freegan semiotics jean shorts chia cred. Neutra Austin roof party Brooklyn, synth Thundercats swag 8-bit photo booth. Plaid letterpress leggings craft beer meh ethical Pinterest.\"}]]]',23,'Botble\\Ecommerce\\Models\\Product','2023-11-19 00:36:01','2023-11-19 00:36:01'),(52,'is_popular','[\"1\"]',24,'Botble\\Ecommerce\\Models\\Product','2023-11-19 00:36:01','2023-11-19 00:36:01'),(53,'faq_schema_config','[[[{\"key\":\"question\",\"value\":\"What Shipping Methods Are Available?\"},{\"key\":\"answer\",\"value\":\"Ex Portland Pitchfork irure mustache. Eutra fap before they sold out literally. Aliquip ugh bicycle rights actually mlkshk, seitan squid craft beer tempor.\"}],[{\"key\":\"question\",\"value\":\"Do You Ship Internationally?\"},{\"key\":\"answer\",\"value\":\"Hoodie tote bag mixtape tofu. Typewriter jean shorts wolf quinoa, messenger bag organic freegan cray.\"}],[{\"key\":\"question\",\"value\":\"How Long Will It Take To Get My Package?\"},{\"key\":\"answer\",\"value\":\"Swag slow-carb quinoa VHS typewriter pork belly brunch, paleo single-origin coffee Wes Anderson. Flexitarian Pitchfork forage, literally paleo fap pour-over. Wes Anderson Pinterest YOLO fanny pack meggings, deep v XOXO chambray sustainable slow-carb raw denim church-key fap chillwave Etsy. +1 typewriter kitsch, American Apparel tofu Banksy Vice.\"}],[{\"key\":\"question\",\"value\":\"What Payment Methods Are Accepted?\"},{\"key\":\"answer\",\"value\":\"Fashion axe DIY jean shorts, swag kale chips meh polaroid kogi butcher Wes Anderson chambray next level semiotics gentrify yr. Voluptate photo booth fugiat Vice. Austin sed Williamsburg, ea labore raw denim voluptate cred proident mixtape excepteur mustache. Twee chia photo booth readymade food truck, hoodie roof party swag keytar PBR DIY.\"}],[{\"key\":\"question\",\"value\":\"Is Buying On-Line Safe?\"},{\"key\":\"answer\",\"value\":\"Art party authentic freegan semiotics jean shorts chia cred. Neutra Austin roof party Brooklyn, synth Thundercats swag 8-bit photo booth. Plaid letterpress leggings craft beer meh ethical Pinterest.\"}]]]',24,'Botble\\Ecommerce\\Models\\Product','2023-11-19 00:36:01','2023-11-19 00:36:01'),(54,'image','[\"flash-sales\\/1.png\"]',1,'Botble\\Ecommerce\\Models\\FlashSale','2023-11-19 00:36:06','2023-11-19 00:36:06'),(55,'image','[\"flash-sales\\/2.png\"]',2,'Botble\\Ecommerce\\Models\\FlashSale','2023-11-19 00:36:06','2023-11-19 00:36:06'),(56,'image','[\"flash-sales\\/3.png\"]',3,'Botble\\Ecommerce\\Models\\FlashSale','2023-11-19 00:36:06','2023-11-19 00:36:06'),(57,'image','[\"flash-sales\\/4.png\"]',4,'Botble\\Ecommerce\\Models\\FlashSale','2023-11-19 00:36:06','2023-11-19 00:36:06'),(58,'image','[\"flash-sales\\/5.png\"]',5,'Botble\\Ecommerce\\Models\\FlashSale','2023-11-19 00:36:06','2023-11-19 00:36:06'),(59,'simple_slider_style','[\"style-4\"]',1,'Botble\\SimpleSlider\\Models\\SimpleSlider','2023-11-19 00:36:08','2023-11-19 00:36:08'),(60,'simple_slider_style','[\"style-2\"]',2,'Botble\\SimpleSlider\\Models\\SimpleSlider','2023-11-19 00:36:08','2023-11-19 00:36:08'),(61,'simple_slider_style','[\"style-3\"]',3,'Botble\\SimpleSlider\\Models\\SimpleSlider','2023-11-19 00:36:08','2023-11-19 00:36:08'),(62,'simple_slider_style','[\"style-1\"]',4,'Botble\\SimpleSlider\\Models\\SimpleSlider','2023-11-19 00:36:08','2023-11-19 00:36:08'),(63,'simple_slider_style','[\"style-5\"]',5,'Botble\\SimpleSlider\\Models\\SimpleSlider','2023-11-19 00:36:08','2023-11-19 00:36:08'),(64,'simple_slider_style','[\"style-6\"]',6,'Botble\\SimpleSlider\\Models\\SimpleSlider','2023-11-19 00:36:08','2023-11-19 00:36:08'),(65,'simple_slider_style','[\"style-1\"]',7,'Botble\\SimpleSlider\\Models\\SimpleSlider','2023-11-19 00:36:08','2023-11-19 00:36:08'),(66,'header_style','[\"header-style-5\"]',16,'Botble\\Page\\Models\\Page','2023-11-19 00:36:09','2023-11-19 00:36:09'),(67,'header_style','[\"header-style-5\"]',17,'Botble\\Page\\Models\\Page','2023-11-19 00:36:09','2023-11-19 00:36:09'),(68,'button_text','[\"Shop now\"]',1,'Botble\\Ads\\Models\\Ads','2023-11-19 00:36:11','2023-11-19 00:36:11'),(69,'subtitle','[\"Everyday Fresh & \\nClean with Our \\nProducts\"]',1,'Botble\\Ads\\Models\\Ads','2023-11-19 00:36:11','2023-11-19 00:36:11'),(70,'button_text','[\"Shop now\"]',2,'Botble\\Ads\\Models\\Ads','2023-11-19 00:36:11','2023-11-19 00:36:11'),(71,'subtitle','[\"Make your Breakfast Healthy and Easy\"]',2,'Botble\\Ads\\Models\\Ads','2023-11-19 00:36:11','2023-11-19 00:36:11'),(72,'button_text','[\"Shop now\"]',3,'Botble\\Ads\\Models\\Ads','2023-11-19 00:36:11','2023-11-19 00:36:11'),(73,'subtitle','[\"The best Organic Products Online\"]',3,'Botble\\Ads\\Models\\Ads','2023-11-19 00:36:11','2023-11-19 00:36:11'),(74,'button_text','[\"Shop now\"]',4,'Botble\\Ads\\Models\\Ads','2023-11-19 00:36:11','2023-11-19 00:36:11'),(75,'subtitle','[\"Bring nature into your home\"]',4,'Botble\\Ads\\Models\\Ads','2023-11-19 00:36:11','2023-11-19 00:36:11'),(76,'button_text','[\"Shop now\"]',5,'Botble\\Ads\\Models\\Ads','2023-11-19 00:36:11','2023-11-19 00:36:11'),(77,'subtitle','[\"Delivered to your home\"]',5,'Botble\\Ads\\Models\\Ads','2023-11-19 00:36:11','2023-11-19 00:36:11'),(78,'button_text','[\"Shop now\"]',6,'Botble\\Ads\\Models\\Ads','2023-11-19 00:36:11','2023-11-19 00:36:11'),(79,'subtitle','[\"Save 17% <br \\/>on Oganic <br \\/>Juice\"]',6,'Botble\\Ads\\Models\\Ads','2023-11-19 00:36:11','2023-11-19 00:36:11'),(80,'button_text','[\"Shop now\"]',7,'Botble\\Ads\\Models\\Ads','2023-11-19 00:36:11','2023-11-19 00:36:11'),(81,'subtitle','[\"Everyday Fresh & Clean with Our Products\"]',7,'Botble\\Ads\\Models\\Ads','2023-11-19 00:36:11','2023-11-19 00:36:11'),(82,'button_text','[\"Shop now\"]',8,'Botble\\Ads\\Models\\Ads','2023-11-19 00:36:11','2023-11-19 00:36:11'),(83,'subtitle','[\"The best Organic Products Online\"]',8,'Botble\\Ads\\Models\\Ads','2023-11-19 00:36:11','2023-11-19 00:36:11'),(84,'button_text','[\"Go to supplier\"]',9,'Botble\\Ads\\Models\\Ads','2023-11-19 00:36:11','2023-11-19 00:36:11'),(85,'subtitle','[\"Everyday Fresh with\\n Our Products\"]',9,'Botble\\Ads\\Models\\Ads','2023-11-19 00:36:11','2023-11-19 00:36:11'),(86,'button_text','[\"Go to supplier\"]',10,'Botble\\Ads\\Models\\Ads','2023-11-19 00:36:11','2023-11-19 00:36:11'),(87,'subtitle','[\"100% guaranteed all\\n Fresh items\"]',10,'Botble\\Ads\\Models\\Ads','2023-11-19 00:36:11','2023-11-19 00:36:11'),(88,'button_text','[\"Go to supplier\"]',11,'Botble\\Ads\\Models\\Ads','2023-11-19 00:36:11','2023-11-19 00:36:11'),(89,'subtitle','[\"Special grocery sale\\n off this month\"]',11,'Botble\\Ads\\Models\\Ads','2023-11-19 00:36:11','2023-11-19 00:36:11'),(90,'button_text','[\"Go to supplier\"]',12,'Botble\\Ads\\Models\\Ads','2023-11-19 00:36:11','2023-11-19 00:36:11'),(91,'subtitle','[\"Enjoy 15% OFF for all\\n vegetable and fruit\"]',12,'Botble\\Ads\\Models\\Ads','2023-11-19 00:36:11','2023-11-19 00:36:11'),(92,'social_links','[{\"facebook\":\"botble\",\"twitter\":\"botble\"}]',1,'Botble\\Marketplace\\Models\\Store','2023-11-19 00:36:15','2023-11-19 00:36:15'),(93,'social_links','[{\"facebook\":\"botble\",\"twitter\":\"botble\"}]',2,'Botble\\Marketplace\\Models\\Store','2023-11-19 00:36:15','2023-11-19 00:36:15'),(94,'social_links','[{\"facebook\":\"botble\",\"twitter\":\"botble\"}]',3,'Botble\\Marketplace\\Models\\Store','2023-11-19 00:36:15','2023-11-19 00:36:15');
/*!40000 ALTER TABLE `meta_boxes` ENABLE KEYS */;
UNLOCK TABLES;

--
-- Table structure for table `migrations`
--

DROP TABLE IF EXISTS `migrations`;
/*!40101 SET @saved_cs_client     = @@character_set_client */;
/*!50503 SET character_set_client = utf8mb4 */;
CREATE TABLE `migrations` (
  `id` int unsigned NOT NULL AUTO_INCREMENT,
  `migration` varchar(191) COLLATE utf8mb4_unicode_ci NOT NULL,
  `batch` int NOT NULL,
  PRIMARY KEY (`id`)
) ENGINE=InnoDB AUTO_INCREMENT=153 DEFAULT CHARSET=utf8mb4 COLLATE=utf8mb4_unicode_ci;
/*!40101 SET character_set_client = @saved_cs_client */;

--
-- Dumping data for table `migrations`
--

LOCK TABLES `migrations` WRITE;
/*!40000 ALTER TABLE `migrations` DISABLE KEYS */;
INSERT INTO `migrations` VALUES (1,'2013_04_09_032329_create_base_tables',1),(2,'2013_04_09_062329_create_revisions_table',1),(3,'2014_10_12_000000_create_users_table',1),(4,'2014_10_12_100000_create_password_reset_tokens_table',1),(5,'2016_06_10_230148_create_acl_tables',1),(6,'2016_06_14_230857_create_menus_table',1),(7,'2016_06_28_221418_create_pages_table',1),(8,'2016_10_05_074239_create_setting_table',1),(9,'2016_11_28_032840_create_dashboard_widget_tables',1),(10,'2016_12_16_084601_create_widgets_table',1),(11,'2017_05_09_070343_create_media_tables',1),(12,'2017_11_03_070450_create_slug_table',1),(13,'2019_01_05_053554_create_jobs_table',1),(14,'2019_08_19_000000_create_failed_jobs_table',1),(15,'2019_12_14_000001_create_personal_access_tokens_table',1),(16,'2022_04_20_100851_add_index_to_media_table',1),(17,'2022_04_20_101046_add_index_to_menu_table',1),(18,'2022_07_10_034813_move_lang_folder_to_root',1),(19,'2022_08_04_051940_add_missing_column_expires_at',1),(20,'2022_09_01_000001_create_admin_notifications_tables',1),(21,'2022_10_14_024629_drop_column_is_featured',1),(22,'2022_11_18_063357_add_missing_timestamp_in_table_settings',1),(23,'2022_12_02_093615_update_slug_index_columns',1),(24,'2023_01_30_024431_add_alt_to_media_table',1),(25,'2023_02_16_042611_drop_table_password_resets',1),(26,'2023_04_23_005903_add_column_permissions_to_admin_notifications',1),(27,'2023_05_10_075124_drop_column_id_in_role_users_table',1),(28,'2023_08_21_090810_make_page_content_nullable',1),(29,'2023_09_14_021936_update_index_for_slugs_table',1),(30,'2020_11_18_150916_ads_create_ads_table',2),(31,'2021_12_02_035301_add_ads_translations_table',2),(32,'2023_04_17_062645_add_open_in_new_tab',2),(33,'2023_11_07_023805_add_tablet_mobile_image',2),(34,'2015_06_29_025744_create_audit_history',3),(35,'2023_11_14_033417_change_request_column_in_table_audit_histories',3),(36,'2015_06_18_033822_create_blog_table',4),(37,'2021_02_16_092633_remove_default_value_for_author_type',4),(38,'2021_12_03_030600_create_blog_translations',4),(39,'2022_04_19_113923_add_index_to_table_posts',4),(40,'2023_08_29_074620_make_column_author_id_nullable',4),(41,'2016_06_17_091537_create_contacts_table',5),(42,'2020_03_05_041139_create_ecommerce_tables',6),(43,'2021_01_01_044147_ecommerce_create_flash_sale_table',6),(44,'2021_01_17_082713_add_column_is_featured_to_product_collections_table',6),(45,'2021_01_18_024333_add_zip_code_into_table_customer_addresses',6),(46,'2021_02_18_073505_update_table_ec_reviews',6),(47,'2021_03_10_024419_add_column_confirmed_at_to_table_ec_customers',6),(48,'2021_03_10_025153_change_column_tax_amount',6),(49,'2021_03_20_033103_add_column_availability_to_table_ec_products',6),(50,'2021_04_28_074008_ecommerce_create_product_label_table',6),(51,'2021_05_31_173037_ecommerce_create_ec_products_translations',6),(52,'2021_08_17_105016_remove_column_currency_id_in_some_tables',6),(53,'2021_08_30_142128_add_images_column_to_ec_reviews_table',6),(54,'2021_10_04_030050_add_column_created_by_to_table_ec_products',6),(55,'2021_10_05_122616_add_status_column_to_ec_customers_table',6),(56,'2021_11_03_025806_nullable_phone_number_in_ec_customer_addresses',6),(57,'2021_11_23_071403_correct_languages_for_product_variations',6),(58,'2021_11_28_031808_add_product_tags_translations',6),(59,'2021_12_01_031123_add_featured_image_to_ec_products',6),(60,'2022_01_01_033107_update_table_ec_shipments',6),(61,'2022_02_16_042457_improve_product_attribute_sets',6),(62,'2022_03_22_075758_correct_product_name',6),(63,'2022_04_19_113334_add_index_to_ec_products',6),(64,'2022_04_28_144405_remove_unused_table',6),(65,'2022_05_05_115015_create_ec_customer_recently_viewed_products_table',6),(66,'2022_05_18_143720_add_index_to_table_ec_product_categories',6),(67,'2022_06_16_095633_add_index_to_some_tables',6),(68,'2022_06_30_035148_create_order_referrals_table',6),(69,'2022_07_24_153815_add_completed_at_to_ec_orders_table',6),(70,'2022_08_14_032836_create_ec_order_returns_table',6),(71,'2022_08_14_033554_create_ec_order_return_items_table',6),(72,'2022_08_15_040324_add_billing_address',6),(73,'2022_08_30_091114_support_digital_products_table',6),(74,'2022_09_13_095744_create_options_table',6),(75,'2022_09_13_104347_create_option_value_table',6),(76,'2022_10_05_163518_alter_table_ec_order_product',6),(77,'2022_10_12_041517_create_invoices_table',6),(78,'2022_10_12_142226_update_orders_table',6),(79,'2022_10_13_024916_update_table_order_returns',6),(80,'2022_10_21_030830_update_columns_in_ec_shipments_table',6),(81,'2022_10_28_021046_update_columns_in_ec_shipments_table',6),(82,'2022_11_16_034522_update_type_column_in_ec_shipping_rules_table',6),(83,'2022_11_19_041643_add_ec_tax_product_table',6),(84,'2022_12_12_063830_update_tax_defadult_in_ec_tax_products_table',6),(85,'2022_12_17_041532_fix_address_in_order_invoice',6),(86,'2022_12_26_070329_create_ec_product_views_table',6),(87,'2023_01_04_033051_fix_product_categories',6),(88,'2023_01_09_050400_add_ec_global_options_translations_table',6),(89,'2023_01_10_093754_add_missing_option_value_id',6),(90,'2023_01_17_082713_add_column_barcode_and_cost_per_item_to_product_table',6),(91,'2023_01_26_021854_add_ec_customer_used_coupons_table',6),(92,'2023_02_08_015900_update_options_column_in_ec_order_product_table',6),(93,'2023_02_27_095752_remove_duplicate_reviews',6),(94,'2023_03_20_115757_add_user_type_column_to_ec_shipment_histories_table',6),(95,'2023_04_21_082427_create_ec_product_categorizables_table',6),(96,'2023_05_03_011331_add_missing_column_price_into_invoice_items_table',6),(97,'2023_05_17_025812_fix_invoice_issue',6),(98,'2023_05_26_073140_move_option_make_phone_field_optional_at_checkout_page_to_mandatory_fields',6),(99,'2023_05_27_144611_fix_exchange_rate_setting',6),(100,'2023_06_22_084331_add_generate_license_code_to_ec_products_table',6),(101,'2023_06_30_042512_create_ec_order_tax_information_table',6),(102,'2023_07_14_022724_remove_column_id_from_ec_product_collection_products',6),(103,'2023_08_09_012940_remove_column_status_in_ec_product_attributes',6),(104,'2023_08_15_064505_create_ec_tax_rules_table',6),(105,'2023_08_21_021819_make_column_address_in_ec_customer_addresses_nullable',6),(106,'2023_08_22_094114_drop_unique_for_barcode',6),(107,'2023_08_30_031811_add_apply_via_url_column_to_ec_discounts_table',6),(108,'2023_09_07_094312_add_index_to_product_sku_and_translations',6),(109,'2023_09_19_024955_create_discount_product_categories_table',6),(110,'2023_10_17_070728_add_icon_and_icon_image_to_product_categories_table',6),(111,'2018_07_09_221238_create_faq_table',7),(112,'2021_12_03_082134_create_faq_translations',7),(113,'2023_11_17_063408_add_description_column_to_faq_categories_table',7),(114,'2016_10_03_032336_create_languages_table',8),(115,'2023_09_14_022423_add_index_for_language_table',8),(116,'2021_10_25_021023_fix-priority-load-for-language-advanced',9),(117,'2021_12_03_075608_create_page_translations',9),(118,'2023_07_06_011444_create_slug_translations_table',9),(119,'2019_11_18_061011_create_country_table',10),(120,'2021_12_03_084118_create_location_translations',10),(121,'2021_12_03_094518_migrate_old_location_data',10),(122,'2021_12_10_034440_switch_plugin_location_to_use_language_advanced',10),(123,'2022_01_16_085908_improve_plugin_location',10),(124,'2022_08_04_052122_delete_location_backup_tables',10),(125,'2023_04_23_061847_increase_state_translations_abbreviation_column',10),(126,'2023_07_26_041451_add_more_columns_to_location_table',10),(127,'2023_07_27_041451_add_more_columns_to_location_translation_table',10),(128,'2023_08_15_073307_drop_unique_in_states_cities_translations',10),(129,'2023_10_21_065016_make_state_id_in_table_cities_nullable',10),(130,'2021_07_06_030002_create_marketplace_table',11),(131,'2021_09_04_150137_add_vendor_verified_at_to_ec_customers_table',11),(132,'2021_10_04_033903_add_column_approved_by_into_table_ec_products',11),(133,'2021_10_06_124943_add_transaction_id_column_to_mp_customer_withdrawals_table',11),(134,'2021_10_10_054216_add_columns_to_mp_customer_revenues_table',11),(135,'2021_12_06_031304_update_table_mp_customer_revenues',11),(136,'2022_10_19_152916_add_columns_to_mp_stores_table',11),(137,'2022_10_20_062849_create_mp_category_sale_commissions_table',11),(138,'2022_11_02_071413_add_more_info_for_store',11),(139,'2022_11_02_080444_add_tax_info',11),(140,'2023_02_01_062030_add_store_translations',11),(141,'2023_02_13_032133_update_fee_column_mp_customer_revenues_table',11),(142,'2023_02_17_023648_fix_store_prefix',11),(143,'2017_10_24_154832_create_newsletter_table',12),(144,'2017_05_18_080441_create_payment_tables',13),(145,'2021_03_27_144913_add_customer_type_into_table_payments',13),(146,'2021_05_24_034720_make_column_currency_nullable',13),(147,'2021_08_09_161302_add_metadata_column_to_payments_table',13),(148,'2021_10_19_020859_update_metadata_field',13),(149,'2022_06_28_151901_activate_paypal_stripe_plugin',13),(150,'2022_07_07_153354_update_charge_id_in_table_payments',13),(151,'2017_07_11_140018_create_simple_slider_table',14),(152,'2016_10_07_193005_create_translations_table',15);
/*!40000 ALTER TABLE `migrations` ENABLE KEYS */;
UNLOCK TABLES;

--
-- Table structure for table `mp_category_sale_commissions`
--

DROP TABLE IF EXISTS `mp_category_sale_commissions`;
/*!40101 SET @saved_cs_client     = @@character_set_client */;
/*!50503 SET character_set_client = utf8mb4 */;
CREATE TABLE `mp_category_sale_commissions` (
  `id` bigint unsigned NOT NULL AUTO_INCREMENT,
  `product_category_id` bigint unsigned NOT NULL,
  `commission_percentage` decimal(8,2) NOT NULL DEFAULT '0.00',
  PRIMARY KEY (`id`),
  UNIQUE KEY `mp_category_sale_commissions_product_category_id_unique` (`product_category_id`)
) ENGINE=InnoDB DEFAULT CHARSET=utf8mb4 COLLATE=utf8mb4_unicode_ci;
/*!40101 SET character_set_client = @saved_cs_client */;

--
-- Dumping data for table `mp_category_sale_commissions`
--

LOCK TABLES `mp_category_sale_commissions` WRITE;
/*!40000 ALTER TABLE `mp_category_sale_commissions` DISABLE KEYS */;
/*!40000 ALTER TABLE `mp_category_sale_commissions` ENABLE KEYS */;
UNLOCK TABLES;

--
-- Table structure for table `mp_customer_revenues`
--

DROP TABLE IF EXISTS `mp_customer_revenues`;
/*!40101 SET @saved_cs_client     = @@character_set_client */;
/*!50503 SET character_set_client = utf8mb4 */;
CREATE TABLE `mp_customer_revenues` (
  `id` bigint unsigned NOT NULL AUTO_INCREMENT,
  `customer_id` bigint unsigned DEFAULT NULL,
  `order_id` bigint unsigned DEFAULT NULL,
  `sub_amount` decimal(15,2) DEFAULT '0.00',
  `fee` decimal(15,2) DEFAULT '0.00',
  `amount` decimal(15,2) DEFAULT '0.00',
  `current_balance` decimal(15,2) DEFAULT '0.00',
  `currency` varchar(120) COLLATE utf8mb4_unicode_ci DEFAULT NULL,
  `description` text COLLATE utf8mb4_unicode_ci,
  `created_at` timestamp NULL DEFAULT NULL,
  `updated_at` timestamp NULL DEFAULT NULL,
  `user_id` bigint unsigned NOT NULL DEFAULT '0',
  `type` varchar(60) COLLATE utf8mb4_unicode_ci DEFAULT NULL,
  PRIMARY KEY (`id`)
) ENGINE=InnoDB AUTO_INCREMENT=10 DEFAULT CHARSET=utf8mb4 COLLATE=utf8mb4_unicode_ci;
/*!40101 SET character_set_client = @saved_cs_client */;

--
-- Dumping data for table `mp_customer_revenues`
--

LOCK TABLES `mp_customer_revenues` WRITE;
/*!40000 ALTER TABLE `mp_customer_revenues` DISABLE KEYS */;
INSERT INTO `mp_customer_revenues` VALUES (1,6,4,229.00,0.00,229.00,0.00,'USD',NULL,'2023-11-18 04:36:18','2023-11-18 04:36:18',0,'add-amount'),(2,6,9,458.00,0.00,458.00,229.00,'USD',NULL,'2023-11-14 20:36:18','2023-11-14 20:36:18',0,'add-amount'),(3,5,23,244.00,0.00,244.00,0.00,'USD',NULL,'2023-10-30 00:36:19','2023-10-30 00:36:19',0,'add-amount'),(4,2,24,492.00,0.00,492.00,0.00,'USD',NULL,'2023-11-12 18:36:19','2023-11-12 18:36:19',0,'add-amount'),(5,6,25,345.00,0.00,345.00,687.00,'USD',NULL,'2023-10-28 08:36:20','2023-10-28 08:36:20',0,'add-amount'),(6,5,26,252.00,0.00,252.00,244.00,'USD',NULL,'2023-11-07 18:36:20','2023-11-07 18:36:20',0,'add-amount'),(7,5,29,795.00,0.00,795.00,496.00,'USD',NULL,'2023-11-09 00:36:21','2023-11-09 00:36:21',0,'add-amount'),(8,2,34,720.00,0.00,720.00,492.00,'USD',NULL,'2023-10-20 20:36:21','2023-10-20 20:36:21',0,'add-amount'),(9,2,38,242.00,0.00,242.00,1212.00,'USD',NULL,'2023-11-15 18:36:22','2023-11-15 18:36:22',0,'add-amount');
/*!40000 ALTER TABLE `mp_customer_revenues` ENABLE KEYS */;
UNLOCK TABLES;

--
-- Table structure for table `mp_customer_withdrawals`
--

DROP TABLE IF EXISTS `mp_customer_withdrawals`;
/*!40101 SET @saved_cs_client     = @@character_set_client */;
/*!50503 SET character_set_client = utf8mb4 */;
CREATE TABLE `mp_customer_withdrawals` (
  `id` bigint unsigned NOT NULL AUTO_INCREMENT,
  `customer_id` bigint unsigned DEFAULT NULL,
  `fee` decimal(15,2) unsigned DEFAULT '0.00',
  `amount` decimal(15,2) unsigned DEFAULT '0.00',
  `current_balance` decimal(15,2) unsigned DEFAULT '0.00',
  `currency` varchar(120) COLLATE utf8mb4_unicode_ci DEFAULT NULL,
  `description` text COLLATE utf8mb4_unicode_ci,
  `bank_info` text COLLATE utf8mb4_unicode_ci,
  `payment_channel` varchar(60) COLLATE utf8mb4_unicode_ci DEFAULT NULL,
  `user_id` bigint unsigned NOT NULL DEFAULT '0',
  `status` varchar(60) COLLATE utf8mb4_unicode_ci NOT NULL DEFAULT 'pending',
  `images` text COLLATE utf8mb4_unicode_ci,
  `created_at` timestamp NULL DEFAULT NULL,
  `updated_at` timestamp NULL DEFAULT NULL,
  `transaction_id` varchar(60) COLLATE utf8mb4_unicode_ci DEFAULT NULL,
  PRIMARY KEY (`id`)
) ENGINE=InnoDB AUTO_INCREMENT=8 DEFAULT CHARSET=utf8mb4 COLLATE=utf8mb4_unicode_ci;
/*!40101 SET character_set_client = @saved_cs_client */;

--
-- Dumping data for table `mp_customer_withdrawals`
--

LOCK TABLES `mp_customer_withdrawals` WRITE;
/*!40000 ALTER TABLE `mp_customer_withdrawals` DISABLE KEYS */;
INSERT INTO `mp_customer_withdrawals` VALUES (1,2,0.00,124.00,1454.00,'USD','','{\"name\":\"Jerrold Friesen\",\"number\":\"+19419713811\",\"full_name\":\"Dr. Sylvan Witting\",\"description\":\"Mallie Skiles\"}',NULL,0,'completed',NULL,'2023-11-19 00:36:22','2023-11-19 00:36:22',NULL),(2,2,0.00,350.00,1330.00,'USD','','{\"name\":\"Jerrold Friesen\",\"number\":\"+19419713811\",\"full_name\":\"Dr. Sylvan Witting\",\"description\":\"Mallie Skiles\"}',NULL,0,'completed',NULL,'2023-11-19 00:36:23','2023-11-19 00:36:23',NULL),(3,2,0.00,126.00,980.00,'USD','','{\"name\":\"Jerrold Friesen\",\"number\":\"+19419713811\",\"full_name\":\"Dr. Sylvan Witting\",\"description\":\"Mallie Skiles\"}',NULL,0,'pending',NULL,'2023-11-19 00:36:23','2023-11-19 00:36:23',NULL),(4,5,0.00,31.00,1291.00,'USD','','{\"name\":\"Dr. Lew Koelpin II\",\"number\":\"+13398942231\",\"full_name\":\"Earnest Schoen PhD\",\"description\":\"Mia Bernhard PhD\"}',NULL,0,'processing',NULL,'2023-11-19 00:36:24','2023-11-19 00:36:24',NULL),(5,5,0.00,205.00,1260.00,'USD','','{\"name\":\"Dr. Lew Koelpin II\",\"number\":\"+13398942231\",\"full_name\":\"Earnest Schoen PhD\",\"description\":\"Mia Bernhard PhD\"}',NULL,0,'pending',NULL,'2023-11-19 00:36:24','2023-11-19 00:36:24',NULL),(6,6,0.00,114.00,1032.00,'USD','','{\"name\":\"Elmo Hand\",\"number\":\"+19295693806\",\"full_name\":\"Anjali Kuhn\",\"description\":\"Prof. Adriana Bins\"}',NULL,0,'completed',NULL,'2023-11-19 00:36:25','2023-11-19 00:36:25',NULL),(7,6,0.00,89.00,918.00,'USD','','{\"name\":\"Elmo Hand\",\"number\":\"+19295693806\",\"full_name\":\"Anjali Kuhn\",\"description\":\"Prof. Adriana Bins\"}',NULL,0,'processing',NULL,'2023-11-19 00:36:25','2023-11-19 00:36:25',NULL);
/*!40000 ALTER TABLE `mp_customer_withdrawals` ENABLE KEYS */;
UNLOCK TABLES;

--
-- Table structure for table `mp_stores`
--

DROP TABLE IF EXISTS `mp_stores`;
/*!40101 SET @saved_cs_client     = @@character_set_client */;
/*!50503 SET character_set_client = utf8mb4 */;
CREATE TABLE `mp_stores` (
  `id` bigint unsigned NOT NULL AUTO_INCREMENT,
  `name` varchar(255) COLLATE utf8mb4_unicode_ci NOT NULL,
  `email` varchar(60) COLLATE utf8mb4_unicode_ci DEFAULT NULL,
  `phone` varchar(20) COLLATE utf8mb4_unicode_ci DEFAULT NULL,
  `address` varchar(255) COLLATE utf8mb4_unicode_ci DEFAULT NULL,
  `country` varchar(120) COLLATE utf8mb4_unicode_ci DEFAULT NULL,
  `state` varchar(120) COLLATE utf8mb4_unicode_ci DEFAULT NULL,
  `city` varchar(120) COLLATE utf8mb4_unicode_ci DEFAULT NULL,
  `customer_id` bigint unsigned DEFAULT NULL,
  `logo` varchar(255) COLLATE utf8mb4_unicode_ci DEFAULT NULL,
  `description` varchar(400) COLLATE utf8mb4_unicode_ci DEFAULT NULL,
  `content` longtext COLLATE utf8mb4_unicode_ci,
  `status` varchar(60) COLLATE utf8mb4_unicode_ci NOT NULL DEFAULT 'published',
  `vendor_verified_at` datetime DEFAULT NULL,
  `created_at` timestamp NULL DEFAULT NULL,
  `updated_at` timestamp NULL DEFAULT NULL,
  `zip_code` varchar(20) COLLATE utf8mb4_unicode_ci DEFAULT NULL,
  `company` varchar(255) COLLATE utf8mb4_unicode_ci DEFAULT NULL,
  PRIMARY KEY (`id`)
) ENGINE=InnoDB AUTO_INCREMENT=4 DEFAULT CHARSET=utf8mb4 COLLATE=utf8mb4_unicode_ci;
/*!40101 SET character_set_client = @saved_cs_client */;

--
-- Dumping data for table `mp_stores`
--

LOCK TABLES `mp_stores` WRITE;
/*!40000 ALTER TABLE `mp_stores` DISABLE KEYS */;
INSERT INTO `mp_stores` VALUES (1,'GoPro','zwunsch@example.org','+15186819594','5658 Kaleb Fall','MP','Vermont','Luellastad',2,'stores/1.png','Similique repudiandae aliquid ut voluptatem eius.','Et totam dolor minima perferendis. Accusamus commodi vero corporis error totam est sit laboriosam. Alias magnam placeat quam odit optio qui.','published',NULL,'2023-11-19 00:36:15','2023-11-19 00:36:15',NULL,NULL),(2,'Global Office','annetta.doyle@example.com','+13603748402','5864 Windler Shoal Apt. 780','GP','Oregon','Kuhicview',5,'stores/2.png','Veniam expedita labore libero quia occaecati ut.','Non numquam dolore assumenda. Vero voluptas eum exercitationem ipsa itaque ea voluptatum. Aut asperiores veritatis et ab voluptates.','published',NULL,'2023-11-19 00:36:15','2023-11-19 00:36:15',NULL,NULL),(3,'Young Shop','zjacobs@example.org','+18038771508','407 Ella Village','BF','Nebraska','Kieraborough',6,'stores/3.png','Placeat excepturi exercitationem enim ut.','Quas ducimus dolor suscipit. Soluta dolorem asperiores sunt fugit recusandae eligendi facilis. Quisquam tempora sed earum accusamus sed optio.','published',NULL,'2023-11-19 00:36:15','2023-11-19 00:36:15',NULL,NULL);
/*!40000 ALTER TABLE `mp_stores` ENABLE KEYS */;
UNLOCK TABLES;

--
-- Table structure for table `mp_stores_translations`
--

DROP TABLE IF EXISTS `mp_stores_translations`;
/*!40101 SET @saved_cs_client     = @@character_set_client */;
/*!50503 SET character_set_client = utf8mb4 */;
CREATE TABLE `mp_stores_translations` (
  `lang_code` varchar(20) COLLATE utf8mb4_unicode_ci NOT NULL,
  `mp_stores_id` bigint unsigned NOT NULL,
  `name` varchar(255) COLLATE utf8mb4_unicode_ci DEFAULT NULL,
  `description` varchar(400) COLLATE utf8mb4_unicode_ci DEFAULT NULL,
  `content` longtext COLLATE utf8mb4_unicode_ci,
  `address` varchar(255) COLLATE utf8mb4_unicode_ci DEFAULT NULL,
  `company` varchar(255) COLLATE utf8mb4_unicode_ci DEFAULT NULL,
  PRIMARY KEY (`lang_code`,`mp_stores_id`)
) ENGINE=InnoDB DEFAULT CHARSET=utf8mb4 COLLATE=utf8mb4_unicode_ci;
/*!40101 SET character_set_client = @saved_cs_client */;

--
-- Dumping data for table `mp_stores_translations`
--

LOCK TABLES `mp_stores_translations` WRITE;
/*!40000 ALTER TABLE `mp_stores_translations` DISABLE KEYS */;
/*!40000 ALTER TABLE `mp_stores_translations` ENABLE KEYS */;
UNLOCK TABLES;

--
-- Table structure for table `mp_vendor_info`
--

DROP TABLE IF EXISTS `mp_vendor_info`;
/*!40101 SET @saved_cs_client     = @@character_set_client */;
/*!50503 SET character_set_client = utf8mb4 */;
CREATE TABLE `mp_vendor_info` (
  `id` bigint unsigned NOT NULL AUTO_INCREMENT,
  `customer_id` bigint unsigned NOT NULL DEFAULT '0',
  `balance` decimal(15,2) NOT NULL DEFAULT '0.00',
  `total_fee` decimal(15,2) NOT NULL DEFAULT '0.00',
  `total_revenue` decimal(15,2) NOT NULL DEFAULT '0.00',
  `signature` varchar(255) COLLATE utf8mb4_unicode_ci DEFAULT NULL,
  `bank_info` text COLLATE utf8mb4_unicode_ci,
  `created_at` timestamp NULL DEFAULT NULL,
  `updated_at` timestamp NULL DEFAULT NULL,
  `payout_payment_method` varchar(120) COLLATE utf8mb4_unicode_ci DEFAULT 'bank_transfer',
  `tax_info` text COLLATE utf8mb4_unicode_ci,
  PRIMARY KEY (`id`)
) ENGINE=InnoDB AUTO_INCREMENT=4 DEFAULT CHARSET=utf8mb4 COLLATE=utf8mb4_unicode_ci;
/*!40101 SET character_set_client = @saved_cs_client */;

--
-- Dumping data for table `mp_vendor_info`
--

LOCK TABLES `mp_vendor_info` WRITE;
/*!40000 ALTER TABLE `mp_vendor_info` DISABLE KEYS */;
INSERT INTO `mp_vendor_info` VALUES (1,2,854.00,0.00,1454.00,'$2y$12$89xHSabGECC8602W.2DgUuSViwTgyuOfwr.foZOBU0m7qLULqLTOi','{\"name\":\"Jerrold Friesen\",\"number\":\"+19419713811\",\"full_name\":\"Dr. Sylvan Witting\",\"description\":\"Mallie Skiles\"}','2023-11-19 00:36:14','2023-11-19 00:36:24','bank_transfer',NULL),(2,5,1055.00,0.00,1291.00,'$2y$12$FTIjWQRmIEV4D1mcBiqCWOx5lw5wYp1MURUokGiwCoucRFeFLaVcC','{\"name\":\"Dr. Lew Koelpin II\",\"number\":\"+13398942231\",\"full_name\":\"Earnest Schoen PhD\",\"description\":\"Mia Bernhard PhD\"}','2023-11-19 00:36:14','2023-11-19 00:36:25','bank_transfer',NULL),(3,6,829.00,0.00,1032.00,'$2y$12$I7xbhOqR0yAl2FLnm2iJ2eN8H0EW2rx2xAPeMZ5.1wRaROx4IzpV.','{\"name\":\"Elmo Hand\",\"number\":\"+19295693806\",\"full_name\":\"Anjali Kuhn\",\"description\":\"Prof. Adriana Bins\"}','2023-11-19 00:36:15','2023-11-19 00:36:26','bank_transfer',NULL);
/*!40000 ALTER TABLE `mp_vendor_info` ENABLE KEYS */;
UNLOCK TABLES;

--
-- Table structure for table `newsletters`
--

DROP TABLE IF EXISTS `newsletters`;
/*!40101 SET @saved_cs_client     = @@character_set_client */;
/*!50503 SET character_set_client = utf8mb4 */;
CREATE TABLE `newsletters` (
  `id` bigint unsigned NOT NULL AUTO_INCREMENT,
  `email` varchar(120) COLLATE utf8mb4_unicode_ci NOT NULL,
  `name` varchar(120) COLLATE utf8mb4_unicode_ci DEFAULT NULL,
  `status` varchar(60) COLLATE utf8mb4_unicode_ci NOT NULL DEFAULT 'subscribed',
  `created_at` timestamp NULL DEFAULT NULL,
  `updated_at` timestamp NULL DEFAULT NULL,
  PRIMARY KEY (`id`)
) ENGINE=InnoDB DEFAULT CHARSET=utf8mb4 COLLATE=utf8mb4_unicode_ci;
/*!40101 SET character_set_client = @saved_cs_client */;

--
-- Dumping data for table `newsletters`
--

LOCK TABLES `newsletters` WRITE;
/*!40000 ALTER TABLE `newsletters` DISABLE KEYS */;
/*!40000 ALTER TABLE `newsletters` ENABLE KEYS */;
UNLOCK TABLES;

--
-- Table structure for table `pages`
--

DROP TABLE IF EXISTS `pages`;
/*!40101 SET @saved_cs_client     = @@character_set_client */;
/*!50503 SET character_set_client = utf8mb4 */;
CREATE TABLE `pages` (
  `id` bigint unsigned NOT NULL AUTO_INCREMENT,
  `name` varchar(120) COLLATE utf8mb4_unicode_ci NOT NULL,
  `content` longtext COLLATE utf8mb4_unicode_ci,
  `user_id` bigint unsigned DEFAULT NULL,
  `image` varchar(255) COLLATE utf8mb4_unicode_ci DEFAULT NULL,
  `template` varchar(60) COLLATE utf8mb4_unicode_ci DEFAULT NULL,
  `description` varchar(400) COLLATE utf8mb4_unicode_ci DEFAULT NULL,
  `status` varchar(60) COLLATE utf8mb4_unicode_ci NOT NULL DEFAULT 'published',
  `created_at` timestamp NULL DEFAULT NULL,
  `updated_at` timestamp NULL DEFAULT NULL,
  PRIMARY KEY (`id`),
  KEY `pages_user_id_index` (`user_id`)
) ENGINE=InnoDB AUTO_INCREMENT=19 DEFAULT CHARSET=utf8mb4 COLLATE=utf8mb4_unicode_ci;
/*!40101 SET character_set_client = @saved_cs_client */;

--
-- Dumping data for table `pages`
--

LOCK TABLES `pages` WRITE;
/*!40000 ALTER TABLE `pages` DISABLE KEYS */;
INSERT INTO `pages` VALUES (1,'Homepage','<div>[simple-slider key=\"home-slider-1\" show_newsletter_form=\"yes\"][/simple-slider]</div><div>[featured-product-categories title=\"Top Categories\"][/featured-product-categories]</div><div>[theme-ads ads_1=\"IZ6WU8KUALYD\" ads_2=\"ILSFJVYFGCPZ\" ads_3=\"ILSDKVYFGXPH\"][/theme-ads]</div><div>[popular-products title=\"Popular Products\" per_row=\"4\" limit=\"8\"][/popular-products]</div><div>[best-flash-sale title=\"Daily Best Sells\" flash_sale_id=\"5\" ads=\"IZ6WU8KUALYG\"][/best-flash-sale]</div><div>[flash-sale flash_sale_1=\"1\" flash_sale_2=\"2\" flash_sale_3=\"3\" flash_sale_4=\"4\" title=\"Deals Of The Day\" flash_sale_popup_id=\"1\"][/flash-sale]</div><div>[top-products-group tabs=\"top-selling,trending-products,recent-added,top-rated\" top_selling_in_days=\"365\"][/top-products-group]</div>',1,NULL,'homepage',NULL,'published','2023-11-19 00:36:09','2023-11-19 00:36:09'),(2,'Homepage 2','<div>[simple-slider key=\"home-slider-2\" ads_1=\"IZ6WU8KUALYH\" show_newsletter_form=\"yes\" cover_image=\"sliders/banner-1.png\"][/simple-slider]</div><div>[theme-ads ads_1=\"IZ6WU8KUALYD\" ads_2=\"ILSFJVYFGCPZ\" ads_3=\"ILSDKVYFGXPH\"][/theme-ads]</div><div>[popular-products title=\"Popular Products\" per_row=\"4\" limit=\"8\"][/popular-products]</div><div>[best-flash-sale title=\"Daily Best Sells\" flash_sale_id=\"5\" ads=\"IZ6WU8KUALYG\"][/best-flash-sale]</div><div>[flash-sale flash_sale_1=\"1\" flash_sale_2=\"2\" flash_sale_3=\"3\" flash_sale_4=\"4\" title=\"Deals Of The Day\" flash_sale_popup_id=\"1\"][/flash-sale]</div><div>[top-products-group tabs=\"top-selling,trending-products,recent-added,top-rated\" top_selling_in_days=\"365\"][/top-products-group]</div><div>[product-categories title=\"Shop by Categories\"][/product-categories]</div>',1,NULL,'homepage',NULL,'published','2023-11-19 00:36:09','2023-11-19 00:36:09'),(3,'Homepage 3','<div>[simple-slider key=\"home-slider-1\" show_newsletter_form=\"yes\"][/simple-slider]</div><div>[popular-products title=\"Popular Products\" per_row=\"4\" limit=\"8\"][/popular-products]</div><div>[flash-sale flash_sale_1=\"1\" flash_sale_2=\"2\" flash_sale_3=\"3\" flash_sale_4=\"4\" title=\"Deals Of The Day\" flash_sale_popup_id=\"1\"][/flash-sale]</div><div>[theme-ads ads_1=\"IZ6WU8KUALYD\" ads_2=\"ILSFJVYFGCPZ\" ads_3=\"ILSDKVYFGXPH\"][/theme-ads]</div><div>[product-categories title=\"Shop by Categories\"][/product-categories]</div><div>[top-products-group tabs=\"top-selling,trending-products,recent-added,top-rated\" top_selling_in_days=\"365\"][/top-products-group]</div>',1,NULL,'homepage',NULL,'published','2023-11-19 00:36:09','2023-11-19 00:36:09'),(4,'Homepage 4','<div>[simple-slider key=\"home-slider-4\" show_newsletter_form=\"yes\"][/simple-slider]</div><div>[popular-products title=\"Popular Products\" per_row=\"4\" limit=\"8\"][/popular-products]</div><div>[flash-sale flash_sale_1=\"1\" flash_sale_2=\"2\" flash_sale_3=\"3\" flash_sale_4=\"4\" title=\"Deals Of The Day\" flash_sale_popup_id=\"1\"][/flash-sale]</div><div>[theme-ads ads_1=\"IZ6WU8KUALYD\" ads_2=\"ILSFJVYFGCPZ\" ads_3=\"ILSDKVYFGXPH\"][/theme-ads]</div><div>[product-categories title=\"Shop by Categories\"][/product-categories]</div><div>[top-products-group tabs=\"top-selling,trending-products,recent-added,top-rated\" top_selling_in_days=\"365\"][/top-products-group]</div>',1,NULL,'homepage',NULL,'published','2023-11-19 00:36:09','2023-11-19 00:36:09'),(5,'Blog','<p>---</p>',1,NULL,'blog-grid',NULL,'published','2023-11-19 00:36:09','2023-11-19 00:36:09'),(6,'Contact','<p>[google-map]502 New Street, Brighton VIC, Australia[/google-map]</p><p>[our-offices][/our-offices]</p><p>[contact-form][/contact-form]</p>',1,NULL,'default',NULL,'published','2023-11-19 00:36:09','2023-11-19 00:36:09'),(7,'About us','<p>However, this bottle was a dispute going on within--a constant howling and sneezing, and every now and then; such as, \'Sure, I don\'t take this child away with me,\' thought Alice, \'it\'ll never do to ask: perhaps I shall only look up in great disgust, and walked off; the Dormouse went on, looking anxiously about her. \'Oh, do let me hear the rattle of the trial.\' \'Stupid things!\' Alice began telling them her adventures from the Queen said severely \'Who is it I can\'t understand it myself to begin.</p><p>Alice again. \'No, I didn\'t,\' said Alice: \'I don\'t even know what \"it\" means.\' \'I know SOMETHING interesting is sure to happen,\' she said to herself; \'the March Hare and his buttons, and turns out his toes.\' [later editions continued as follows The Panther took pie-crust, and gravy, and meat, While the Duchess asked, with another hedgehog, which seemed to Alice a good character, But said I didn\'t!\' interrupted Alice. \'You did,\' said the White Rabbit put on your shoes and stockings for you now.</p><p>Cat: \'we\'re all mad here. I\'m mad. You\'re mad.\' \'How do you know why it\'s called a whiting?\' \'I never went to school every day--\' \'I\'VE been to a day-school, too,\' said Alice; \'I might as well wait, as she could, \'If you didn\'t sign it,\' said the sage, as he spoke, and then she noticed a curious dream!\' said Alice, \'how am I to do?\' said Alice. \'Well, then,\' the Gryphon remarked: \'because they lessen from day to day.\' This was such a new idea to Alice, she went on, \'you see, a dog growls when.</p><p>As she said this, she came upon a little queer, won\'t you?\' \'Not a bit,\' said the Mock Turtle is.\' \'It\'s the stupidest tea-party I ever was at the window, I only knew how to get through was more than Alice could speak again. In a little timidly, for she was up to the company generally, \'You are old,\' said the cook. \'Treacle,\' said a timid and tremulous sound.] \'That\'s different from what I used to say.\' \'So he did, so he with his head!\"\' \'How dreadfully savage!\' exclaimed Alice. \'That\'s very.</p>',1,NULL,'right-sidebar',NULL,'published','2023-11-19 00:36:09','2023-11-19 00:36:09'),(8,'Cookie Policy','<h3>EU Cookie Consent</h3><p>To use this website we are using Cookies and collecting some data. To be compliant with the EU GDPR we give you to choose if you allow us to use certain Cookies and to collect some Data.</p><h4>Essential Data</h4><p>The Essential Data is needed to run the Site you are visiting technically. You can not deactivate them.</p><p>- Session Cookie: PHP uses a Cookie to identify user sessions. Without this Cookie the Website is not working.</p><p>- XSRF-Token Cookie: Laravel automatically generates a CSRF \"token\" for each active user session managed by the application. This token is used to verify that the authenticated user is the one actually making the requests to the application.</p>',1,NULL,'default',NULL,'published','2023-11-19 00:36:09','2023-11-19 00:36:09'),(9,'Terms &amp; Conditions','<p>Alice, as she picked her way out. \'I shall sit here,\' he said, \'on and off, for days and days.\' \'But what am I then? Tell me that first, and then, \'we went to him,\' the Mock Turtle, and said anxiously to herself, and shouted out, \'You\'d better not do that again!\' which produced another dead silence. Alice noticed with some severity; \'it\'s very rude.\' The Hatter was the Rabbit say to itself \'The Duchess! The Duchess! Oh my dear paws! Oh my fur and whiskers! She\'ll get me executed, as sure as.</p><p>CAN all that stuff,\' the Mock Turtle replied, counting off the mushroom, and raised herself to about two feet high: even then she noticed that the reason they\'re called lessons,\' the Gryphon whispered in a tone of the jurors were writing down \'stupid things!\' on their slates, \'SHE doesn\'t believe there\'s an atom of meaning in it.\' The jury all wrote down all three dates on their slates, and then dipped suddenly down, so suddenly that Alice quite hungry to look at the White Rabbit read out, at.</p><p>I must, I must,\' the King replied. Here the other was sitting next to no toys to play croquet.\' The Frog-Footman repeated, in the wood,\' continued the King. \'Nothing whatever,\' said Alice. \'Come on, then,\' said the Mock Turtle said with a shiver. \'I beg pardon, your Majesty,\' said Alice indignantly. \'Let me alone!\' \'Serpent, I say again!\' repeated the Pigeon, raising its voice to a day-school, too,\' said Alice; \'all I know I have ordered\'; and she felt very lonely and low-spirited. In a little.</p><p>Alice thought), and it set to work throwing everything within her reach at the Mouse\'s tail; \'but why do you call it purring, not growling,\' said Alice. The King laid his hand upon her face. \'Very,\' said Alice: \'she\'s so extremely--\' Just then she walked down the little door about fifteen inches high: she tried the little golden key in the lap of her going, though she looked down, was an uncomfortably sharp chin. However, she got up, and began to cry again. \'You ought to be otherwise than what.</p>',1,NULL,'default',NULL,'published','2023-11-19 00:36:09','2023-11-19 00:36:09'),(10,'Returns &amp; Exchanges','<p>White Rabbit read:-- \'They told me you had been running half an hour or so there were three gardeners who were giving it something out of the song, she kept on good terms with him, he\'d do almost anything you liked with the Queen,\' and she felt a little girl,\' said Alice, in a tone of great dismay, and began whistling. \'Oh, there\'s no harm in trying.\' So she began very cautiously: \'But I don\'t know of any use, now,\' thought poor Alice, who felt ready to play croquet.\' Then they both cried.</p><p>Alice very meekly: \'I\'m growing.\' \'You\'ve no right to grow larger again, and said, \'So you think you\'re changed, do you?\' \'I\'m afraid I don\'t think,\' Alice went timidly up to them she heard it muttering to himself as he fumbled over the edge of her favourite word \'moral,\' and the other was sitting on a little bit of stick, and held out its arms and legs in all directions, tumbling up against each other; however, they got their tails in their proper places--ALL,\' he repeated with great.</p><p>Let me see: I\'ll give them a new idea to Alice, and she tried to fancy what the next thing was waving its tail about in the lock, and to her great delight it fitted! Alice opened the door of the court was a dead silence instantly, and Alice was so full of soup. \'There\'s certainly too much frightened to say it over) \'--yes, that\'s about the crumbs,\' said the one who got any advantage from the Gryphon, and the Queen was close behind her, listening: so she went on in a day is very confusing.\' \'It.</p><p>THE VOICE OF THE SLUGGARD,\"\' said the King, the Queen, in a moment to think about stopping herself before she made out that it would be like, \'--for they haven\'t got much evidence YET,\' she said to one of the busy farm-yard--while the lowing of the bill, \"French, music, AND WASHING--extra.\"\' \'You couldn\'t have done that, you know,\' the Mock Turtle. Alice was thoroughly puzzled. \'Does the boots and shoes!\' she repeated in a sort of idea that they could not help thinking there MUST be more to.</p>',1,NULL,'default',NULL,'published','2023-11-19 00:36:09','2023-11-19 00:36:09'),(11,'Shipping &amp; Delivery','<p>She felt that she had known them all her life. Indeed, she had to double themselves up and to stand on your head-- Do you think I must have prizes.\' \'But who is to do that,\' said Alice. \'I mean what I say,\' the Mock Turtle. So she went on so long that they could not answer without a porpoise.\' \'Wouldn\'t it really?\' said Alice aloud, addressing nobody in particular. \'She\'d soon fetch it back!\' \'And who is Dinah, if I shall be punished for it was the first to speak. \'What size do you know why.</p><p>Hatter instead!\' CHAPTER VII. A Mad Tea-Party There was not an encouraging tone. Alice looked all round her, about four inches deep and reaching half down the hall. After a minute or two, it was only the pepper that had slipped in like herself. \'Would it be of any good reason, and as it was talking in his turn; and both creatures hid their faces in their proper places--ALL,\' he repeated with great curiosity. \'It\'s a Cheshire cat,\' said the King hastily said, and went on eagerly: \'There is such.</p><p>Alice felt a very decided tone: \'tell her something about the temper of your nose-- What made you so awfully clever?\' \'I have answered three questions, and that if you were down here with me! There are no mice in the lap of her sister, as well be at school at once.\' And in she went. Once more she found herself in Wonderland, though she felt that this could not stand, and she was now about two feet high, and her face like the look of the thing Mock Turtle persisted. \'How COULD he turn them out.</p><p>Hatter dropped his teacup instead of onions.\' Seven flung down his cheeks, he went on growing, and, as she swam about, trying to explain it as well as she fell past it. \'Well!\' thought Alice \'without pictures or conversations?\' So she began again: \'Ou est ma chatte?\' which was immediately suppressed by the Queen said severely \'Who is it directed to?\' said one of the words \'EAT ME\' were beautifully marked in currants. \'Well, I\'ll eat it,\' said Alice doubtfully: \'it.</p>',1,NULL,'default',NULL,'published','2023-11-19 00:36:09','2023-11-19 00:36:09'),(12,'Privacy Policy','<p>Queen. An invitation from the time he was in such a nice soft thing to nurse--and she\'s such a curious dream, dear, certainly: but now run in to your little boy, And beat him when he finds out who was peeping anxiously into its face was quite silent for a minute, while Alice thought the whole window!\' \'Sure, it does, yer honour: but it\'s an arm, yer honour!\' (He pronounced it \'arrum.\') \'An arm, you goose! Who ever saw in my time, but never ONE with such sudden violence that Alice said; but was.</p><p>Why, there\'s hardly room to grow to my right size: the next witness!\' said the Lory, who at last it sat down again into its eyes again, to see it quite plainly through the little dears came jumping merrily along hand in hand with Dinah, and saying \"Come up again, dear!\" I shall remember it in with the grin, which remained some time without interrupting it. \'They must go by the fire, and at last it sat down and cried. \'Come, there\'s no use going back to the Knave. The Knave did so, and giving.</p><p>Dormouse fell asleep instantly, and Alice guessed who it was, and, as they were getting extremely small for a rabbit! I suppose Dinah\'ll be sending me on messages next!\' And she went down to the jury. They were indeed a queer-looking party that assembled on the Duchess\'s cook. She carried the pepper-box in her life, and had been all the children she knew, who might do very well as pigs, and was just possible it had been, it suddenly appeared again. \'By-the-bye, what became of the suppressed.</p><p>Cat, \'if you don\'t explain it as she picked her way into that beautiful garden--how IS that to be full of tears, until there was not here before,\' said the King, looking round the neck of the court. \'What do you know I\'m mad?\' said Alice. \'You did,\' said the Gryphon as if she were saying lessons, and began to repeat it, when a sharp hiss made her look up in such long ringlets, and mine doesn\'t go in at the mouth with strings: into this they slipped the guinea-pig, head first, and then, \'we.</p>',1,NULL,'default',NULL,'published','2023-11-19 00:36:09','2023-11-19 00:36:09'),(13,'Blog List','<p>[blog-posts paginate=\"12\"][/blog-posts]</p>',1,NULL,'blog-list',NULL,'published','2023-11-19 00:36:09','2023-11-19 00:36:09'),(14,'Blog Big','<p>[blog-posts paginate=\"12\"][/blog-posts]</p>',1,NULL,'blog-big',NULL,'published','2023-11-19 00:36:09','2023-11-19 00:36:09'),(15,'Blog Wide','<p>[blog-posts paginate=\"12\"][/blog-posts]</p>',1,NULL,'blog-wide',NULL,'published','2023-11-19 00:36:09','2023-11-19 00:36:09'),(16,'Homepage 5','<div>[simple-slider key=\"home-slider-5\" ads_1=\"IZ6WU8KUALYJ\" ads_2=\"IZ6WU8KUALYK\" show_newsletter_form=\"yes\"][/simple-slider]</div><div>[featured-product-categories title=\"Top Categories\"][/featured-product-categories]</div><div>[theme-ads ads_1=\"IZ6WU8KUALYD\" ads_2=\"ILSFJVYFGCPZ\" ads_3=\"ILSDKVYFGXPH\"][/theme-ads]</div><div>[popular-products title=\"Popular Products\" per_row=\"4\" limit=\"8\"][/popular-products]</div><div>[theme-ads ads_1=\"IZ6WU8KUALYL\" ads_2=\"IZ6WU8KUALYM\" ads_3=\"IZ6WU8KUALYN\" ads_4=\"IZ6WU8KUALYO\" style=\"style-5\"][/theme-ads]</div><div>[best-flash-sale title=\"Daily Best Sells\" flash_sale_id=\"5\" ads=\"IZ6WU8KUALYG\"][/best-flash-sale]</div><div>[flash-sale flash_sale_1=\"1\" flash_sale_2=\"2\" flash_sale_3=\"3\" flash_sale_4=\"4\" title=\"Deals Of The Day\" flash_sale_popup_id=\"1\"][/flash-sale]</div><div>[top-products-group tabs=\"top-selling,trending-products,recent-added,top-rated\" top_selling_in_days=\"365\"][/top-products-group]</div>',1,NULL,'homepage',NULL,'published','2023-11-19 00:36:09','2023-11-19 00:36:09'),(17,'Homepage 6','<div>[big-banner cover_image=\"general/home-6.jpeg\" show_newsletter_form=\"yes\" number_display_featured_categories=\"4\" title=\"What are you looking for?\"][/big-banner]</div><div>[trending-products title=\"Trending items\" limit=\"20\"][/trending-products]</div><div>[flash-sale flash_sale_1=\"1\" flash_sale_2=\"2\" flash_sale_3=\"3\" flash_sale_4=\"4\" title=\"Deals Of The Day\" flash_sale_popup_id=\"1\"][/flash-sale]</div><div>[top-products-group tabs=\"top-selling,trending-products,recent-added,top-rated\" top_selling_in_days=\"365\"][/top-products-group]</div>',1,NULL,'homepage',NULL,'published','2023-11-19 00:36:09','2023-11-19 00:36:09'),(18,'Faq','<div>[faqs][/faqs]</div>',1,NULL,'default',NULL,'published','2023-11-19 00:36:09','2023-11-19 00:36:09');
/*!40000 ALTER TABLE `pages` ENABLE KEYS */;
UNLOCK TABLES;

--
-- Table structure for table `pages_translations`
--

DROP TABLE IF EXISTS `pages_translations`;
/*!40101 SET @saved_cs_client     = @@character_set_client */;
/*!50503 SET character_set_client = utf8mb4 */;
CREATE TABLE `pages_translations` (
  `lang_code` varchar(20) COLLATE utf8mb4_unicode_ci NOT NULL,
  `pages_id` bigint unsigned NOT NULL,
  `name` varchar(255) COLLATE utf8mb4_unicode_ci DEFAULT NULL,
  `description` varchar(400) COLLATE utf8mb4_unicode_ci DEFAULT NULL,
  `content` longtext COLLATE utf8mb4_unicode_ci,
  PRIMARY KEY (`lang_code`,`pages_id`)
) ENGINE=InnoDB DEFAULT CHARSET=utf8mb4 COLLATE=utf8mb4_unicode_ci;
/*!40101 SET character_set_client = @saved_cs_client */;

--
-- Dumping data for table `pages_translations`
--

LOCK TABLES `pages_translations` WRITE;
/*!40000 ALTER TABLE `pages_translations` DISABLE KEYS */;
/*!40000 ALTER TABLE `pages_translations` ENABLE KEYS */;
UNLOCK TABLES;

--
-- Table structure for table `password_reset_tokens`
--

DROP TABLE IF EXISTS `password_reset_tokens`;
/*!40101 SET @saved_cs_client     = @@character_set_client */;
/*!50503 SET character_set_client = utf8mb4 */;
CREATE TABLE `password_reset_tokens` (
  `email` varchar(191) COLLATE utf8mb4_unicode_ci NOT NULL,
  `token` varchar(191) COLLATE utf8mb4_unicode_ci NOT NULL,
  `created_at` timestamp NULL DEFAULT NULL,
  PRIMARY KEY (`email`)
) ENGINE=InnoDB DEFAULT CHARSET=utf8mb4 COLLATE=utf8mb4_unicode_ci;
/*!40101 SET character_set_client = @saved_cs_client */;

--
-- Dumping data for table `password_reset_tokens`
--

LOCK TABLES `password_reset_tokens` WRITE;
/*!40000 ALTER TABLE `password_reset_tokens` DISABLE KEYS */;
/*!40000 ALTER TABLE `password_reset_tokens` ENABLE KEYS */;
UNLOCK TABLES;

--
-- Table structure for table `payments`
--

DROP TABLE IF EXISTS `payments`;
/*!40101 SET @saved_cs_client     = @@character_set_client */;
/*!50503 SET character_set_client = utf8mb4 */;
CREATE TABLE `payments` (
  `id` bigint unsigned NOT NULL AUTO_INCREMENT,
  `currency` varchar(120) COLLATE utf8mb4_unicode_ci DEFAULT NULL,
  `user_id` bigint unsigned NOT NULL DEFAULT '0',
  `charge_id` varchar(255) COLLATE utf8mb4_unicode_ci DEFAULT NULL,
  `payment_channel` varchar(60) COLLATE utf8mb4_unicode_ci DEFAULT NULL,
  `description` varchar(255) COLLATE utf8mb4_unicode_ci DEFAULT NULL,
  `amount` decimal(15,2) unsigned NOT NULL,
  `order_id` bigint unsigned DEFAULT NULL,
  `status` varchar(60) COLLATE utf8mb4_unicode_ci DEFAULT 'pending',
  `payment_type` varchar(191) COLLATE utf8mb4_unicode_ci DEFAULT 'confirm',
  `customer_id` bigint unsigned DEFAULT NULL,
  `refunded_amount` decimal(15,2) unsigned DEFAULT NULL,
  `refund_note` varchar(255) COLLATE utf8mb4_unicode_ci DEFAULT NULL,
  `created_at` timestamp NULL DEFAULT NULL,
  `updated_at` timestamp NULL DEFAULT NULL,
  `customer_type` varchar(255) COLLATE utf8mb4_unicode_ci DEFAULT NULL,
  `metadata` mediumtext COLLATE utf8mb4_unicode_ci,
  PRIMARY KEY (`id`)
) ENGINE=InnoDB AUTO_INCREMENT=43 DEFAULT CHARSET=utf8mb4 COLLATE=utf8mb4_unicode_ci;
/*!40101 SET character_set_client = @saved_cs_client */;

--
-- Dumping data for table `payments`
--

LOCK TABLES `payments` WRITE;
/*!40000 ALTER TABLE `payments` DISABLE KEYS */;
INSERT INTO `payments` VALUES (1,'USD',0,'S8YMJ1WCTQ','paypal',NULL,582.00,1,'completed','confirm',8,NULL,NULL,'2023-11-19 00:36:15','2023-11-19 00:36:15','Botble\\Ecommerce\\Models\\Customer',NULL),(2,'USD',0,'BEE8LJIB3X','razorpay',NULL,371.00,2,'completed','confirm',1,NULL,NULL,'2023-11-19 00:36:15','2023-11-19 00:36:15','Botble\\Ecommerce\\Models\\Customer',NULL),(3,'USD',0,'FNSNBSDPRZ','bank_transfer',NULL,525.00,3,'pending','confirm',1,NULL,NULL,'2023-11-19 00:36:15','2023-11-19 00:36:15','Botble\\Ecommerce\\Models\\Customer',NULL),(4,'USD',0,'VUXNRKIXIV','paystack',NULL,229.00,4,'completed','confirm',3,NULL,NULL,'2023-11-19 00:36:15','2023-11-19 00:36:15','Botble\\Ecommerce\\Models\\Customer',NULL),(5,'USD',0,'7JXUVUDLEZ','bank_transfer',NULL,772.00,5,'pending','confirm',3,NULL,NULL,'2023-11-19 00:36:16','2023-11-19 00:36:16','Botble\\Ecommerce\\Models\\Customer',NULL),(6,'USD',0,'64ESCGIDJH','paystack',NULL,602.00,6,'completed','confirm',3,NULL,NULL,'2023-11-19 00:36:16','2023-11-19 00:36:16','Botble\\Ecommerce\\Models\\Customer',NULL),(7,'USD',0,'ONJRFHGL36','paystack',NULL,978.00,7,'completed','confirm',3,NULL,NULL,'2023-11-19 00:36:16','2023-11-19 00:36:16','Botble\\Ecommerce\\Models\\Customer',NULL),(8,'USD',0,'QSL7J7EPG3','bank_transfer',NULL,220.00,8,'pending','confirm',3,NULL,NULL,'2023-11-19 00:36:16','2023-11-19 00:36:16','Botble\\Ecommerce\\Models\\Customer',NULL),(9,'USD',0,'7CTUCCPVRZ','paypal',NULL,458.00,9,'completed','confirm',1,NULL,NULL,'2023-11-19 00:36:16','2023-11-19 00:36:16','Botble\\Ecommerce\\Models\\Customer',NULL),(10,'USD',0,'BKOE1DTGNM','paystack',NULL,122.00,10,'completed','confirm',1,NULL,NULL,'2023-11-19 00:36:16','2023-11-19 00:36:16','Botble\\Ecommerce\\Models\\Customer',NULL),(11,'USD',0,'HV7JNLPPIZ','bank_transfer',NULL,696.00,11,'pending','confirm',1,NULL,NULL,'2023-11-19 00:36:16','2023-11-19 00:36:16','Botble\\Ecommerce\\Models\\Customer',NULL),(12,'USD',0,'LYFOOUUZUN','stripe',NULL,356.00,12,'completed','confirm',3,NULL,NULL,'2023-11-19 00:36:16','2023-11-19 00:36:16','Botble\\Ecommerce\\Models\\Customer',NULL),(13,'USD',0,'Z5GOAJKI8T','sslcommerz',NULL,220.00,13,'completed','confirm',9,NULL,NULL,'2023-11-19 00:36:16','2023-11-19 00:36:16','Botble\\Ecommerce\\Models\\Customer',NULL),(14,'USD',0,'FLDIY4CEWF','sslcommerz',NULL,378.00,14,'completed','confirm',9,NULL,NULL,'2023-11-19 00:36:16','2023-11-19 00:36:16','Botble\\Ecommerce\\Models\\Customer',NULL),(15,'USD',0,'4AQHURZDTQ','razorpay',NULL,378.00,15,'completed','confirm',9,NULL,NULL,'2023-11-19 00:36:16','2023-11-19 00:36:16','Botble\\Ecommerce\\Models\\Customer',NULL),(16,'USD',0,'SRWBCILVTO','cod',NULL,553.00,16,'pending','confirm',4,NULL,NULL,'2023-11-19 00:36:16','2023-11-19 00:36:16','Botble\\Ecommerce\\Models\\Customer',NULL),(17,'USD',0,'0W6MRLEAD3','cod',NULL,110.00,17,'pending','confirm',3,NULL,NULL,'2023-11-19 00:36:16','2023-11-19 00:36:16','Botble\\Ecommerce\\Models\\Customer',NULL),(18,'USD',0,'E46QCRFKK0','cod',NULL,124.00,18,'pending','confirm',3,NULL,NULL,'2023-11-19 00:36:16','2023-11-19 00:36:16','Botble\\Ecommerce\\Models\\Customer',NULL),(19,'USD',0,'C0VJS47XWI','mollie',NULL,330.00,19,'completed','confirm',9,NULL,NULL,'2023-11-19 00:36:16','2023-11-19 00:36:16','Botble\\Ecommerce\\Models\\Customer',NULL),(20,'USD',0,'1FFTFCGN8N','cod',NULL,248.00,20,'pending','confirm',9,NULL,NULL,'2023-11-19 00:36:16','2023-11-19 00:36:16','Botble\\Ecommerce\\Models\\Customer',NULL),(21,'USD',0,'W0UILMZ6HF','sslcommerz',NULL,126.00,21,'completed','confirm',9,NULL,NULL,'2023-11-19 00:36:16','2023-11-19 00:36:16','Botble\\Ecommerce\\Models\\Customer',NULL),(22,'USD',0,'OZQ3SSG1GE','cod',NULL,458.00,22,'pending','confirm',10,NULL,NULL,'2023-11-19 00:36:17','2023-11-19 00:36:17','Botble\\Ecommerce\\Models\\Customer',NULL),(23,'USD',0,'IIYMYNZP8Z','paypal',NULL,244.00,23,'completed','confirm',10,NULL,NULL,'2023-11-19 00:36:17','2023-11-19 00:36:17','Botble\\Ecommerce\\Models\\Customer',NULL),(24,'USD',0,'4XDRQVIHMM','mollie',NULL,492.00,24,'completed','confirm',10,NULL,NULL,'2023-11-19 00:36:17','2023-11-19 00:36:17','Botble\\Ecommerce\\Models\\Customer',NULL),(25,'USD',0,'FAA9XRJUDO','stripe',NULL,345.00,25,'completed','confirm',7,NULL,NULL,'2023-11-19 00:36:17','2023-11-19 00:36:17','Botble\\Ecommerce\\Models\\Customer',NULL),(26,'USD',0,'TCCBB19BTC','mollie',NULL,252.00,26,'completed','confirm',7,NULL,NULL,'2023-11-19 00:36:17','2023-11-19 00:36:17','Botble\\Ecommerce\\Models\\Customer',NULL),(27,'USD',0,'7GEBWW9IOU','bank_transfer',NULL,124.00,27,'pending','confirm',9,NULL,NULL,'2023-11-19 00:36:17','2023-11-19 00:36:17','Botble\\Ecommerce\\Models\\Customer',NULL),(28,'USD',0,'ZAPOKFB6JX','cod',NULL,126.00,28,'pending','confirm',9,NULL,NULL,'2023-11-19 00:36:17','2023-11-19 00:36:17','Botble\\Ecommerce\\Models\\Customer',NULL),(29,'USD',0,'5S17JA9IUE','paystack',NULL,795.00,29,'completed','confirm',7,NULL,NULL,'2023-11-19 00:36:17','2023-11-19 00:36:17','Botble\\Ecommerce\\Models\\Customer',NULL),(30,'USD',0,'CKTPKNM0V7','stripe',NULL,330.00,30,'completed','confirm',7,NULL,NULL,'2023-11-19 00:36:17','2023-11-19 00:36:17','Botble\\Ecommerce\\Models\\Customer',NULL),(31,'USD',0,'5COZRZCKWW','paypal',NULL,222.00,31,'completed','confirm',7,NULL,NULL,'2023-11-19 00:36:17','2023-11-19 00:36:17','Botble\\Ecommerce\\Models\\Customer',NULL),(32,'USD',0,'3JBQ3TRIKF','cod',NULL,903.00,32,'pending','confirm',3,NULL,NULL,'2023-11-19 00:36:17','2023-11-19 00:36:17','Botble\\Ecommerce\\Models\\Customer',NULL),(33,'USD',0,'7J09MZEACH','paypal',NULL,372.00,33,'completed','confirm',3,NULL,NULL,'2023-11-19 00:36:17','2023-11-19 00:36:17','Botble\\Ecommerce\\Models\\Customer',NULL),(34,'USD',0,'U2FWDAFDUX','paystack',NULL,720.00,34,'completed','confirm',8,NULL,NULL,'2023-11-19 00:36:17','2023-11-19 00:36:17','Botble\\Ecommerce\\Models\\Customer',NULL),(35,'USD',0,'O3VCCUOQIW','stripe',NULL,374.00,35,'completed','confirm',10,NULL,NULL,'2023-11-19 00:36:17','2023-11-19 00:36:17','Botble\\Ecommerce\\Models\\Customer',NULL),(36,'USD',0,'IHBXWUXXXD','stripe',NULL,366.00,36,'completed','confirm',10,NULL,NULL,'2023-11-19 00:36:17','2023-11-19 00:36:17','Botble\\Ecommerce\\Models\\Customer',NULL),(37,'USD',0,'JFZZLXUXCJ','bank_transfer',NULL,468.00,37,'pending','confirm',7,NULL,NULL,'2023-11-19 00:36:17','2023-11-19 00:36:17','Botble\\Ecommerce\\Models\\Customer',NULL),(38,'USD',0,'GOOGCPRGSU','sslcommerz',NULL,242.00,38,'completed','confirm',7,NULL,NULL,'2023-11-19 00:36:17','2023-11-19 00:36:17','Botble\\Ecommerce\\Models\\Customer',NULL),(39,'USD',0,'EXWMGRMVLT','sslcommerz',NULL,236.00,39,'completed','confirm',4,NULL,NULL,'2023-11-19 00:36:18','2023-11-19 00:36:18','Botble\\Ecommerce\\Models\\Customer',NULL),(40,'USD',0,'RLC1EMWW5W','sslcommerz',NULL,123.00,40,'completed','confirm',4,NULL,NULL,'2023-11-19 00:36:18','2023-11-19 00:36:18','Botble\\Ecommerce\\Models\\Customer',NULL),(41,'USD',0,'SPZ2NTDY34','stripe',NULL,376.00,41,'completed','confirm',8,NULL,NULL,'2023-11-19 00:36:18','2023-11-19 00:36:18','Botble\\Ecommerce\\Models\\Customer',NULL),(42,'USD',0,'LA89EIA871','cod',NULL,122.00,42,'pending','confirm',8,NULL,NULL,'2023-11-19 00:36:18','2023-11-19 00:36:18','Botble\\Ecommerce\\Models\\Customer',NULL);
/*!40000 ALTER TABLE `payments` ENABLE KEYS */;
UNLOCK TABLES;

--
-- Table structure for table `personal_access_tokens`
--

DROP TABLE IF EXISTS `personal_access_tokens`;
/*!40101 SET @saved_cs_client     = @@character_set_client */;
/*!50503 SET character_set_client = utf8mb4 */;
CREATE TABLE `personal_access_tokens` (
  `id` bigint unsigned NOT NULL AUTO_INCREMENT,
  `tokenable_type` varchar(191) COLLATE utf8mb4_unicode_ci NOT NULL,
  `tokenable_id` bigint unsigned NOT NULL,
  `name` varchar(191) COLLATE utf8mb4_unicode_ci NOT NULL,
  `token` varchar(64) COLLATE utf8mb4_unicode_ci NOT NULL,
  `abilities` text COLLATE utf8mb4_unicode_ci,
  `last_used_at` timestamp NULL DEFAULT NULL,
  `expires_at` timestamp NULL DEFAULT NULL,
  `created_at` timestamp NULL DEFAULT NULL,
  `updated_at` timestamp NULL DEFAULT NULL,
  PRIMARY KEY (`id`),
  UNIQUE KEY `personal_access_tokens_token_unique` (`token`),
  KEY `personal_access_tokens_tokenable_type_tokenable_id_index` (`tokenable_type`,`tokenable_id`)
) ENGINE=InnoDB DEFAULT CHARSET=utf8mb4 COLLATE=utf8mb4_unicode_ci;
/*!40101 SET character_set_client = @saved_cs_client */;

--
-- Dumping data for table `personal_access_tokens`
--

LOCK TABLES `personal_access_tokens` WRITE;
/*!40000 ALTER TABLE `personal_access_tokens` DISABLE KEYS */;
/*!40000 ALTER TABLE `personal_access_tokens` ENABLE KEYS */;
UNLOCK TABLES;

--
-- Table structure for table `post_categories`
--

DROP TABLE IF EXISTS `post_categories`;
/*!40101 SET @saved_cs_client     = @@character_set_client */;
/*!50503 SET character_set_client = utf8mb4 */;
CREATE TABLE `post_categories` (
  `category_id` bigint unsigned NOT NULL,
  `post_id` bigint unsigned NOT NULL,
  KEY `post_categories_category_id_index` (`category_id`),
  KEY `post_categories_post_id_index` (`post_id`)
) ENGINE=InnoDB DEFAULT CHARSET=utf8mb4 COLLATE=utf8mb4_unicode_ci;
/*!40101 SET character_set_client = @saved_cs_client */;

--
-- Dumping data for table `post_categories`
--

LOCK TABLES `post_categories` WRITE;
/*!40000 ALTER TABLE `post_categories` DISABLE KEYS */;
INSERT INTO `post_categories` VALUES (1,1),(4,1),(2,2),(3,2),(2,3),(4,3),(1,4),(3,4),(2,5),(3,5),(2,6),(4,6),(2,7),(4,7),(2,8),(4,8),(2,9),(3,9),(1,10),(4,10),(1,11),(4,11);
/*!40000 ALTER TABLE `post_categories` ENABLE KEYS */;
UNLOCK TABLES;

--
-- Table structure for table `post_tags`
--

DROP TABLE IF EXISTS `post_tags`;
/*!40101 SET @saved_cs_client     = @@character_set_client */;
/*!50503 SET character_set_client = utf8mb4 */;
CREATE TABLE `post_tags` (
  `tag_id` bigint unsigned NOT NULL,
  `post_id` bigint unsigned NOT NULL,
  KEY `post_tags_tag_id_index` (`tag_id`),
  KEY `post_tags_post_id_index` (`post_id`)
) ENGINE=InnoDB DEFAULT CHARSET=utf8mb4 COLLATE=utf8mb4_unicode_ci;
/*!40101 SET character_set_client = @saved_cs_client */;

--
-- Dumping data for table `post_tags`
--

LOCK TABLES `post_tags` WRITE;
/*!40000 ALTER TABLE `post_tags` DISABLE KEYS */;
INSERT INTO `post_tags` VALUES (1,1),(2,1),(3,1),(4,1),(5,1),(1,2),(2,2),(3,2),(4,2),(5,2),(1,3),(2,3),(3,3),(4,3),(5,3),(1,4),(2,4),(3,4),(4,4),(5,4),(1,5),(2,5),(3,5),(4,5),(5,5),(1,6),(2,6),(3,6),(4,6),(5,6),(1,7),(2,7),(3,7),(4,7),(5,7),(1,8),(2,8),(3,8),(4,8),(5,8),(1,9),(2,9),(3,9),(4,9),(5,9),(1,10),(2,10),(3,10),(4,10),(5,10),(1,11),(2,11),(3,11),(4,11),(5,11);
/*!40000 ALTER TABLE `post_tags` ENABLE KEYS */;
UNLOCK TABLES;

--
-- Table structure for table `posts`
--

DROP TABLE IF EXISTS `posts`;
/*!40101 SET @saved_cs_client     = @@character_set_client */;
/*!50503 SET character_set_client = utf8mb4 */;
CREATE TABLE `posts` (
  `id` bigint unsigned NOT NULL AUTO_INCREMENT,
  `name` varchar(255) COLLATE utf8mb4_unicode_ci NOT NULL,
  `description` varchar(400) COLLATE utf8mb4_unicode_ci DEFAULT NULL,
  `content` longtext COLLATE utf8mb4_unicode_ci,
  `status` varchar(60) COLLATE utf8mb4_unicode_ci NOT NULL DEFAULT 'published',
  `author_id` bigint unsigned DEFAULT NULL,
  `author_type` varchar(255) COLLATE utf8mb4_unicode_ci NOT NULL DEFAULT 'Botble\\ACL\\Models\\User',
  `is_featured` tinyint unsigned NOT NULL DEFAULT '0',
  `image` varchar(255) COLLATE utf8mb4_unicode_ci DEFAULT NULL,
  `views` int unsigned NOT NULL DEFAULT '0',
  `format_type` varchar(30) COLLATE utf8mb4_unicode_ci DEFAULT NULL,
  `created_at` timestamp NULL DEFAULT NULL,
  `updated_at` timestamp NULL DEFAULT NULL,
  PRIMARY KEY (`id`),
  KEY `posts_status_index` (`status`),
  KEY `posts_author_id_index` (`author_id`),
  KEY `posts_author_type_index` (`author_type`),
  KEY `posts_created_at_index` (`created_at`)
) ENGINE=InnoDB AUTO_INCREMENT=12 DEFAULT CHARSET=utf8mb4 COLLATE=utf8mb4_unicode_ci;
/*!40101 SET character_set_client = @saved_cs_client */;

--
-- Dumping data for table `posts`
--

LOCK TABLES `posts` WRITE;
/*!40000 ALTER TABLE `posts` DISABLE KEYS */;
INSERT INTO `posts` VALUES (1,'4 Expert Tips On How To Choose The Right Men’s Wallet','You should pay more attention when you choose your wallets. There are a lot of them on the market with the different designs and styles. When you choose carefully, you would be able to buy a wallet that is catered to your needs. Not to mention that it will help to enhance your style significantly.','<p>I have seen many people underestimating the power of their wallets. To them, they are just a functional item they use to carry. As a result, they often end up with the wallets which are not really suitable for them.</p>\n\n<p>You should pay more attention when you choose your wallets. There are a lot of them on the market with the different designs and styles. When you choose carefully, you would be able to buy a wallet that is catered to your needs. Not to mention that it will help to enhance your style significantly.</p>\n\n<p style=\"text-align:center\"><img alt=\"f4\" src=\"/storage/news/1.png\" /></p>\n\n<p><br />\n&nbsp;</p>\n\n\n\n<p><strong><em>For all of the reason above, here are 7 expert tips to help you pick up the right men&rsquo;s wallet for you:</em></strong></p>\n\n<h4><strong>Number 1: Choose A Neat Wallet</strong></h4>\n\n<p>The wallet is an essential accessory that you should go simple. Simplicity is the best in this case. A simple and neat wallet with the plain color and even&nbsp;<strong>minimalist style</strong>&nbsp;is versatile. It can be used for both formal and casual events. In addition, that wallet will go well with most of the clothes in your wardrobe.</p>\n\n<p>Keep in mind that a wallet will tell other people about your personality and your fashion sense as much as other clothes you put on. Hence, don&rsquo;t go cheesy on your wallet or else people will think that you have a funny and particular style.</p>\n\n<p style=\"text-align:center\"><img alt=\"f5\" src=\"/storage/news/2.png\" /></p>\n\n<p><br />\n&nbsp;</p>\n<hr />\n<h4><strong>Number 2: Choose The Right Size For Your Wallet</strong></h4>\n\n<p>You should avoid having an over-sized wallet. Don&rsquo;t think that you need to buy a big wallet because you have a lot to carry with you. In addition, a fat wallet is very ugly. It will make it harder for you to slide the wallet into your trousers&rsquo; pocket. In addition, it will create a bulge and ruin your look.</p>\n\n<p>Before you go on to buy a new wallet, clean out your wallet and place all of the items from your wallet on a table. Throw away things that you would never need any more such as the old bills or the expired gift cards. Remember to check your wallet on a frequent basis to get rid of all of the old stuff that you don&rsquo;t need anymore.</p>\n\n<p style=\"text-align:center\"><img alt=\"f1\" src=\"/storage/news/3.png\" /></p>\n\n<p><br />\n&nbsp;</p>\n\n<hr />\n<h4><strong>Number 3: Don&rsquo;t Limit Your Options Of Materials</strong></h4>\n\n<p>The types and designs of wallets are not the only things that you should consider when you go out searching for your best wallet. You have more than 1 option of material rather than leather to choose from as well.</p>\n\n<p>You can experiment with other available options such as cotton, polyester and canvas. They all have their own pros and cons. As a result, they will be suitable for different needs and requirements. You should think about them all in order to choose the material which you would like the most.</p>\n\n<p style=\"text-align:center\"><img alt=\"f6\" height=\"375\" src=\"/storage/news/4.png\" /></p>\n\n<p><br />\n&nbsp;</p>\n\n<hr />\n<h4><strong>Number 4: Consider A Wallet As A Long Term Investment</strong></h4>\n\n<p>Your wallet is indeed an investment that you should consider spending a decent amount of time and effort on it. Another factor that you need to consider is how much you want to spend on your wallet. The price ranges of wallets on the market vary a great deal. You can find a wallet which is as cheap as about 5 to 7 dollars. On the other hand, you should expect to pay around 250 to 300 dollars for a high-quality wallet.</p>\n\n<p>In case you need a wallet to use for a long time, it is a good idea that you should invest a decent amount of money on a wallet. A high quality wallet from a reputational brand with the premium quality such as cowhide leather will last for a long time. In addition, it is an accessory to show off your fashion sense and your social status.</p>\n\n<p style=\"text-align:center\"><img alt=\"f2\" height=\"400\" src=\"/storage/news/5.png\" /></p>\n\n<p>&nbsp;</p>\n','published',NULL,'Botble\\ACL\\Models\\User',1,'news/1.png',1747,NULL,'2023-11-19 00:36:09','2023-11-19 00:36:09'),(2,'Sexy Clutches: How to Buy &amp; Wear a Designer Clutch Bag','You should pay more attention when you choose your wallets. There are a lot of them on the market with the different designs and styles. When you choose carefully, you would be able to buy a wallet that is catered to your needs. Not to mention that it will help to enhance your style significantly.','<p>I have seen many people underestimating the power of their wallets. To them, they are just a functional item they use to carry. As a result, they often end up with the wallets which are not really suitable for them.</p>\n\n<p>You should pay more attention when you choose your wallets. There are a lot of them on the market with the different designs and styles. When you choose carefully, you would be able to buy a wallet that is catered to your needs. Not to mention that it will help to enhance your style significantly.</p>\n\n<p style=\"text-align:center\"><img alt=\"f4\" src=\"/storage/news/1.png\" /></p>\n\n<p><br />\n&nbsp;</p>\n\n\n\n<p><strong><em>For all of the reason above, here are 7 expert tips to help you pick up the right men&rsquo;s wallet for you:</em></strong></p>\n\n<h4><strong>Number 1: Choose A Neat Wallet</strong></h4>\n\n<p>The wallet is an essential accessory that you should go simple. Simplicity is the best in this case. A simple and neat wallet with the plain color and even&nbsp;<strong>minimalist style</strong>&nbsp;is versatile. It can be used for both formal and casual events. In addition, that wallet will go well with most of the clothes in your wardrobe.</p>\n\n<p>Keep in mind that a wallet will tell other people about your personality and your fashion sense as much as other clothes you put on. Hence, don&rsquo;t go cheesy on your wallet or else people will think that you have a funny and particular style.</p>\n\n<p style=\"text-align:center\"><img alt=\"f5\" src=\"/storage/news/2.png\" /></p>\n\n<p><br />\n&nbsp;</p>\n<hr />\n<h4><strong>Number 2: Choose The Right Size For Your Wallet</strong></h4>\n\n<p>You should avoid having an over-sized wallet. Don&rsquo;t think that you need to buy a big wallet because you have a lot to carry with you. In addition, a fat wallet is very ugly. It will make it harder for you to slide the wallet into your trousers&rsquo; pocket. In addition, it will create a bulge and ruin your look.</p>\n\n<p>Before you go on to buy a new wallet, clean out your wallet and place all of the items from your wallet on a table. Throw away things that you would never need any more such as the old bills or the expired gift cards. Remember to check your wallet on a frequent basis to get rid of all of the old stuff that you don&rsquo;t need anymore.</p>\n\n<p style=\"text-align:center\"><img alt=\"f1\" src=\"/storage/news/3.png\" /></p>\n\n<p><br />\n&nbsp;</p>\n\n<hr />\n<h4><strong>Number 3: Don&rsquo;t Limit Your Options Of Materials</strong></h4>\n\n<p>The types and designs of wallets are not the only things that you should consider when you go out searching for your best wallet. You have more than 1 option of material rather than leather to choose from as well.</p>\n\n<p>You can experiment with other available options such as cotton, polyester and canvas. They all have their own pros and cons. As a result, they will be suitable for different needs and requirements. You should think about them all in order to choose the material which you would like the most.</p>\n\n<p style=\"text-align:center\"><img alt=\"f6\" height=\"375\" src=\"/storage/news/4.png\" /></p>\n\n<p><br />\n&nbsp;</p>\n\n<hr />\n<h4><strong>Number 4: Consider A Wallet As A Long Term Investment</strong></h4>\n\n<p>Your wallet is indeed an investment that you should consider spending a decent amount of time and effort on it. Another factor that you need to consider is how much you want to spend on your wallet. The price ranges of wallets on the market vary a great deal. You can find a wallet which is as cheap as about 5 to 7 dollars. On the other hand, you should expect to pay around 250 to 300 dollars for a high-quality wallet.</p>\n\n<p>In case you need a wallet to use for a long time, it is a good idea that you should invest a decent amount of money on a wallet. A high quality wallet from a reputational brand with the premium quality such as cowhide leather will last for a long time. In addition, it is an accessory to show off your fashion sense and your social status.</p>\n\n<p style=\"text-align:center\"><img alt=\"f2\" height=\"400\" src=\"/storage/news/5.png\" /></p>\n\n<p>&nbsp;</p>\n','published',NULL,'Botble\\ACL\\Models\\User',1,'news/2.png',181,NULL,'2023-11-19 00:36:09','2023-11-19 00:36:09'),(3,'The Top 2020 Handbag Trends to Know','You should pay more attention when you choose your wallets. There are a lot of them on the market with the different designs and styles. When you choose carefully, you would be able to buy a wallet that is catered to your needs. Not to mention that it will help to enhance your style significantly.','<p>I have seen many people underestimating the power of their wallets. To them, they are just a functional item they use to carry. As a result, they often end up with the wallets which are not really suitable for them.</p>\n\n<p>You should pay more attention when you choose your wallets. There are a lot of them on the market with the different designs and styles. When you choose carefully, you would be able to buy a wallet that is catered to your needs. Not to mention that it will help to enhance your style significantly.</p>\n\n<p style=\"text-align:center\"><img alt=\"f4\" src=\"/storage/news/1.png\" /></p>\n\n<p><br />\n&nbsp;</p>\n\n\n\n<p><strong><em>For all of the reason above, here are 7 expert tips to help you pick up the right men&rsquo;s wallet for you:</em></strong></p>\n\n<h4><strong>Number 1: Choose A Neat Wallet</strong></h4>\n\n<p>The wallet is an essential accessory that you should go simple. Simplicity is the best in this case. A simple and neat wallet with the plain color and even&nbsp;<strong>minimalist style</strong>&nbsp;is versatile. It can be used for both formal and casual events. In addition, that wallet will go well with most of the clothes in your wardrobe.</p>\n\n<p>Keep in mind that a wallet will tell other people about your personality and your fashion sense as much as other clothes you put on. Hence, don&rsquo;t go cheesy on your wallet or else people will think that you have a funny and particular style.</p>\n\n<p style=\"text-align:center\"><img alt=\"f5\" src=\"/storage/news/2.png\" /></p>\n\n<p><br />\n&nbsp;</p>\n<hr />\n<h4><strong>Number 2: Choose The Right Size For Your Wallet</strong></h4>\n\n<p>You should avoid having an over-sized wallet. Don&rsquo;t think that you need to buy a big wallet because you have a lot to carry with you. In addition, a fat wallet is very ugly. It will make it harder for you to slide the wallet into your trousers&rsquo; pocket. In addition, it will create a bulge and ruin your look.</p>\n\n<p>Before you go on to buy a new wallet, clean out your wallet and place all of the items from your wallet on a table. Throw away things that you would never need any more such as the old bills or the expired gift cards. Remember to check your wallet on a frequent basis to get rid of all of the old stuff that you don&rsquo;t need anymore.</p>\n\n<p style=\"text-align:center\"><img alt=\"f1\" src=\"/storage/news/3.png\" /></p>\n\n<p><br />\n&nbsp;</p>\n\n<hr />\n<h4><strong>Number 3: Don&rsquo;t Limit Your Options Of Materials</strong></h4>\n\n<p>The types and designs of wallets are not the only things that you should consider when you go out searching for your best wallet. You have more than 1 option of material rather than leather to choose from as well.</p>\n\n<p>You can experiment with other available options such as cotton, polyester and canvas. They all have their own pros and cons. As a result, they will be suitable for different needs and requirements. You should think about them all in order to choose the material which you would like the most.</p>\n\n<p style=\"text-align:center\"><img alt=\"f6\" height=\"375\" src=\"/storage/news/4.png\" /></p>\n\n<p><br />\n&nbsp;</p>\n\n<hr />\n<h4><strong>Number 4: Consider A Wallet As A Long Term Investment</strong></h4>\n\n<p>Your wallet is indeed an investment that you should consider spending a decent amount of time and effort on it. Another factor that you need to consider is how much you want to spend on your wallet. The price ranges of wallets on the market vary a great deal. You can find a wallet which is as cheap as about 5 to 7 dollars. On the other hand, you should expect to pay around 250 to 300 dollars for a high-quality wallet.</p>\n\n<p>In case you need a wallet to use for a long time, it is a good idea that you should invest a decent amount of money on a wallet. A high quality wallet from a reputational brand with the premium quality such as cowhide leather will last for a long time. In addition, it is an accessory to show off your fashion sense and your social status.</p>\n\n<p style=\"text-align:center\"><img alt=\"f2\" height=\"400\" src=\"/storage/news/5.png\" /></p>\n\n<p>&nbsp;</p>\n','published',NULL,'Botble\\ACL\\Models\\User',1,'news/3.png',251,NULL,'2023-11-19 00:36:09','2023-11-19 00:36:09'),(4,'How to Match the Color of Your Handbag With an Outfit','You should pay more attention when you choose your wallets. There are a lot of them on the market with the different designs and styles. When you choose carefully, you would be able to buy a wallet that is catered to your needs. Not to mention that it will help to enhance your style significantly.','<p>I have seen many people underestimating the power of their wallets. To them, they are just a functional item they use to carry. As a result, they often end up with the wallets which are not really suitable for them.</p>\n\n<p>You should pay more attention when you choose your wallets. There are a lot of them on the market with the different designs and styles. When you choose carefully, you would be able to buy a wallet that is catered to your needs. Not to mention that it will help to enhance your style significantly.</p>\n\n<p style=\"text-align:center\"><img alt=\"f4\" src=\"/storage/news/1.png\" /></p>\n\n<p><br />\n&nbsp;</p>\n\n[featured-products title=\"Shop The Look\" limit=\"6\"][/featured-products]\n\n<p><strong><em>For all of the reason above, here are 7 expert tips to help you pick up the right men&rsquo;s wallet for you:</em></strong></p>\n\n<h4><strong>Number 1: Choose A Neat Wallet</strong></h4>\n\n<p>The wallet is an essential accessory that you should go simple. Simplicity is the best in this case. A simple and neat wallet with the plain color and even&nbsp;<strong>minimalist style</strong>&nbsp;is versatile. It can be used for both formal and casual events. In addition, that wallet will go well with most of the clothes in your wardrobe.</p>\n\n<p>Keep in mind that a wallet will tell other people about your personality and your fashion sense as much as other clothes you put on. Hence, don&rsquo;t go cheesy on your wallet or else people will think that you have a funny and particular style.</p>\n\n<p style=\"text-align:center\"><img alt=\"f5\" src=\"/storage/news/2.png\" /></p>\n\n<p><br />\n&nbsp;</p>\n<hr />\n<h4><strong>Number 2: Choose The Right Size For Your Wallet</strong></h4>\n\n<p>You should avoid having an over-sized wallet. Don&rsquo;t think that you need to buy a big wallet because you have a lot to carry with you. In addition, a fat wallet is very ugly. It will make it harder for you to slide the wallet into your trousers&rsquo; pocket. In addition, it will create a bulge and ruin your look.</p>\n\n<p>Before you go on to buy a new wallet, clean out your wallet and place all of the items from your wallet on a table. Throw away things that you would never need any more such as the old bills or the expired gift cards. Remember to check your wallet on a frequent basis to get rid of all of the old stuff that you don&rsquo;t need anymore.</p>\n\n<p style=\"text-align:center\"><img alt=\"f1\" src=\"/storage/news/3.png\" /></p>\n\n<p><br />\n&nbsp;</p>\n\n<hr />\n<h4><strong>Number 3: Don&rsquo;t Limit Your Options Of Materials</strong></h4>\n\n<p>The types and designs of wallets are not the only things that you should consider when you go out searching for your best wallet. You have more than 1 option of material rather than leather to choose from as well.</p>\n\n<p>You can experiment with other available options such as cotton, polyester and canvas. They all have their own pros and cons. As a result, they will be suitable for different needs and requirements. You should think about them all in order to choose the material which you would like the most.</p>\n\n<p style=\"text-align:center\"><img alt=\"f6\" height=\"375\" src=\"/storage/news/4.png\" /></p>\n\n<p><br />\n&nbsp;</p>\n\n<hr />\n<h4><strong>Number 4: Consider A Wallet As A Long Term Investment</strong></h4>\n\n<p>Your wallet is indeed an investment that you should consider spending a decent amount of time and effort on it. Another factor that you need to consider is how much you want to spend on your wallet. The price ranges of wallets on the market vary a great deal. You can find a wallet which is as cheap as about 5 to 7 dollars. On the other hand, you should expect to pay around 250 to 300 dollars for a high-quality wallet.</p>\n\n<p>In case you need a wallet to use for a long time, it is a good idea that you should invest a decent amount of money on a wallet. A high quality wallet from a reputational brand with the premium quality such as cowhide leather will last for a long time. In addition, it is an accessory to show off your fashion sense and your social status.</p>\n\n<p style=\"text-align:center\"><img alt=\"f2\" height=\"400\" src=\"/storage/news/5.png\" /></p>\n\n<p>&nbsp;</p>\n','published',NULL,'Botble\\ACL\\Models\\User',1,'news/4.png',2360,NULL,'2023-11-19 00:36:09','2023-11-19 00:36:09'),(5,'How to Care for Leather Bags','You should pay more attention when you choose your wallets. There are a lot of them on the market with the different designs and styles. When you choose carefully, you would be able to buy a wallet that is catered to your needs. Not to mention that it will help to enhance your style significantly.','<p>I have seen many people underestimating the power of their wallets. To them, they are just a functional item they use to carry. As a result, they often end up with the wallets which are not really suitable for them.</p>\n\n<p>You should pay more attention when you choose your wallets. There are a lot of them on the market with the different designs and styles. When you choose carefully, you would be able to buy a wallet that is catered to your needs. Not to mention that it will help to enhance your style significantly.</p>\n\n<p style=\"text-align:center\"><img alt=\"f4\" src=\"/storage/news/1.png\" /></p>\n\n<p><br />\n&nbsp;</p>\n\n\n\n<p><strong><em>For all of the reason above, here are 7 expert tips to help you pick up the right men&rsquo;s wallet for you:</em></strong></p>\n\n<h4><strong>Number 1: Choose A Neat Wallet</strong></h4>\n\n<p>The wallet is an essential accessory that you should go simple. Simplicity is the best in this case. A simple and neat wallet with the plain color and even&nbsp;<strong>minimalist style</strong>&nbsp;is versatile. It can be used for both formal and casual events. In addition, that wallet will go well with most of the clothes in your wardrobe.</p>\n\n<p>Keep in mind that a wallet will tell other people about your personality and your fashion sense as much as other clothes you put on. Hence, don&rsquo;t go cheesy on your wallet or else people will think that you have a funny and particular style.</p>\n\n<p style=\"text-align:center\"><img alt=\"f5\" src=\"/storage/news/2.png\" /></p>\n\n<p><br />\n&nbsp;</p>\n<hr />\n<h4><strong>Number 2: Choose The Right Size For Your Wallet</strong></h4>\n\n<p>You should avoid having an over-sized wallet. Don&rsquo;t think that you need to buy a big wallet because you have a lot to carry with you. In addition, a fat wallet is very ugly. It will make it harder for you to slide the wallet into your trousers&rsquo; pocket. In addition, it will create a bulge and ruin your look.</p>\n\n<p>Before you go on to buy a new wallet, clean out your wallet and place all of the items from your wallet on a table. Throw away things that you would never need any more such as the old bills or the expired gift cards. Remember to check your wallet on a frequent basis to get rid of all of the old stuff that you don&rsquo;t need anymore.</p>\n\n<p style=\"text-align:center\"><img alt=\"f1\" src=\"/storage/news/3.png\" /></p>\n\n<p><br />\n&nbsp;</p>\n\n<hr />\n<h4><strong>Number 3: Don&rsquo;t Limit Your Options Of Materials</strong></h4>\n\n<p>The types and designs of wallets are not the only things that you should consider when you go out searching for your best wallet. You have more than 1 option of material rather than leather to choose from as well.</p>\n\n<p>You can experiment with other available options such as cotton, polyester and canvas. They all have their own pros and cons. As a result, they will be suitable for different needs and requirements. You should think about them all in order to choose the material which you would like the most.</p>\n\n<p style=\"text-align:center\"><img alt=\"f6\" height=\"375\" src=\"/storage/news/4.png\" /></p>\n\n<p><br />\n&nbsp;</p>\n\n<hr />\n<h4><strong>Number 4: Consider A Wallet As A Long Term Investment</strong></h4>\n\n<p>Your wallet is indeed an investment that you should consider spending a decent amount of time and effort on it. Another factor that you need to consider is how much you want to spend on your wallet. The price ranges of wallets on the market vary a great deal. You can find a wallet which is as cheap as about 5 to 7 dollars. On the other hand, you should expect to pay around 250 to 300 dollars for a high-quality wallet.</p>\n\n<p>In case you need a wallet to use for a long time, it is a good idea that you should invest a decent amount of money on a wallet. A high quality wallet from a reputational brand with the premium quality such as cowhide leather will last for a long time. In addition, it is an accessory to show off your fashion sense and your social status.</p>\n\n<p style=\"text-align:center\"><img alt=\"f2\" height=\"400\" src=\"/storage/news/5.png\" /></p>\n\n<p>&nbsp;</p>\n','published',NULL,'Botble\\ACL\\Models\\User',1,'news/5.png',2428,NULL,'2023-11-19 00:36:09','2023-11-19 00:36:09'),(6,'We\'re Crushing Hard on Summer\'s 10 Biggest Bag Trends','You should pay more attention when you choose your wallets. There are a lot of them on the market with the different designs and styles. When you choose carefully, you would be able to buy a wallet that is catered to your needs. Not to mention that it will help to enhance your style significantly.','<p>I have seen many people underestimating the power of their wallets. To them, they are just a functional item they use to carry. As a result, they often end up with the wallets which are not really suitable for them.</p>\n\n<p>You should pay more attention when you choose your wallets. There are a lot of them on the market with the different designs and styles. When you choose carefully, you would be able to buy a wallet that is catered to your needs. Not to mention that it will help to enhance your style significantly.</p>\n\n<p style=\"text-align:center\"><img alt=\"f4\" src=\"/storage/news/1.png\" /></p>\n\n<p><br />\n&nbsp;</p>\n\n\n\n<p><strong><em>For all of the reason above, here are 7 expert tips to help you pick up the right men&rsquo;s wallet for you:</em></strong></p>\n\n<h4><strong>Number 1: Choose A Neat Wallet</strong></h4>\n\n<p>The wallet is an essential accessory that you should go simple. Simplicity is the best in this case. A simple and neat wallet with the plain color and even&nbsp;<strong>minimalist style</strong>&nbsp;is versatile. It can be used for both formal and casual events. In addition, that wallet will go well with most of the clothes in your wardrobe.</p>\n\n<p>Keep in mind that a wallet will tell other people about your personality and your fashion sense as much as other clothes you put on. Hence, don&rsquo;t go cheesy on your wallet or else people will think that you have a funny and particular style.</p>\n\n<p style=\"text-align:center\"><img alt=\"f5\" src=\"/storage/news/2.png\" /></p>\n\n<p><br />\n&nbsp;</p>\n<hr />\n<h4><strong>Number 2: Choose The Right Size For Your Wallet</strong></h4>\n\n<p>You should avoid having an over-sized wallet. Don&rsquo;t think that you need to buy a big wallet because you have a lot to carry with you. In addition, a fat wallet is very ugly. It will make it harder for you to slide the wallet into your trousers&rsquo; pocket. In addition, it will create a bulge and ruin your look.</p>\n\n<p>Before you go on to buy a new wallet, clean out your wallet and place all of the items from your wallet on a table. Throw away things that you would never need any more such as the old bills or the expired gift cards. Remember to check your wallet on a frequent basis to get rid of all of the old stuff that you don&rsquo;t need anymore.</p>\n\n<p style=\"text-align:center\"><img alt=\"f1\" src=\"/storage/news/3.png\" /></p>\n\n<p><br />\n&nbsp;</p>\n\n<hr />\n<h4><strong>Number 3: Don&rsquo;t Limit Your Options Of Materials</strong></h4>\n\n<p>The types and designs of wallets are not the only things that you should consider when you go out searching for your best wallet. You have more than 1 option of material rather than leather to choose from as well.</p>\n\n<p>You can experiment with other available options such as cotton, polyester and canvas. They all have their own pros and cons. As a result, they will be suitable for different needs and requirements. You should think about them all in order to choose the material which you would like the most.</p>\n\n<p style=\"text-align:center\"><img alt=\"f6\" height=\"375\" src=\"/storage/news/4.png\" /></p>\n\n<p><br />\n&nbsp;</p>\n\n<hr />\n<h4><strong>Number 4: Consider A Wallet As A Long Term Investment</strong></h4>\n\n<p>Your wallet is indeed an investment that you should consider spending a decent amount of time and effort on it. Another factor that you need to consider is how much you want to spend on your wallet. The price ranges of wallets on the market vary a great deal. You can find a wallet which is as cheap as about 5 to 7 dollars. On the other hand, you should expect to pay around 250 to 300 dollars for a high-quality wallet.</p>\n\n<p>In case you need a wallet to use for a long time, it is a good idea that you should invest a decent amount of money on a wallet. A high quality wallet from a reputational brand with the premium quality such as cowhide leather will last for a long time. In addition, it is an accessory to show off your fashion sense and your social status.</p>\n\n<p style=\"text-align:center\"><img alt=\"f2\" height=\"400\" src=\"/storage/news/5.png\" /></p>\n\n<p>&nbsp;</p>\n','published',NULL,'Botble\\ACL\\Models\\User',1,'news/6.png',1703,NULL,'2023-11-19 00:36:09','2023-11-19 00:36:09'),(7,'Essential Qualities of Highly Successful Music','You should pay more attention when you choose your wallets. There are a lot of them on the market with the different designs and styles. When you choose carefully, you would be able to buy a wallet that is catered to your needs. Not to mention that it will help to enhance your style significantly.','<p>I have seen many people underestimating the power of their wallets. To them, they are just a functional item they use to carry. As a result, they often end up with the wallets which are not really suitable for them.</p>\n\n<p>You should pay more attention when you choose your wallets. There are a lot of them on the market with the different designs and styles. When you choose carefully, you would be able to buy a wallet that is catered to your needs. Not to mention that it will help to enhance your style significantly.</p>\n\n<p style=\"text-align:center\"><img alt=\"f4\" src=\"/storage/news/1.png\" /></p>\n\n<p><br />\n&nbsp;</p>\n\n\n\n<p><strong><em>For all of the reason above, here are 7 expert tips to help you pick up the right men&rsquo;s wallet for you:</em></strong></p>\n\n<h4><strong>Number 1: Choose A Neat Wallet</strong></h4>\n\n<p>The wallet is an essential accessory that you should go simple. Simplicity is the best in this case. A simple and neat wallet with the plain color and even&nbsp;<strong>minimalist style</strong>&nbsp;is versatile. It can be used for both formal and casual events. In addition, that wallet will go well with most of the clothes in your wardrobe.</p>\n\n<p>Keep in mind that a wallet will tell other people about your personality and your fashion sense as much as other clothes you put on. Hence, don&rsquo;t go cheesy on your wallet or else people will think that you have a funny and particular style.</p>\n\n<p style=\"text-align:center\"><img alt=\"f5\" src=\"/storage/news/2.png\" /></p>\n\n<p><br />\n&nbsp;</p>\n<hr />\n<h4><strong>Number 2: Choose The Right Size For Your Wallet</strong></h4>\n\n<p>You should avoid having an over-sized wallet. Don&rsquo;t think that you need to buy a big wallet because you have a lot to carry with you. In addition, a fat wallet is very ugly. It will make it harder for you to slide the wallet into your trousers&rsquo; pocket. In addition, it will create a bulge and ruin your look.</p>\n\n<p>Before you go on to buy a new wallet, clean out your wallet and place all of the items from your wallet on a table. Throw away things that you would never need any more such as the old bills or the expired gift cards. Remember to check your wallet on a frequent basis to get rid of all of the old stuff that you don&rsquo;t need anymore.</p>\n\n<p style=\"text-align:center\"><img alt=\"f1\" src=\"/storage/news/3.png\" /></p>\n\n<p><br />\n&nbsp;</p>\n\n<hr />\n<h4><strong>Number 3: Don&rsquo;t Limit Your Options Of Materials</strong></h4>\n\n<p>The types and designs of wallets are not the only things that you should consider when you go out searching for your best wallet. You have more than 1 option of material rather than leather to choose from as well.</p>\n\n<p>You can experiment with other available options such as cotton, polyester and canvas. They all have their own pros and cons. As a result, they will be suitable for different needs and requirements. You should think about them all in order to choose the material which you would like the most.</p>\n\n<p style=\"text-align:center\"><img alt=\"f6\" height=\"375\" src=\"/storage/news/4.png\" /></p>\n\n<p><br />\n&nbsp;</p>\n\n<hr />\n<h4><strong>Number 4: Consider A Wallet As A Long Term Investment</strong></h4>\n\n<p>Your wallet is indeed an investment that you should consider spending a decent amount of time and effort on it. Another factor that you need to consider is how much you want to spend on your wallet. The price ranges of wallets on the market vary a great deal. You can find a wallet which is as cheap as about 5 to 7 dollars. On the other hand, you should expect to pay around 250 to 300 dollars for a high-quality wallet.</p>\n\n<p>In case you need a wallet to use for a long time, it is a good idea that you should invest a decent amount of money on a wallet. A high quality wallet from a reputational brand with the premium quality such as cowhide leather will last for a long time. In addition, it is an accessory to show off your fashion sense and your social status.</p>\n\n<p style=\"text-align:center\"><img alt=\"f2\" height=\"400\" src=\"/storage/news/5.png\" /></p>\n\n<p>&nbsp;</p>\n','published',NULL,'Botble\\ACL\\Models\\User',1,'news/7.png',368,NULL,'2023-11-19 00:36:09','2023-11-19 00:36:09'),(8,'9 Things I Love About Shaving My Head','You should pay more attention when you choose your wallets. There are a lot of them on the market with the different designs and styles. When you choose carefully, you would be able to buy a wallet that is catered to your needs. Not to mention that it will help to enhance your style significantly.','<p>I have seen many people underestimating the power of their wallets. To them, they are just a functional item they use to carry. As a result, they often end up with the wallets which are not really suitable for them.</p>\n\n<p>You should pay more attention when you choose your wallets. There are a lot of them on the market with the different designs and styles. When you choose carefully, you would be able to buy a wallet that is catered to your needs. Not to mention that it will help to enhance your style significantly.</p>\n\n<p style=\"text-align:center\"><img alt=\"f4\" src=\"/storage/news/1.png\" /></p>\n\n<p><br />\n&nbsp;</p>\n\n\n\n<p><strong><em>For all of the reason above, here are 7 expert tips to help you pick up the right men&rsquo;s wallet for you:</em></strong></p>\n\n<h4><strong>Number 1: Choose A Neat Wallet</strong></h4>\n\n<p>The wallet is an essential accessory that you should go simple. Simplicity is the best in this case. A simple and neat wallet with the plain color and even&nbsp;<strong>minimalist style</strong>&nbsp;is versatile. It can be used for both formal and casual events. In addition, that wallet will go well with most of the clothes in your wardrobe.</p>\n\n<p>Keep in mind that a wallet will tell other people about your personality and your fashion sense as much as other clothes you put on. Hence, don&rsquo;t go cheesy on your wallet or else people will think that you have a funny and particular style.</p>\n\n<p style=\"text-align:center\"><img alt=\"f5\" src=\"/storage/news/2.png\" /></p>\n\n<p><br />\n&nbsp;</p>\n<hr />\n<h4><strong>Number 2: Choose The Right Size For Your Wallet</strong></h4>\n\n<p>You should avoid having an over-sized wallet. Don&rsquo;t think that you need to buy a big wallet because you have a lot to carry with you. In addition, a fat wallet is very ugly. It will make it harder for you to slide the wallet into your trousers&rsquo; pocket. In addition, it will create a bulge and ruin your look.</p>\n\n<p>Before you go on to buy a new wallet, clean out your wallet and place all of the items from your wallet on a table. Throw away things that you would never need any more such as the old bills or the expired gift cards. Remember to check your wallet on a frequent basis to get rid of all of the old stuff that you don&rsquo;t need anymore.</p>\n\n<p style=\"text-align:center\"><img alt=\"f1\" src=\"/storage/news/3.png\" /></p>\n\n<p><br />\n&nbsp;</p>\n\n<hr />\n<h4><strong>Number 3: Don&rsquo;t Limit Your Options Of Materials</strong></h4>\n\n<p>The types and designs of wallets are not the only things that you should consider when you go out searching for your best wallet. You have more than 1 option of material rather than leather to choose from as well.</p>\n\n<p>You can experiment with other available options such as cotton, polyester and canvas. They all have their own pros and cons. As a result, they will be suitable for different needs and requirements. You should think about them all in order to choose the material which you would like the most.</p>\n\n<p style=\"text-align:center\"><img alt=\"f6\" height=\"375\" src=\"/storage/news/4.png\" /></p>\n\n<p><br />\n&nbsp;</p>\n\n<hr />\n<h4><strong>Number 4: Consider A Wallet As A Long Term Investment</strong></h4>\n\n<p>Your wallet is indeed an investment that you should consider spending a decent amount of time and effort on it. Another factor that you need to consider is how much you want to spend on your wallet. The price ranges of wallets on the market vary a great deal. You can find a wallet which is as cheap as about 5 to 7 dollars. On the other hand, you should expect to pay around 250 to 300 dollars for a high-quality wallet.</p>\n\n<p>In case you need a wallet to use for a long time, it is a good idea that you should invest a decent amount of money on a wallet. A high quality wallet from a reputational brand with the premium quality such as cowhide leather will last for a long time. In addition, it is an accessory to show off your fashion sense and your social status.</p>\n\n<p style=\"text-align:center\"><img alt=\"f2\" height=\"400\" src=\"/storage/news/5.png\" /></p>\n\n<p>&nbsp;</p>\n','published',NULL,'Botble\\ACL\\Models\\User',1,'news/8.png',731,NULL,'2023-11-19 00:36:09','2023-11-19 00:36:09'),(9,'Why Teamwork Really Makes The Dream Work','You should pay more attention when you choose your wallets. There are a lot of them on the market with the different designs and styles. When you choose carefully, you would be able to buy a wallet that is catered to your needs. Not to mention that it will help to enhance your style significantly.','<p>I have seen many people underestimating the power of their wallets. To them, they are just a functional item they use to carry. As a result, they often end up with the wallets which are not really suitable for them.</p>\n\n<p>You should pay more attention when you choose your wallets. There are a lot of them on the market with the different designs and styles. When you choose carefully, you would be able to buy a wallet that is catered to your needs. Not to mention that it will help to enhance your style significantly.</p>\n\n<p style=\"text-align:center\"><img alt=\"f4\" src=\"/storage/news/1.png\" /></p>\n\n<p><br />\n&nbsp;</p>\n\n\n\n<p><strong><em>For all of the reason above, here are 7 expert tips to help you pick up the right men&rsquo;s wallet for you:</em></strong></p>\n\n<h4><strong>Number 1: Choose A Neat Wallet</strong></h4>\n\n<p>The wallet is an essential accessory that you should go simple. Simplicity is the best in this case. A simple and neat wallet with the plain color and even&nbsp;<strong>minimalist style</strong>&nbsp;is versatile. It can be used for both formal and casual events. In addition, that wallet will go well with most of the clothes in your wardrobe.</p>\n\n<p>Keep in mind that a wallet will tell other people about your personality and your fashion sense as much as other clothes you put on. Hence, don&rsquo;t go cheesy on your wallet or else people will think that you have a funny and particular style.</p>\n\n<p style=\"text-align:center\"><img alt=\"f5\" src=\"/storage/news/2.png\" /></p>\n\n<p><br />\n&nbsp;</p>\n<hr />\n<h4><strong>Number 2: Choose The Right Size For Your Wallet</strong></h4>\n\n<p>You should avoid having an over-sized wallet. Don&rsquo;t think that you need to buy a big wallet because you have a lot to carry with you. In addition, a fat wallet is very ugly. It will make it harder for you to slide the wallet into your trousers&rsquo; pocket. In addition, it will create a bulge and ruin your look.</p>\n\n<p>Before you go on to buy a new wallet, clean out your wallet and place all of the items from your wallet on a table. Throw away things that you would never need any more such as the old bills or the expired gift cards. Remember to check your wallet on a frequent basis to get rid of all of the old stuff that you don&rsquo;t need anymore.</p>\n\n<p style=\"text-align:center\"><img alt=\"f1\" src=\"/storage/news/3.png\" /></p>\n\n<p><br />\n&nbsp;</p>\n\n<hr />\n<h4><strong>Number 3: Don&rsquo;t Limit Your Options Of Materials</strong></h4>\n\n<p>The types and designs of wallets are not the only things that you should consider when you go out searching for your best wallet. You have more than 1 option of material rather than leather to choose from as well.</p>\n\n<p>You can experiment with other available options such as cotton, polyester and canvas. They all have their own pros and cons. As a result, they will be suitable for different needs and requirements. You should think about them all in order to choose the material which you would like the most.</p>\n\n<p style=\"text-align:center\"><img alt=\"f6\" height=\"375\" src=\"/storage/news/4.png\" /></p>\n\n<p><br />\n&nbsp;</p>\n\n<hr />\n<h4><strong>Number 4: Consider A Wallet As A Long Term Investment</strong></h4>\n\n<p>Your wallet is indeed an investment that you should consider spending a decent amount of time and effort on it. Another factor that you need to consider is how much you want to spend on your wallet. The price ranges of wallets on the market vary a great deal. You can find a wallet which is as cheap as about 5 to 7 dollars. On the other hand, you should expect to pay around 250 to 300 dollars for a high-quality wallet.</p>\n\n<p>In case you need a wallet to use for a long time, it is a good idea that you should invest a decent amount of money on a wallet. A high quality wallet from a reputational brand with the premium quality such as cowhide leather will last for a long time. In addition, it is an accessory to show off your fashion sense and your social status.</p>\n\n<p style=\"text-align:center\"><img alt=\"f2\" height=\"400\" src=\"/storage/news/5.png\" /></p>\n\n<p>&nbsp;</p>\n','published',NULL,'Botble\\ACL\\Models\\User',1,'news/9.png',2039,NULL,'2023-11-19 00:36:09','2023-11-19 00:36:09'),(10,'The World Caters to Average People','You should pay more attention when you choose your wallets. There are a lot of them on the market with the different designs and styles. When you choose carefully, you would be able to buy a wallet that is catered to your needs. Not to mention that it will help to enhance your style significantly.','<p>I have seen many people underestimating the power of their wallets. To them, they are just a functional item they use to carry. As a result, they often end up with the wallets which are not really suitable for them.</p>\n\n<p>You should pay more attention when you choose your wallets. There are a lot of them on the market with the different designs and styles. When you choose carefully, you would be able to buy a wallet that is catered to your needs. Not to mention that it will help to enhance your style significantly.</p>\n\n<p style=\"text-align:center\"><img alt=\"f4\" src=\"/storage/news/1.png\" /></p>\n\n<p><br />\n&nbsp;</p>\n\n\n\n<p><strong><em>For all of the reason above, here are 7 expert tips to help you pick up the right men&rsquo;s wallet for you:</em></strong></p>\n\n<h4><strong>Number 1: Choose A Neat Wallet</strong></h4>\n\n<p>The wallet is an essential accessory that you should go simple. Simplicity is the best in this case. A simple and neat wallet with the plain color and even&nbsp;<strong>minimalist style</strong>&nbsp;is versatile. It can be used for both formal and casual events. In addition, that wallet will go well with most of the clothes in your wardrobe.</p>\n\n<p>Keep in mind that a wallet will tell other people about your personality and your fashion sense as much as other clothes you put on. Hence, don&rsquo;t go cheesy on your wallet or else people will think that you have a funny and particular style.</p>\n\n<p style=\"text-align:center\"><img alt=\"f5\" src=\"/storage/news/2.png\" /></p>\n\n<p><br />\n&nbsp;</p>\n<hr />\n<h4><strong>Number 2: Choose The Right Size For Your Wallet</strong></h4>\n\n<p>You should avoid having an over-sized wallet. Don&rsquo;t think that you need to buy a big wallet because you have a lot to carry with you. In addition, a fat wallet is very ugly. It will make it harder for you to slide the wallet into your trousers&rsquo; pocket. In addition, it will create a bulge and ruin your look.</p>\n\n<p>Before you go on to buy a new wallet, clean out your wallet and place all of the items from your wallet on a table. Throw away things that you would never need any more such as the old bills or the expired gift cards. Remember to check your wallet on a frequent basis to get rid of all of the old stuff that you don&rsquo;t need anymore.</p>\n\n<p style=\"text-align:center\"><img alt=\"f1\" src=\"/storage/news/3.png\" /></p>\n\n<p><br />\n&nbsp;</p>\n\n<hr />\n<h4><strong>Number 3: Don&rsquo;t Limit Your Options Of Materials</strong></h4>\n\n<p>The types and designs of wallets are not the only things that you should consider when you go out searching for your best wallet. You have more than 1 option of material rather than leather to choose from as well.</p>\n\n<p>You can experiment with other available options such as cotton, polyester and canvas. They all have their own pros and cons. As a result, they will be suitable for different needs and requirements. You should think about them all in order to choose the material which you would like the most.</p>\n\n<p style=\"text-align:center\"><img alt=\"f6\" height=\"375\" src=\"/storage/news/4.png\" /></p>\n\n<p><br />\n&nbsp;</p>\n\n<hr />\n<h4><strong>Number 4: Consider A Wallet As A Long Term Investment</strong></h4>\n\n<p>Your wallet is indeed an investment that you should consider spending a decent amount of time and effort on it. Another factor that you need to consider is how much you want to spend on your wallet. The price ranges of wallets on the market vary a great deal. You can find a wallet which is as cheap as about 5 to 7 dollars. On the other hand, you should expect to pay around 250 to 300 dollars for a high-quality wallet.</p>\n\n<p>In case you need a wallet to use for a long time, it is a good idea that you should invest a decent amount of money on a wallet. A high quality wallet from a reputational brand with the premium quality such as cowhide leather will last for a long time. In addition, it is an accessory to show off your fashion sense and your social status.</p>\n\n<p style=\"text-align:center\"><img alt=\"f2\" height=\"400\" src=\"/storage/news/5.png\" /></p>\n\n<p>&nbsp;</p>\n','published',NULL,'Botble\\ACL\\Models\\User',1,'news/10.png',512,NULL,'2023-11-19 00:36:09','2023-11-19 00:36:09'),(11,'The litigants on the screen are not actors','You should pay more attention when you choose your wallets. There are a lot of them on the market with the different designs and styles. When you choose carefully, you would be able to buy a wallet that is catered to your needs. Not to mention that it will help to enhance your style significantly.','<p>I have seen many people underestimating the power of their wallets. To them, they are just a functional item they use to carry. As a result, they often end up with the wallets which are not really suitable for them.</p>\n\n<p>You should pay more attention when you choose your wallets. There are a lot of them on the market with the different designs and styles. When you choose carefully, you would be able to buy a wallet that is catered to your needs. Not to mention that it will help to enhance your style significantly.</p>\n\n<p style=\"text-align:center\"><img alt=\"f4\" src=\"/storage/news/1.png\" /></p>\n\n<p><br />\n&nbsp;</p>\n\n\n\n<p><strong><em>For all of the reason above, here are 7 expert tips to help you pick up the right men&rsquo;s wallet for you:</em></strong></p>\n\n<h4><strong>Number 1: Choose A Neat Wallet</strong></h4>\n\n<p>The wallet is an essential accessory that you should go simple. Simplicity is the best in this case. A simple and neat wallet with the plain color and even&nbsp;<strong>minimalist style</strong>&nbsp;is versatile. It can be used for both formal and casual events. In addition, that wallet will go well with most of the clothes in your wardrobe.</p>\n\n<p>Keep in mind that a wallet will tell other people about your personality and your fashion sense as much as other clothes you put on. Hence, don&rsquo;t go cheesy on your wallet or else people will think that you have a funny and particular style.</p>\n\n<p style=\"text-align:center\"><img alt=\"f5\" src=\"/storage/news/2.png\" /></p>\n\n<p><br />\n&nbsp;</p>\n<hr />\n<h4><strong>Number 2: Choose The Right Size For Your Wallet</strong></h4>\n\n<p>You should avoid having an over-sized wallet. Don&rsquo;t think that you need to buy a big wallet because you have a lot to carry with you. In addition, a fat wallet is very ugly. It will make it harder for you to slide the wallet into your trousers&rsquo; pocket. In addition, it will create a bulge and ruin your look.</p>\n\n<p>Before you go on to buy a new wallet, clean out your wallet and place all of the items from your wallet on a table. Throw away things that you would never need any more such as the old bills or the expired gift cards. Remember to check your wallet on a frequent basis to get rid of all of the old stuff that you don&rsquo;t need anymore.</p>\n\n<p style=\"text-align:center\"><img alt=\"f1\" src=\"/storage/news/3.png\" /></p>\n\n<p><br />\n&nbsp;</p>\n\n<hr />\n<h4><strong>Number 3: Don&rsquo;t Limit Your Options Of Materials</strong></h4>\n\n<p>The types and designs of wallets are not the only things that you should consider when you go out searching for your best wallet. You have more than 1 option of material rather than leather to choose from as well.</p>\n\n<p>You can experiment with other available options such as cotton, polyester and canvas. They all have their own pros and cons. As a result, they will be suitable for different needs and requirements. You should think about them all in order to choose the material which you would like the most.</p>\n\n<p style=\"text-align:center\"><img alt=\"f6\" height=\"375\" src=\"/storage/news/4.png\" /></p>\n\n<p><br />\n&nbsp;</p>\n\n<hr />\n<h4><strong>Number 4: Consider A Wallet As A Long Term Investment</strong></h4>\n\n<p>Your wallet is indeed an investment that you should consider spending a decent amount of time and effort on it. Another factor that you need to consider is how much you want to spend on your wallet. The price ranges of wallets on the market vary a great deal. You can find a wallet which is as cheap as about 5 to 7 dollars. On the other hand, you should expect to pay around 250 to 300 dollars for a high-quality wallet.</p>\n\n<p>In case you need a wallet to use for a long time, it is a good idea that you should invest a decent amount of money on a wallet. A high quality wallet from a reputational brand with the premium quality such as cowhide leather will last for a long time. In addition, it is an accessory to show off your fashion sense and your social status.</p>\n\n<p style=\"text-align:center\"><img alt=\"f2\" height=\"400\" src=\"/storage/news/5.png\" /></p>\n\n<p>&nbsp;</p>\n','published',NULL,'Botble\\ACL\\Models\\User',0,'news/11.png',970,NULL,'2023-11-19 00:36:09','2023-11-19 00:36:09');
/*!40000 ALTER TABLE `posts` ENABLE KEYS */;
UNLOCK TABLES;

--
-- Table structure for table `posts_translations`
--

DROP TABLE IF EXISTS `posts_translations`;
/*!40101 SET @saved_cs_client     = @@character_set_client */;
/*!50503 SET character_set_client = utf8mb4 */;
CREATE TABLE `posts_translations` (
  `lang_code` varchar(20) COLLATE utf8mb4_unicode_ci NOT NULL,
  `posts_id` bigint unsigned NOT NULL,
  `name` varchar(255) COLLATE utf8mb4_unicode_ci DEFAULT NULL,
  `description` varchar(400) COLLATE utf8mb4_unicode_ci DEFAULT NULL,
  `content` longtext COLLATE utf8mb4_unicode_ci,
  PRIMARY KEY (`lang_code`,`posts_id`)
) ENGINE=InnoDB DEFAULT CHARSET=utf8mb4 COLLATE=utf8mb4_unicode_ci;
/*!40101 SET character_set_client = @saved_cs_client */;

--
-- Dumping data for table `posts_translations`
--

LOCK TABLES `posts_translations` WRITE;
/*!40000 ALTER TABLE `posts_translations` DISABLE KEYS */;
/*!40000 ALTER TABLE `posts_translations` ENABLE KEYS */;
UNLOCK TABLES;

--
-- Table structure for table `revisions`
--

DROP TABLE IF EXISTS `revisions`;
/*!40101 SET @saved_cs_client     = @@character_set_client */;
/*!50503 SET character_set_client = utf8mb4 */;
CREATE TABLE `revisions` (
  `id` bigint unsigned NOT NULL AUTO_INCREMENT,
  `revisionable_type` varchar(191) COLLATE utf8mb4_unicode_ci NOT NULL,
  `revisionable_id` bigint unsigned NOT NULL,
  `user_id` bigint unsigned DEFAULT NULL,
  `key` varchar(120) COLLATE utf8mb4_unicode_ci NOT NULL,
  `old_value` text COLLATE utf8mb4_unicode_ci,
  `new_value` text COLLATE utf8mb4_unicode_ci,
  `created_at` timestamp NULL DEFAULT NULL,
  `updated_at` timestamp NULL DEFAULT NULL,
  PRIMARY KEY (`id`),
  KEY `revisions_revisionable_id_revisionable_type_index` (`revisionable_id`,`revisionable_type`)
) ENGINE=InnoDB DEFAULT CHARSET=utf8mb4 COLLATE=utf8mb4_unicode_ci;
/*!40101 SET character_set_client = @saved_cs_client */;

--
-- Dumping data for table `revisions`
--

LOCK TABLES `revisions` WRITE;
/*!40000 ALTER TABLE `revisions` DISABLE KEYS */;
/*!40000 ALTER TABLE `revisions` ENABLE KEYS */;
UNLOCK TABLES;

--
-- Table structure for table `role_users`
--

DROP TABLE IF EXISTS `role_users`;
/*!40101 SET @saved_cs_client     = @@character_set_client */;
/*!50503 SET character_set_client = utf8mb4 */;
CREATE TABLE `role_users` (
  `user_id` bigint unsigned NOT NULL,
  `role_id` bigint unsigned NOT NULL,
  `created_at` timestamp NULL DEFAULT NULL,
  `updated_at` timestamp NULL DEFAULT NULL,
  PRIMARY KEY (`user_id`,`role_id`),
  KEY `role_users_user_id_index` (`user_id`),
  KEY `role_users_role_id_index` (`role_id`)
) ENGINE=InnoDB DEFAULT CHARSET=utf8mb4 COLLATE=utf8mb4_unicode_ci;
/*!40101 SET character_set_client = @saved_cs_client */;

--
-- Dumping data for table `role_users`
--

LOCK TABLES `role_users` WRITE;
/*!40000 ALTER TABLE `role_users` DISABLE KEYS */;
/*!40000 ALTER TABLE `role_users` ENABLE KEYS */;
UNLOCK TABLES;

--
-- Table structure for table `roles`
--

DROP TABLE IF EXISTS `roles`;
/*!40101 SET @saved_cs_client     = @@character_set_client */;
/*!50503 SET character_set_client = utf8mb4 */;
CREATE TABLE `roles` (
  `id` bigint unsigned NOT NULL AUTO_INCREMENT,
  `slug` varchar(120) COLLATE utf8mb4_unicode_ci NOT NULL,
  `name` varchar(120) COLLATE utf8mb4_unicode_ci NOT NULL,
  `permissions` text COLLATE utf8mb4_unicode_ci,
  `description` varchar(255) COLLATE utf8mb4_unicode_ci DEFAULT NULL,
  `is_default` tinyint unsigned NOT NULL DEFAULT '0',
  `created_by` bigint unsigned NOT NULL,
  `updated_by` bigint unsigned NOT NULL,
  `created_at` timestamp NULL DEFAULT NULL,
  `updated_at` timestamp NULL DEFAULT NULL,
  PRIMARY KEY (`id`),
  UNIQUE KEY `roles_slug_unique` (`slug`),
  KEY `roles_created_by_index` (`created_by`),
  KEY `roles_updated_by_index` (`updated_by`)
) ENGINE=InnoDB AUTO_INCREMENT=2 DEFAULT CHARSET=utf8mb4 COLLATE=utf8mb4_unicode_ci;
/*!40101 SET character_set_client = @saved_cs_client */;

--
-- Dumping data for table `roles`
--

LOCK TABLES `roles` WRITE;
/*!40000 ALTER TABLE `roles` DISABLE KEYS */;
INSERT INTO `roles` VALUES (1,'admin','Admin','{\"users.index\":true,\"users.create\":true,\"users.edit\":true,\"users.destroy\":true,\"roles.index\":true,\"roles.create\":true,\"roles.edit\":true,\"roles.destroy\":true,\"core.system\":true,\"core.manage.license\":true,\"media.index\":true,\"files.index\":true,\"files.create\":true,\"files.edit\":true,\"files.trash\":true,\"files.destroy\":true,\"folders.index\":true,\"folders.create\":true,\"folders.edit\":true,\"folders.trash\":true,\"folders.destroy\":true,\"settings.options\":true,\"settings.email\":true,\"settings.media\":true,\"settings.cronjob\":true,\"menus.index\":true,\"menus.create\":true,\"menus.edit\":true,\"menus.destroy\":true,\"pages.index\":true,\"pages.create\":true,\"pages.edit\":true,\"pages.destroy\":true,\"plugins.index\":true,\"plugins.edit\":true,\"plugins.remove\":true,\"plugins.marketplace\":true,\"core.appearance\":true,\"theme.index\":true,\"theme.activate\":true,\"theme.remove\":true,\"theme.options\":true,\"theme.custom-css\":true,\"theme.custom-js\":true,\"theme.custom-html\":true,\"widgets.index\":true,\"ads.index\":true,\"ads.create\":true,\"ads.edit\":true,\"ads.destroy\":true,\"analytics.general\":true,\"analytics.page\":true,\"analytics.browser\":true,\"analytics.referrer\":true,\"audit-log.index\":true,\"audit-log.destroy\":true,\"backups.index\":true,\"backups.create\":true,\"backups.restore\":true,\"backups.destroy\":true,\"plugins.blog\":true,\"posts.index\":true,\"posts.create\":true,\"posts.edit\":true,\"posts.destroy\":true,\"categories.index\":true,\"categories.create\":true,\"categories.edit\":true,\"categories.destroy\":true,\"tags.index\":true,\"tags.create\":true,\"tags.edit\":true,\"tags.destroy\":true,\"contacts.index\":true,\"contacts.edit\":true,\"contacts.destroy\":true,\"plugins.ecommerce\":true,\"ecommerce.settings\":true,\"ecommerce.report.index\":true,\"products.index\":true,\"products.create\":true,\"products.edit\":true,\"products.destroy\":true,\"products.duplicate\":true,\"product-categories.index\":true,\"product-categories.create\":true,\"product-categories.edit\":true,\"product-categories.destroy\":true,\"product-tag.index\":true,\"product-tag.create\":true,\"product-tag.edit\":true,\"product-tag.destroy\":true,\"brands.index\":true,\"brands.create\":true,\"brands.edit\":true,\"brands.destroy\":true,\"product-collections.index\":true,\"product-collections.create\":true,\"product-collections.edit\":true,\"product-collections.destroy\":true,\"product-attribute-sets.index\":true,\"product-attribute-sets.create\":true,\"product-attribute-sets.edit\":true,\"product-attribute-sets.destroy\":true,\"product-attributes.index\":true,\"product-attributes.create\":true,\"product-attributes.edit\":true,\"product-attributes.destroy\":true,\"tax.index\":true,\"tax.create\":true,\"tax.edit\":true,\"tax.destroy\":true,\"reviews.index\":true,\"reviews.destroy\":true,\"reviews.publish\":true,\"shipping_methods.index\":true,\"ecommerce.shipping-rule-items.index\":true,\"ecommerce.shipping-rule-items.create\":true,\"ecommerce.shipping-rule-items.edit\":true,\"ecommerce.shipping-rule-items.destroy\":true,\"ecommerce.shipping-rule-items.bulk-import\":true,\"ecommerce.shipments.index\":true,\"ecommerce.shipments.create\":true,\"ecommerce.shipments.edit\":true,\"ecommerce.shipments.destroy\":true,\"orders.index\":true,\"orders.create\":true,\"orders.edit\":true,\"orders.destroy\":true,\"discounts.index\":true,\"discounts.create\":true,\"discounts.edit\":true,\"discounts.destroy\":true,\"customers.index\":true,\"customers.create\":true,\"customers.edit\":true,\"customers.destroy\":true,\"flash-sale.index\":true,\"flash-sale.create\":true,\"flash-sale.edit\":true,\"flash-sale.destroy\":true,\"product-label.index\":true,\"product-label.create\":true,\"product-label.edit\":true,\"product-label.destroy\":true,\"ecommerce.import.products.index\":true,\"ecommerce.export.products.index\":true,\"order_returns.index\":true,\"order_returns.edit\":true,\"order_returns.destroy\":true,\"global-option.index\":true,\"global-option.create\":true,\"global-option.edit\":true,\"global-option.destroy\":true,\"ecommerce.invoice.index\":true,\"ecommerce.invoice.edit\":true,\"ecommerce.invoice.destroy\":true,\"ecommerce.invoice-template.index\":true,\"plugin.faq\":true,\"faq.index\":true,\"faq.create\":true,\"faq.edit\":true,\"faq.destroy\":true,\"faq_category.index\":true,\"faq_category.create\":true,\"faq_category.edit\":true,\"faq_category.destroy\":true,\"languages.index\":true,\"languages.create\":true,\"languages.edit\":true,\"languages.destroy\":true,\"plugin.location\":true,\"country.index\":true,\"country.create\":true,\"country.edit\":true,\"country.destroy\":true,\"state.index\":true,\"state.create\":true,\"state.edit\":true,\"state.destroy\":true,\"city.index\":true,\"city.create\":true,\"city.edit\":true,\"city.destroy\":true,\"location.bulk-import.index\":true,\"location.export.index\":true,\"marketplace.index\":true,\"marketplace.store.index\":true,\"marketplace.store.create\":true,\"marketplace.store.edit\":true,\"marketplace.store.destroy\":true,\"marketplace.store.view\":true,\"marketplace.store.revenue.create\":true,\"marketplace.withdrawal.index\":true,\"marketplace.withdrawal.edit\":true,\"marketplace.withdrawal.destroy\":true,\"marketplace.vendors.index\":true,\"marketplace.unverified-vendors.index\":true,\"marketplace.unverified-vendors.edit\":true,\"marketplace.settings\":true,\"marketplace.reports\":true,\"newsletter.index\":true,\"newsletter.destroy\":true,\"payment.index\":true,\"payments.settings\":true,\"payment.destroy\":true,\"simple-slider.index\":true,\"simple-slider.create\":true,\"simple-slider.edit\":true,\"simple-slider.destroy\":true,\"simple-slider-item.index\":true,\"simple-slider-item.create\":true,\"simple-slider-item.edit\":true,\"simple-slider-item.destroy\":true,\"social-login.settings\":true,\"plugins.translation\":true,\"translations.locales\":true,\"translations.theme-translations\":true,\"translations.index\":true}','Admin users role',1,2,2,'2023-11-19 00:36:10','2023-11-19 00:36:10');
/*!40000 ALTER TABLE `roles` ENABLE KEYS */;
UNLOCK TABLES;

--
-- Table structure for table `settings`
--

DROP TABLE IF EXISTS `settings`;
/*!40101 SET @saved_cs_client     = @@character_set_client */;
/*!50503 SET character_set_client = utf8mb4 */;
CREATE TABLE `settings` (
  `id` bigint unsigned NOT NULL AUTO_INCREMENT,
  `key` varchar(255) COLLATE utf8mb4_unicode_ci NOT NULL,
  `value` text COLLATE utf8mb4_unicode_ci,
  `created_at` timestamp NULL DEFAULT NULL,
  `updated_at` timestamp NULL DEFAULT NULL,
  PRIMARY KEY (`id`),
  UNIQUE KEY `settings_key_unique` (`key`)
) ENGINE=InnoDB AUTO_INCREMENT=61 DEFAULT CHARSET=utf8mb4 COLLATE=utf8mb4_unicode_ci;
/*!40101 SET character_set_client = @saved_cs_client */;

--
-- Dumping data for table `settings`
--

LOCK TABLES `settings` WRITE;
/*!40000 ALTER TABLE `settings` DISABLE KEYS */;
INSERT INTO `settings` VALUES (1,'media_random_hash','af58abe06454b48e49e60768ec28c3c4',NULL,'2023-11-19 00:36:13'),(2,'api_enabled','0',NULL,'2023-11-19 00:36:13'),(3,'activated_plugins','[\"language\",\"language-advanced\",\"ads\",\"analytics\",\"audit-log\",\"backup\",\"blog\",\"bottom-bar-menu\",\"captcha\",\"contact\",\"cookie-consent\",\"ecommerce\",\"faq\",\"location\",\"marketplace\",\"newsletter\",\"payment\",\"paypal\",\"paypal-payout\",\"paystack\",\"razorpay\",\"shippo\",\"simple-slider\",\"social-login\",\"sslcommerz\",\"stripe\",\"translation\"]',NULL,'2023-11-19 00:36:13'),(6,'theme','nest',NULL,'2023-11-19 00:36:13'),(7,'show_admin_bar','1',NULL,'2023-11-19 00:36:13'),(8,'language_hide_default','1',NULL,'2023-11-19 00:36:13'),(9,'language_switcher_display','dropdown',NULL,'2023-11-19 00:36:13'),(10,'language_display','all',NULL,'2023-11-19 00:36:13'),(11,'language_hide_languages','[]',NULL,'2023-11-19 00:36:13'),(12,'ecommerce_store_name','Nest',NULL,NULL),(13,'ecommerce_store_phone','18006268',NULL,NULL),(14,'ecommerce_store_address','North Link Building, 10 Admiralty Street',NULL,NULL),(15,'ecommerce_store_state','Singapore',NULL,NULL),(16,'ecommerce_store_city','Singapore',NULL,NULL),(17,'ecommerce_store_country','SG',NULL,NULL),(18,'payment_cod_status','1',NULL,'2023-11-19 00:36:13'),(19,'payment_bank_transfer_status','1',NULL,'2023-11-19 00:36:13'),(20,'admin_favicon','general/favicon.png',NULL,'2023-11-19 00:36:13'),(21,'admin_logo','general/logo.png',NULL,'2023-11-19 00:36:13'),(22,'permalink-botble-blog-models-post','blog',NULL,'2023-11-19 00:36:13'),(23,'permalink-botble-blog-models-category','blog',NULL,'2023-11-19 00:36:13'),(24,'payment_cod_description','Please pay money directly to the postman, if you choose cash on delivery method (COD).',NULL,'2023-11-19 00:36:13'),(25,'payment_bank_transfer_description','Please send money to our bank account: ACB - 69270 213 19.',NULL,'2023-11-19 00:36:13'),(26,'payment_stripe_payment_type','stripe_checkout',NULL,'2023-11-19 00:36:13'),(27,'plugins_ecommerce_customer_new_order_status','0',NULL,'2023-11-19 00:36:13'),(28,'plugins_ecommerce_admin_new_order_status','0',NULL,'2023-11-19 00:36:13'),(29,'ecommerce_is_enabled_support_digital_products','1',NULL,'2023-11-19 00:36:13'),(30,'ecommerce_load_countries_states_cities_from_location_plugin','0',NULL,'2023-11-19 00:36:13'),(31,'payment_bank_transfer_display_bank_info_at_the_checkout_success_page','1',NULL,'2023-11-19 00:36:13'),(32,'ecommerce_product_sku_format','NST-2443-[%S]',NULL,'2023-11-19 00:36:13'),(33,'theme-nest-site_title','Nest - Laravel Multipurpose eCommerce Script',NULL,NULL),(34,'theme-nest-seo_description','Nest is an attractive Laravel multivendor eCommerce script specially designed for the multipurpose shops like mega store, grocery store, supermarket, organic shop, and online stores selling products like beverages, vegetables, fruits, ice creams, paste, herbs, juice, meat, cold drinks, sausages, cocktails, soft drinks, cookies…',NULL,NULL),(35,'theme-nest-copyright','Copyright © 2023 Nest all rights reserved. Powered by Botble.',NULL,NULL),(36,'theme-nest-favicon','general/favicon.png',NULL,NULL),(37,'theme-nest-logo','general/logo.png',NULL,NULL),(38,'theme-nest-seo_og_image','general/open-graph-image.png',NULL,NULL),(39,'theme-nest-address','562 Wellington Road, Street 32, San Francisco',NULL,NULL),(40,'theme-nest-hotline','1900 - 888',NULL,NULL),(41,'theme-nest-phone','+01 2222 365 /(+91) 01 2345 6789',NULL,NULL),(42,'theme-nest-working_hours','10:00 - 18:00, Mon - Sat',NULL,NULL),(43,'theme-nest-homepage_id','1',NULL,NULL),(44,'theme-nest-blog_page_id','5',NULL,NULL),(45,'theme-nest-cookie_consent_message','Your experience on this site will be improved by allowing cookies ',NULL,NULL),(46,'theme-nest-cookie_consent_learn_more_url','https://nest.test/cookie-policy',NULL,NULL),(47,'theme-nest-cookie_consent_learn_more_text','Cookie Policy',NULL,NULL),(48,'theme-nest-payment_methods','general/payment-methods.png',NULL,NULL),(49,'theme-nest-number_of_cross_sale_product','4',NULL,NULL),(50,'theme-nest-mobile-header-message','<span>Grand opening, <strong>up to 15%</strong> off all items. Only <strong>3 days</strong> left</span>',NULL,NULL),(51,'theme-nest-blog_page_background','general/header-bg.png',NULL,NULL),(52,'theme-nest-blog_page_icon','general/category-1.png',NULL,NULL),(53,'theme-nest-image_in_login_page','general/login-1.png',NULL,NULL),(54,'theme-nest-number_of_products_per_page','12',NULL,NULL),(55,'theme-nest-preloader_enabled','yes',NULL,NULL),(56,'theme-nest-preloader_version','v2',NULL,NULL),(57,'theme-nest-preloader_image','general/loading.gif',NULL,NULL),(58,'theme-nest-social_links','[[{\"key\":\"social-name\",\"value\":\"Facebook\"},{\"key\":\"social-icon\",\"value\":\"general\\/facebook.png\"},{\"key\":\"social-url\",\"value\":\"https:\\/\\/www.facebook.com\\/\"}],[{\"key\":\"social-name\",\"value\":\"Twitter\"},{\"key\":\"social-icon\",\"value\":\"general\\/twitter.png\"},{\"key\":\"social-url\",\"value\":\"https:\\/\\/www.twitter.com\\/\"}],[{\"key\":\"social-name\",\"value\":\"Instagram\"},{\"key\":\"social-icon\",\"value\":\"general\\/instagram.png\"},{\"key\":\"social-url\",\"value\":\"https:\\/\\/www.instagram.com\\/\"}],[{\"key\":\"social-name\",\"value\":\"Pinterest\"},{\"key\":\"social-icon\",\"value\":\"general\\/pinterest.png\"},{\"key\":\"social-url\",\"value\":\"https:\\/\\/www.pinterest.com\\/\"}],[{\"key\":\"social-name\",\"value\":\"Youtube\"},{\"key\":\"social-icon\",\"value\":\"general\\/youtube.png\"},{\"key\":\"social-url\",\"value\":\"https:\\/\\/www.youtube.com\\/\"}]]',NULL,NULL),(59,'theme-nest-header_messages','[[{\"key\":\"icon\",\"value\":\"fi-rs-bell\"},{\"key\":\"message\",\"value\":\"<b class=\\\"text-success\\\"> Trendy 25<\\/b> silver jewelry, save up 35% off today\"},{\"key\":\"link\",\"value\":\"\\/products\"},{\"key\":\"link_text\",\"value\":\"Shop now\"}],[{\"key\":\"icon\",\"value\":\"fi-rs-asterisk\"},{\"key\":\"message\",\"value\":\"<b class=\\\"text-danger\\\">Super Value Deals<\\/b> - Save more with coupons\"},{\"key\":\"link\",\"value\":\"\\/products\"},{\"key\":\"link_text\",\"value\":null}],[{\"key\":\"icon\",\"value\":\"fi-rs-angle-double-right\"},{\"key\":\"message\",\"value\":\"Get great devices up to 50% off\"},{\"key\":\"link\",\"value\":\"\\/products\"},{\"key\":\"link_text\",\"value\":\"View details\"}]]',NULL,NULL),(60,'theme-nest-contact_info_boxes','[[{\"key\":\"name\",\"value\":\"Head Office\"},{\"key\":\"address\",\"value\":\"205 North Michigan Avenue, Suite 810, Chicago, 60601, USA\"},{\"key\":\"phone\",\"value\":\"(+01) 234 567\"},{\"key\":\"email\",\"value\":\"office@botble.com\"}],[{\"key\":\"name\",\"value\":\"Our Studio\"},{\"key\":\"address\",\"value\":\"205 North Michigan Avenue, Suite 810, Chicago, 60601, USA\"},{\"key\":\"phone\",\"value\":\"(+01) 234 567\"},{\"key\":\"email\",\"value\":\"studio@botble.com\"}],[{\"key\":\"name\",\"value\":\"Our Shop\"},{\"key\":\"address\",\"value\":\"205 North Michigan Avenue, Suite 810, Chicago, 60601, USA\"},{\"key\":\"phone\",\"value\":\"(+01) 234 567\"},{\"key\":\"email\",\"value\":\"shop@botble.com\"}]]',NULL,NULL);
/*!40000 ALTER TABLE `settings` ENABLE KEYS */;
UNLOCK TABLES;

--
-- Table structure for table `simple_slider_items`
--

DROP TABLE IF EXISTS `simple_slider_items`;
/*!40101 SET @saved_cs_client     = @@character_set_client */;
/*!50503 SET character_set_client = utf8mb4 */;
CREATE TABLE `simple_slider_items` (
  `id` bigint unsigned NOT NULL AUTO_INCREMENT,
  `simple_slider_id` bigint unsigned NOT NULL,
  `title` varchar(255) COLLATE utf8mb4_unicode_ci DEFAULT NULL,
  `image` varchar(255) COLLATE utf8mb4_unicode_ci NOT NULL,
  `link` varchar(255) COLLATE utf8mb4_unicode_ci DEFAULT NULL,
  `description` text COLLATE utf8mb4_unicode_ci,
  `order` int unsigned NOT NULL DEFAULT '0',
  `created_at` timestamp NULL DEFAULT NULL,
  `updated_at` timestamp NULL DEFAULT NULL,
  PRIMARY KEY (`id`)
) ENGINE=InnoDB AUTO_INCREMENT=18 DEFAULT CHARSET=utf8mb4 COLLATE=utf8mb4_unicode_ci;
/*!40101 SET character_set_client = @saved_cs_client */;

--
-- Dumping data for table `simple_slider_items`
--

LOCK TABLES `simple_slider_items` WRITE;
/*!40000 ALTER TABLE `simple_slider_items` DISABLE KEYS */;
INSERT INTO `simple_slider_items` VALUES (1,1,'Don’t miss amazing<br> grocery deals','sliders/1-1.png','/products','Sign up for the daily newsletter',1,'2023-11-19 00:36:08','2023-11-19 00:36:08'),(2,1,'Fresh Vegetables<br>\n										Big discount','sliders/1-2.png','/products','Save up to 50% off on your first order',2,'2023-11-19 00:36:08','2023-11-19 00:36:08'),(3,2,'Don’t miss amazing<br> grocery deals','sliders/2-1.png','/products','Sign up for the daily newsletter',1,'2023-11-19 00:36:08','2023-11-19 00:36:08'),(4,2,'Fresh Vegetables<br>\n										Big discount','sliders/2-2.png','/products','Save up to 50% off on your first order',2,'2023-11-19 00:36:08','2023-11-19 00:36:08'),(5,3,'Don’t miss amazing<br> grocery deals','sliders/3-1.png','/products','Sign up for the daily newsletter',1,'2023-11-19 00:36:08','2023-11-19 00:36:08'),(6,3,'Fresh Vegetables<br>\n										Big discount','sliders/3-2.png','/products','Save up to 50% off on your first order',2,'2023-11-19 00:36:08','2023-11-19 00:36:08'),(7,4,'Don’t miss amazing<br> grocery deals','sliders/4-1.png','/products','Sign up for the daily newsletter',1,'2023-11-19 00:36:08','2023-11-19 00:36:08'),(8,4,'Fresh Vegetables<br>\n										Big discount','sliders/4-2.png','/products','Save up to 50% off on your first order',2,'2023-11-19 00:36:08','2023-11-19 00:36:08'),(9,5,'Don’t miss amazing<br> grocery deals','sliders/5-1.png','/products','Sign up for the daily newsletter',1,'2023-11-19 00:36:08','2023-11-19 00:36:08'),(10,5,'Fresh Vegetables<br>\n										Big discount','sliders/5-2.png','/products','Save up to 50% off on your first order',2,'2023-11-19 00:36:08','2023-11-19 00:36:08'),(11,6,'Don’t miss amazing<br> grocery deals','sliders/6-1.png','/products','Sign up for the daily newsletter',1,'2023-11-19 00:36:08','2023-11-19 00:36:08'),(12,7,NULL,'sliders/thumbnail-1.jpg',NULL,NULL,1,'2023-11-19 00:36:08','2023-11-19 00:36:08'),(13,7,NULL,'sliders/thumbnail-2.jpg',NULL,NULL,2,'2023-11-19 00:36:08','2023-11-19 00:36:08'),(14,7,NULL,'sliders/thumbnail-3.jpg',NULL,NULL,3,'2023-11-19 00:36:08','2023-11-19 00:36:08'),(15,7,NULL,'sliders/thumbnail-4.jpg',NULL,NULL,4,'2023-11-19 00:36:08','2023-11-19 00:36:08'),(16,7,NULL,'sliders/thumbnail-5.jpg',NULL,NULL,5,'2023-11-19 00:36:08','2023-11-19 00:36:08'),(17,7,NULL,'sliders/thumbnail-6.jpg',NULL,NULL,6,'2023-11-19 00:36:08','2023-11-19 00:36:08');
/*!40000 ALTER TABLE `simple_slider_items` ENABLE KEYS */;
UNLOCK TABLES;

--
-- Table structure for table `simple_sliders`
--

DROP TABLE IF EXISTS `simple_sliders`;
/*!40101 SET @saved_cs_client     = @@character_set_client */;
/*!50503 SET character_set_client = utf8mb4 */;
CREATE TABLE `simple_sliders` (
  `id` bigint unsigned NOT NULL AUTO_INCREMENT,
  `name` varchar(120) COLLATE utf8mb4_unicode_ci NOT NULL,
  `key` varchar(120) COLLATE utf8mb4_unicode_ci NOT NULL,
  `description` varchar(255) COLLATE utf8mb4_unicode_ci DEFAULT NULL,
  `status` varchar(60) COLLATE utf8mb4_unicode_ci NOT NULL DEFAULT 'published',
  `created_at` timestamp NULL DEFAULT NULL,
  `updated_at` timestamp NULL DEFAULT NULL,
  PRIMARY KEY (`id`)
) ENGINE=InnoDB AUTO_INCREMENT=8 DEFAULT CHARSET=utf8mb4 COLLATE=utf8mb4_unicode_ci;
/*!40101 SET character_set_client = @saved_cs_client */;

--
-- Dumping data for table `simple_sliders`
--

LOCK TABLES `simple_sliders` WRITE;
/*!40000 ALTER TABLE `simple_sliders` DISABLE KEYS */;
INSERT INTO `simple_sliders` VALUES (1,'Home slider 1','home-slider-1',NULL,'published','2023-11-19 00:36:08','2023-11-19 00:36:08'),(2,'Home slider 2','home-slider-2',NULL,'published','2023-11-19 00:36:08','2023-11-19 00:36:08'),(3,'Home slider 3','home-slider-3',NULL,'published','2023-11-19 00:36:08','2023-11-19 00:36:08'),(4,'Home slider 4','home-slider-4',NULL,'published','2023-11-19 00:36:08','2023-11-19 00:36:08'),(5,'Home slider 5','home-slider-5',NULL,'published','2023-11-19 00:36:08','2023-11-19 00:36:08'),(6,'Home slider 6','home-slider-6',NULL,'published','2023-11-19 00:36:08','2023-11-19 00:36:08'),(7,'Blog slider 1','blog-slider-1',NULL,'published','2023-11-19 00:36:08','2023-11-19 00:36:08');
/*!40000 ALTER TABLE `simple_sliders` ENABLE KEYS */;
UNLOCK TABLES;

--
-- Table structure for table `slugs`
--

DROP TABLE IF EXISTS `slugs`;
/*!40101 SET @saved_cs_client     = @@character_set_client */;
/*!50503 SET character_set_client = utf8mb4 */;
CREATE TABLE `slugs` (
  `id` bigint unsigned NOT NULL AUTO_INCREMENT,
  `key` varchar(255) COLLATE utf8mb4_unicode_ci NOT NULL,
  `reference_id` bigint unsigned NOT NULL,
  `reference_type` varchar(255) COLLATE utf8mb4_unicode_ci NOT NULL,
  `prefix` varchar(120) COLLATE utf8mb4_unicode_ci DEFAULT '',
  `created_at` timestamp NULL DEFAULT NULL,
  `updated_at` timestamp NULL DEFAULT NULL,
  PRIMARY KEY (`id`),
  KEY `slugs_reference_id_index` (`reference_id`),
  KEY `slugs_key_index` (`key`),
  KEY `slugs_prefix_index` (`prefix`),
  KEY `slugs_reference_index` (`reference_id`,`reference_type`)
) ENGINE=InnoDB AUTO_INCREMENT=92 DEFAULT CHARSET=utf8mb4 COLLATE=utf8mb4_unicode_ci;
/*!40101 SET character_set_client = @saved_cs_client */;

--
-- Dumping data for table `slugs`
--

LOCK TABLES `slugs` WRITE;
/*!40000 ALTER TABLE `slugs` DISABLE KEYS */;
INSERT INTO `slugs` VALUES (1,'perxsion',1,'Botble\\Ecommerce\\Models\\Brand','brands','2023-11-19 00:35:54','2023-11-19 00:35:54'),(2,'hiching',2,'Botble\\Ecommerce\\Models\\Brand','brands','2023-11-19 00:35:54','2023-11-19 00:35:54'),(3,'kepslo',3,'Botble\\Ecommerce\\Models\\Brand','brands','2023-11-19 00:35:54','2023-11-19 00:35:54'),(4,'groneba',4,'Botble\\Ecommerce\\Models\\Brand','brands','2023-11-19 00:35:54','2023-11-19 00:35:54'),(5,'babian',5,'Botble\\Ecommerce\\Models\\Brand','brands','2023-11-19 00:35:54','2023-11-19 00:35:54'),(6,'valorant',6,'Botble\\Ecommerce\\Models\\Brand','brands','2023-11-19 00:35:54','2023-11-19 00:35:54'),(7,'pure',7,'Botble\\Ecommerce\\Models\\Brand','brands','2023-11-19 00:35:54','2023-11-19 00:35:54'),(8,'milks-and-dairies',1,'Botble\\Ecommerce\\Models\\ProductCategory','product-categories','2023-11-19 00:35:56','2023-11-19 00:35:56'),(9,'clothing-beauty',2,'Botble\\Ecommerce\\Models\\ProductCategory','product-categories','2023-11-19 00:35:56','2023-11-19 00:35:56'),(10,'pet-toy',3,'Botble\\Ecommerce\\Models\\ProductCategory','product-categories','2023-11-19 00:35:56','2023-11-19 00:35:56'),(11,'baking-material',4,'Botble\\Ecommerce\\Models\\ProductCategory','product-categories','2023-11-19 00:35:56','2023-11-19 00:35:56'),(12,'fresh-fruit',5,'Botble\\Ecommerce\\Models\\ProductCategory','product-categories','2023-11-19 00:35:56','2023-11-19 00:35:56'),(13,'wines-drinks',6,'Botble\\Ecommerce\\Models\\ProductCategory','product-categories','2023-11-19 00:35:56','2023-11-19 00:35:56'),(14,'fresh-seafood',7,'Botble\\Ecommerce\\Models\\ProductCategory','product-categories','2023-11-19 00:35:56','2023-11-19 00:35:56'),(15,'fast-food',8,'Botble\\Ecommerce\\Models\\ProductCategory','product-categories','2023-11-19 00:35:56','2023-11-19 00:35:56'),(16,'vegetables',9,'Botble\\Ecommerce\\Models\\ProductCategory','product-categories','2023-11-19 00:35:56','2023-11-19 00:35:56'),(17,'bread-and-juice',10,'Botble\\Ecommerce\\Models\\ProductCategory','product-categories','2023-11-19 00:35:56','2023-11-19 00:35:56'),(18,'cake-milk',11,'Botble\\Ecommerce\\Models\\ProductCategory','product-categories','2023-11-19 00:35:56','2023-11-19 00:35:56'),(19,'coffee-teas',12,'Botble\\Ecommerce\\Models\\ProductCategory','product-categories','2023-11-19 00:35:56','2023-11-19 00:35:56'),(20,'pet-foods',13,'Botble\\Ecommerce\\Models\\ProductCategory','product-categories','2023-11-19 00:35:56','2023-11-19 00:35:56'),(21,'diet-foods',14,'Botble\\Ecommerce\\Models\\ProductCategory','product-categories','2023-11-19 00:35:56','2023-11-19 00:35:56'),(22,'wallet',1,'Botble\\Ecommerce\\Models\\ProductTag','product-tags','2023-11-19 00:35:56','2023-11-19 00:35:56'),(23,'bags',2,'Botble\\Ecommerce\\Models\\ProductTag','product-tags','2023-11-19 00:35:56','2023-11-19 00:35:56'),(24,'shoes',3,'Botble\\Ecommerce\\Models\\ProductTag','product-tags','2023-11-19 00:35:56','2023-11-19 00:35:56'),(25,'clothes',4,'Botble\\Ecommerce\\Models\\ProductTag','product-tags','2023-11-19 00:35:56','2023-11-19 00:35:56'),(26,'hand-bag',5,'Botble\\Ecommerce\\Models\\ProductTag','product-tags','2023-11-19 00:35:56','2023-11-19 00:35:56'),(27,'seeds-of-change-organic-quinoe-digital',1,'Botble\\Ecommerce\\Models\\Product','products','2023-11-19 00:36:00','2023-11-19 00:36:00'),(28,'all-natural-italian-style-chicken-meatballs',2,'Botble\\Ecommerce\\Models\\Product','products','2023-11-19 00:36:00','2023-11-19 00:36:00'),(29,'angies-boomchickapop-sweet-salty-kettle-corn',3,'Botble\\Ecommerce\\Models\\Product','products','2023-11-19 00:36:00','2023-11-19 00:36:00'),(30,'foster-farms-takeout-crispy-classic',4,'Botble\\Ecommerce\\Models\\Product','products','2023-11-19 00:36:00','2023-11-19 00:36:00'),(31,'blue-diamond-almonds-lightly-digital',5,'Botble\\Ecommerce\\Models\\Product','products','2023-11-19 00:36:00','2023-11-19 00:36:00'),(32,'chobani-complete-vanilla-greek',6,'Botble\\Ecommerce\\Models\\Product','products','2023-11-19 00:36:00','2023-11-19 00:36:00'),(33,'canada-dry-ginger-ale-2-l-bottle',7,'Botble\\Ecommerce\\Models\\Product','products','2023-11-19 00:36:00','2023-11-19 00:36:00'),(34,'encore-seafoods-stuffed-alaskan',8,'Botble\\Ecommerce\\Models\\Product','products','2023-11-19 00:36:00','2023-11-19 00:36:00'),(35,'gortons-beer-battered-fish-fillets-digital',9,'Botble\\Ecommerce\\Models\\Product','products','2023-11-19 00:36:00','2023-11-19 00:36:00'),(36,'haagen-dazs-caramel-cone-ice-cream',10,'Botble\\Ecommerce\\Models\\Product','products','2023-11-19 00:36:00','2023-11-19 00:36:00'),(37,'nestle-original-coffee-mate-coffee-creamer',11,'Botble\\Ecommerce\\Models\\Product','products','2023-11-19 00:36:00','2023-11-19 00:36:00'),(38,'naturally-flavored-cinnamon-vanilla-light-roast-coffee',12,'Botble\\Ecommerce\\Models\\Product','products','2023-11-19 00:36:00','2023-11-19 00:36:00'),(39,'pepperidge-farm-farmhouse-hearty-white-bread-digital',13,'Botble\\Ecommerce\\Models\\Product','products','2023-11-19 00:36:00','2023-11-19 00:36:00'),(40,'organic-frozen-triple-berry-blend',14,'Botble\\Ecommerce\\Models\\Product','products','2023-11-19 00:36:00','2023-11-19 00:36:00'),(41,'oroweat-country-buttermilk-bread',15,'Botble\\Ecommerce\\Models\\Product','products','2023-11-19 00:36:00','2023-11-19 00:36:00'),(42,'foster-farms-takeout-crispy-classic-buffalo-wings',16,'Botble\\Ecommerce\\Models\\Product','products','2023-11-19 00:36:00','2023-11-19 00:36:00'),(43,'angies-boomchickapop-sweet-salty-kettle-corn-digital',17,'Botble\\Ecommerce\\Models\\Product','products','2023-11-19 00:36:00','2023-11-19 00:36:00'),(44,'all-natural-italian-style-chicken-meatballs',18,'Botble\\Ecommerce\\Models\\Product','products','2023-11-19 00:36:00','2023-11-19 00:36:00'),(45,'simply-lemonade-with-raspberry-juice',19,'Botble\\Ecommerce\\Models\\Product','products','2023-11-19 00:36:00','2023-11-19 00:36:00'),(46,'perdue-simply-smart-organics-gluten-free',20,'Botble\\Ecommerce\\Models\\Product','products','2023-11-19 00:36:00','2023-11-19 00:36:00'),(47,'chen-watermelon-digital',21,'Botble\\Ecommerce\\Models\\Product','products','2023-11-19 00:36:01','2023-11-19 00:36:01'),(48,'organic-cage-free-grade-a-large-brown-eggs',22,'Botble\\Ecommerce\\Models\\Product','products','2023-11-19 00:36:01','2023-11-19 00:36:01'),(49,'colorful-banana',23,'Botble\\Ecommerce\\Models\\Product','products','2023-11-19 00:36:01','2023-11-19 00:36:01'),(50,'signature-wood-fired-mushroom-and-caramelized',24,'Botble\\Ecommerce\\Models\\Product','products','2023-11-19 00:36:01','2023-11-19 00:36:01'),(51,'ecommerce',1,'Botble\\Blog\\Models\\Category','blog','2023-11-19 00:36:09','2023-11-19 00:36:10'),(52,'fashion',2,'Botble\\Blog\\Models\\Category','blog','2023-11-19 00:36:09','2023-11-19 00:36:10'),(53,'electronic',3,'Botble\\Blog\\Models\\Category','blog','2023-11-19 00:36:09','2023-11-19 00:36:10'),(54,'commercial',4,'Botble\\Blog\\Models\\Category','blog','2023-11-19 00:36:09','2023-11-19 00:36:10'),(55,'general',1,'Botble\\Blog\\Models\\Tag','tag','2023-11-19 00:36:09','2023-11-19 00:36:09'),(56,'design',2,'Botble\\Blog\\Models\\Tag','tag','2023-11-19 00:36:09','2023-11-19 00:36:09'),(57,'fashion',3,'Botble\\Blog\\Models\\Tag','tag','2023-11-19 00:36:09','2023-11-19 00:36:09'),(58,'branding',4,'Botble\\Blog\\Models\\Tag','tag','2023-11-19 00:36:09','2023-11-19 00:36:09'),(59,'modern',5,'Botble\\Blog\\Models\\Tag','tag','2023-11-19 00:36:09','2023-11-19 00:36:09'),(60,'4-expert-tips-on-how-to-choose-the-right-mens-wallet',1,'Botble\\Blog\\Models\\Post','blog','2023-11-19 00:36:09','2023-11-19 00:36:10'),(61,'sexy-clutches-how-to-buy-wear-a-designer-clutch-bag',2,'Botble\\Blog\\Models\\Post','blog','2023-11-19 00:36:09','2023-11-19 00:36:10'),(62,'the-top-2020-handbag-trends-to-know',3,'Botble\\Blog\\Models\\Post','blog','2023-11-19 00:36:09','2023-11-19 00:36:10'),(63,'how-to-match-the-color-of-your-handbag-with-an-outfit',4,'Botble\\Blog\\Models\\Post','blog','2023-11-19 00:36:09','2023-11-19 00:36:10'),(64,'how-to-care-for-leather-bags',5,'Botble\\Blog\\Models\\Post','blog','2023-11-19 00:36:09','2023-11-19 00:36:10'),(65,'were-crushing-hard-on-summers-10-biggest-bag-trends',6,'Botble\\Blog\\Models\\Post','blog','2023-11-19 00:36:09','2023-11-19 00:36:10'),(66,'essential-qualities-of-highly-successful-music',7,'Botble\\Blog\\Models\\Post','blog','2023-11-19 00:36:09','2023-11-19 00:36:10'),(67,'9-things-i-love-about-shaving-my-head',8,'Botble\\Blog\\Models\\Post','blog','2023-11-19 00:36:09','2023-11-19 00:36:10'),(68,'why-teamwork-really-makes-the-dream-work',9,'Botble\\Blog\\Models\\Post','blog','2023-11-19 00:36:09','2023-11-19 00:36:10'),(69,'the-world-caters-to-average-people',10,'Botble\\Blog\\Models\\Post','blog','2023-11-19 00:36:09','2023-11-19 00:36:10'),(70,'the-litigants-on-the-screen-are-not-actors',11,'Botble\\Blog\\Models\\Post','blog','2023-11-19 00:36:09','2023-11-19 00:36:10'),(71,'homepage',1,'Botble\\Page\\Models\\Page','','2023-11-19 00:36:09','2023-11-19 00:36:09'),(72,'homepage-2',2,'Botble\\Page\\Models\\Page','','2023-11-19 00:36:09','2023-11-19 00:36:09'),(73,'homepage-3',3,'Botble\\Page\\Models\\Page','','2023-11-19 00:36:09','2023-11-19 00:36:09'),(74,'homepage-4',4,'Botble\\Page\\Models\\Page','','2023-11-19 00:36:09','2023-11-19 00:36:09'),(75,'blog',5,'Botble\\Page\\Models\\Page','','2023-11-19 00:36:09','2023-11-19 00:36:09'),(76,'contact',6,'Botble\\Page\\Models\\Page','','2023-11-19 00:36:09','2023-11-19 00:36:09'),(77,'about-us',7,'Botble\\Page\\Models\\Page','','2023-11-19 00:36:09','2023-11-19 00:36:09'),(78,'cookie-policy',8,'Botble\\Page\\Models\\Page','','2023-11-19 00:36:09','2023-11-19 00:36:09'),(79,'terms-conditions',9,'Botble\\Page\\Models\\Page','','2023-11-19 00:36:09','2023-11-19 00:36:09'),(80,'returns-exchanges',10,'Botble\\Page\\Models\\Page','','2023-11-19 00:36:09','2023-11-19 00:36:09'),(81,'shipping-delivery',11,'Botble\\Page\\Models\\Page','','2023-11-19 00:36:09','2023-11-19 00:36:09'),(82,'privacy-policy',12,'Botble\\Page\\Models\\Page','','2023-11-19 00:36:09','2023-11-19 00:36:09'),(83,'blog-list',13,'Botble\\Page\\Models\\Page','','2023-11-19 00:36:09','2023-11-19 00:36:09'),(84,'blog-big',14,'Botble\\Page\\Models\\Page','','2023-11-19 00:36:09','2023-11-19 00:36:09'),(85,'blog-wide',15,'Botble\\Page\\Models\\Page','','2023-11-19 00:36:09','2023-11-19 00:36:09'),(86,'homepage-5',16,'Botble\\Page\\Models\\Page','','2023-11-19 00:36:09','2023-11-19 00:36:09'),(87,'homepage-6',17,'Botble\\Page\\Models\\Page','','2023-11-19 00:36:09','2023-11-19 00:36:09'),(88,'faq',18,'Botble\\Page\\Models\\Page','','2023-11-19 00:36:09','2023-11-19 00:36:09'),(89,'gopro',1,'Botble\\Marketplace\\Models\\Store','stores','2023-11-19 00:36:15','2023-11-19 00:36:15'),(90,'global-office',2,'Botble\\Marketplace\\Models\\Store','stores','2023-11-19 00:36:15','2023-11-19 00:36:15'),(91,'young-shop',3,'Botble\\Marketplace\\Models\\Store','stores','2023-11-19 00:36:15','2023-11-19 00:36:15');
/*!40000 ALTER TABLE `slugs` ENABLE KEYS */;
UNLOCK TABLES;

--
-- Table structure for table `slugs_translations`
--

DROP TABLE IF EXISTS `slugs_translations`;
/*!40101 SET @saved_cs_client     = @@character_set_client */;
/*!50503 SET character_set_client = utf8mb4 */;
CREATE TABLE `slugs_translations` (
  `lang_code` varchar(20) COLLATE utf8mb4_unicode_ci NOT NULL,
  `slugs_id` bigint unsigned NOT NULL,
  `key` varchar(255) COLLATE utf8mb4_unicode_ci DEFAULT NULL,
  `prefix` varchar(120) COLLATE utf8mb4_unicode_ci DEFAULT '',
  PRIMARY KEY (`lang_code`,`slugs_id`)
) ENGINE=InnoDB DEFAULT CHARSET=utf8mb4 COLLATE=utf8mb4_unicode_ci;
/*!40101 SET character_set_client = @saved_cs_client */;

--
-- Dumping data for table `slugs_translations`
--

LOCK TABLES `slugs_translations` WRITE;
/*!40000 ALTER TABLE `slugs_translations` DISABLE KEYS */;
/*!40000 ALTER TABLE `slugs_translations` ENABLE KEYS */;
UNLOCK TABLES;

--
-- Table structure for table `states`
--

DROP TABLE IF EXISTS `states`;
/*!40101 SET @saved_cs_client     = @@character_set_client */;
/*!50503 SET character_set_client = utf8mb4 */;
CREATE TABLE `states` (
  `id` bigint unsigned NOT NULL AUTO_INCREMENT,
  `name` varchar(120) COLLATE utf8mb4_unicode_ci NOT NULL,
  `slug` varchar(120) COLLATE utf8mb4_unicode_ci DEFAULT NULL,
  `abbreviation` varchar(10) COLLATE utf8mb4_unicode_ci DEFAULT NULL,
  `country_id` bigint unsigned DEFAULT NULL,
  `order` tinyint NOT NULL DEFAULT '0',
  `image` varchar(255) COLLATE utf8mb4_unicode_ci DEFAULT NULL,
  `is_default` tinyint unsigned NOT NULL DEFAULT '0',
  `status` varchar(60) COLLATE utf8mb4_unicode_ci NOT NULL DEFAULT 'published',
  `created_at` timestamp NULL DEFAULT NULL,
  `updated_at` timestamp NULL DEFAULT NULL,
  PRIMARY KEY (`id`),
  UNIQUE KEY `states_slug_unique` (`slug`)
) ENGINE=InnoDB DEFAULT CHARSET=utf8mb4 COLLATE=utf8mb4_unicode_ci;
/*!40101 SET character_set_client = @saved_cs_client */;

--
-- Dumping data for table `states`
--

LOCK TABLES `states` WRITE;
/*!40000 ALTER TABLE `states` DISABLE KEYS */;
/*!40000 ALTER TABLE `states` ENABLE KEYS */;
UNLOCK TABLES;

--
-- Table structure for table `states_translations`
--

DROP TABLE IF EXISTS `states_translations`;
/*!40101 SET @saved_cs_client     = @@character_set_client */;
/*!50503 SET character_set_client = utf8mb4 */;
CREATE TABLE `states_translations` (
  `lang_code` varchar(20) COLLATE utf8mb4_unicode_ci NOT NULL,
  `states_id` bigint unsigned NOT NULL,
  `name` varchar(120) COLLATE utf8mb4_unicode_ci DEFAULT NULL,
  `slug` varchar(120) COLLATE utf8mb4_unicode_ci DEFAULT NULL,
  `abbreviation` varchar(10) COLLATE utf8mb4_unicode_ci DEFAULT NULL,
  PRIMARY KEY (`lang_code`,`states_id`)
) ENGINE=InnoDB DEFAULT CHARSET=utf8mb4 COLLATE=utf8mb4_unicode_ci;
/*!40101 SET character_set_client = @saved_cs_client */;

--
-- Dumping data for table `states_translations`
--

LOCK TABLES `states_translations` WRITE;
/*!40000 ALTER TABLE `states_translations` DISABLE KEYS */;
/*!40000 ALTER TABLE `states_translations` ENABLE KEYS */;
UNLOCK TABLES;

--
-- Table structure for table `tags`
--

DROP TABLE IF EXISTS `tags`;
/*!40101 SET @saved_cs_client     = @@character_set_client */;
/*!50503 SET character_set_client = utf8mb4 */;
CREATE TABLE `tags` (
  `id` bigint unsigned NOT NULL AUTO_INCREMENT,
  `name` varchar(120) COLLATE utf8mb4_unicode_ci NOT NULL,
  `author_id` bigint unsigned DEFAULT NULL,
  `author_type` varchar(255) COLLATE utf8mb4_unicode_ci NOT NULL DEFAULT 'Botble\\ACL\\Models\\User',
  `description` varchar(400) COLLATE utf8mb4_unicode_ci DEFAULT '',
  `status` varchar(60) COLLATE utf8mb4_unicode_ci NOT NULL DEFAULT 'published',
  `created_at` timestamp NULL DEFAULT NULL,
  `updated_at` timestamp NULL DEFAULT NULL,
  PRIMARY KEY (`id`)
) ENGINE=InnoDB AUTO_INCREMENT=6 DEFAULT CHARSET=utf8mb4 COLLATE=utf8mb4_unicode_ci;
/*!40101 SET character_set_client = @saved_cs_client */;

--
-- Dumping data for table `tags`
--

LOCK TABLES `tags` WRITE;
/*!40000 ALTER TABLE `tags` DISABLE KEYS */;
INSERT INTO `tags` VALUES (1,'General',NULL,'Botble\\ACL\\Models\\User','','published','2023-11-19 00:36:09','2023-11-19 00:36:09'),(2,'Design',NULL,'Botble\\ACL\\Models\\User','','published','2023-11-19 00:36:09','2023-11-19 00:36:09'),(3,'Fashion',NULL,'Botble\\ACL\\Models\\User','','published','2023-11-19 00:36:09','2023-11-19 00:36:09'),(4,'Branding',NULL,'Botble\\ACL\\Models\\User','','published','2023-11-19 00:36:09','2023-11-19 00:36:09'),(5,'Modern',NULL,'Botble\\ACL\\Models\\User','','published','2023-11-19 00:36:09','2023-11-19 00:36:09');
/*!40000 ALTER TABLE `tags` ENABLE KEYS */;
UNLOCK TABLES;

--
-- Table structure for table `tags_translations`
--

DROP TABLE IF EXISTS `tags_translations`;
/*!40101 SET @saved_cs_client     = @@character_set_client */;
/*!50503 SET character_set_client = utf8mb4 */;
CREATE TABLE `tags_translations` (
  `lang_code` varchar(20) COLLATE utf8mb4_unicode_ci NOT NULL,
  `tags_id` bigint unsigned NOT NULL,
  `name` varchar(255) COLLATE utf8mb4_unicode_ci DEFAULT NULL,
  `description` varchar(400) COLLATE utf8mb4_unicode_ci DEFAULT NULL,
  PRIMARY KEY (`lang_code`,`tags_id`)
) ENGINE=InnoDB DEFAULT CHARSET=utf8mb4 COLLATE=utf8mb4_unicode_ci;
/*!40101 SET character_set_client = @saved_cs_client */;

--
-- Dumping data for table `tags_translations`
--

LOCK TABLES `tags_translations` WRITE;
/*!40000 ALTER TABLE `tags_translations` DISABLE KEYS */;
/*!40000 ALTER TABLE `tags_translations` ENABLE KEYS */;
UNLOCK TABLES;

--
-- Table structure for table `translations`
--

DROP TABLE IF EXISTS `translations`;
/*!40101 SET @saved_cs_client     = @@character_set_client */;
/*!50503 SET character_set_client = utf8mb4 */;
CREATE TABLE `translations` (
  `id` bigint unsigned NOT NULL AUTO_INCREMENT,
  `status` int NOT NULL DEFAULT '0',
  `locale` varchar(20) COLLATE utf8mb4_unicode_ci NOT NULL,
  `group` varchar(255) COLLATE utf8mb4_unicode_ci NOT NULL,
  `key` varchar(255) COLLATE utf8mb4_unicode_ci NOT NULL,
  `value` text COLLATE utf8mb4_unicode_ci,
  `created_at` timestamp NULL DEFAULT NULL,
  `updated_at` timestamp NULL DEFAULT NULL,
  PRIMARY KEY (`id`)
) ENGINE=InnoDB AUTO_INCREMENT=3502 DEFAULT CHARSET=utf8mb4 COLLATE=utf8mb4_unicode_ci;
/*!40101 SET character_set_client = @saved_cs_client */;

--
-- Dumping data for table `translations`
--

LOCK TABLES `translations` WRITE;
/*!40000 ALTER TABLE `translations` DISABLE KEYS */;
INSERT INTO `translations` VALUES (1,1,'en','auth','failed','These credentials do not match our records.','2023-11-19 00:36:26','2023-11-19 00:36:26'),(2,1,'en','auth','password','The provided password is incorrect.','2023-11-19 00:36:26','2023-11-19 00:36:26'),(3,1,'en','auth','throttle','Too many login attempts. Please try again in :seconds seconds.','2023-11-19 00:36:26','2023-11-19 00:36:26'),(4,1,'en','pagination','previous','&laquo; Previous','2023-11-19 00:36:26','2023-11-19 00:36:26'),(5,1,'en','pagination','next','Next &raquo;','2023-11-19 00:36:26','2023-11-19 00:36:26'),(6,1,'en','passwords','reset','Your password has been reset!','2023-11-19 00:36:26','2023-11-19 00:36:26'),(7,1,'en','passwords','sent','We have emailed your password reset link!','2023-11-19 00:36:26','2023-11-19 00:36:26'),(8,1,'en','passwords','throttled','Please wait before retrying.','2023-11-19 00:36:26','2023-11-19 00:36:26'),(9,1,'en','passwords','token','This password reset token is invalid.','2023-11-19 00:36:26','2023-11-19 00:36:26'),(10,1,'en','passwords','user','We can\'t find a user with that email address.','2023-11-19 00:36:26','2023-11-19 00:36:26'),(11,1,'en','validation','accepted','The :attribute must be accepted.','2023-11-19 00:36:26','2023-11-19 00:36:26'),(12,1,'en','validation','accepted_if','The :attribute must be accepted when :other is :value.','2023-11-19 00:36:26','2023-11-19 00:36:26'),(13,1,'en','validation','active_url','The :attribute is not a valid URL.','2023-11-19 00:36:26','2023-11-19 00:36:26'),(14,1,'en','validation','after','The :attribute must be a date after :date.','2023-11-19 00:36:26','2023-11-19 00:36:26'),(15,1,'en','validation','after_or_equal','The :attribute must be a date after or equal to :date.','2023-11-19 00:36:26','2023-11-19 00:36:26'),(16,1,'en','validation','alpha','The :attribute must only contain letters.','2023-11-19 00:36:26','2023-11-19 00:36:26'),(17,1,'en','validation','alpha_dash','The :attribute must only contain letters, numbers, dashes and underscores.','2023-11-19 00:36:26','2023-11-19 00:36:26'),(18,1,'en','validation','alpha_num','The :attribute must only contain letters and numbers.','2023-11-19 00:36:26','2023-11-19 00:36:26'),(19,1,'en','validation','array','The :attribute must be an array.','2023-11-19 00:36:26','2023-11-19 00:36:26'),(20,1,'en','validation','ascii','The :attribute field must only contain single-byte alphanumeric characters and symbols.','2023-11-19 00:36:26','2023-11-19 00:36:26'),(21,1,'en','validation','before','The :attribute must be a date before :date.','2023-11-19 00:36:26','2023-11-19 00:36:26'),(22,1,'en','validation','before_or_equal','The :attribute must be a date before or equal to :date.','2023-11-19 00:36:26','2023-11-19 00:36:26'),(23,1,'en','validation','between.array','The :attribute must have between :min and :max items.','2023-11-19 00:36:26','2023-11-19 00:36:26'),(24,1,'en','validation','between.file','The :attribute must be between :min and :max kilobytes.','2023-11-19 00:36:26','2023-11-19 00:36:26'),(25,1,'en','validation','between.numeric','The :attribute must be between :min and :max.','2023-11-19 00:36:26','2023-11-19 00:36:26'),(26,1,'en','validation','between.string','The :attribute must be between :min and :max characters.','2023-11-19 00:36:26','2023-11-19 00:36:26'),(27,1,'en','validation','boolean','The :attribute field must be true or false.','2023-11-19 00:36:26','2023-11-19 00:36:26'),(28,1,'en','validation','can','The :attribute field contains an unauthorized value.','2023-11-19 00:36:26','2023-11-19 00:36:26'),(29,1,'en','validation','confirmed','The :attribute confirmation does not match.','2023-11-19 00:36:26','2023-11-19 00:36:26'),(30,1,'en','validation','current_password','The password is incorrect.','2023-11-19 00:36:26','2023-11-19 00:36:26'),(31,1,'en','validation','date','The :attribute is not a valid date.','2023-11-19 00:36:26','2023-11-19 00:36:26'),(32,1,'en','validation','date_equals','The :attribute must be a date equal to :date.','2023-11-19 00:36:26','2023-11-19 00:36:26'),(33,1,'en','validation','date_format','The :attribute does not match the format :format.','2023-11-19 00:36:26','2023-11-19 00:36:26'),(34,1,'en','validation','decimal','The :attribute field must have :decimal decimal places.','2023-11-19 00:36:26','2023-11-19 00:36:26'),(35,1,'en','validation','declined','The :attribute must be declined.','2023-11-19 00:36:26','2023-11-19 00:36:26'),(36,1,'en','validation','declined_if','The :attribute must be declined when :other is :value.','2023-11-19 00:36:26','2023-11-19 00:36:26'),(37,1,'en','validation','different','The :attribute and :other must be different.','2023-11-19 00:36:26','2023-11-19 00:36:26'),(38,1,'en','validation','digits','The :attribute must be :digits digits.','2023-11-19 00:36:26','2023-11-19 00:36:26'),(39,1,'en','validation','digits_between','The :attribute must be between :min and :max digits.','2023-11-19 00:36:26','2023-11-19 00:36:26'),(40,1,'en','validation','dimensions','The :attribute has invalid image dimensions.','2023-11-19 00:36:26','2023-11-19 00:36:26'),(41,1,'en','validation','distinct','The :attribute field has a duplicate value.','2023-11-19 00:36:26','2023-11-19 00:36:26'),(42,1,'en','validation','doesnt_end_with','The :attribute field must not end with one of the following: :values.','2023-11-19 00:36:26','2023-11-19 00:36:26'),(43,1,'en','validation','doesnt_start_with','The :attribute may not start with one of the following: :values.','2023-11-19 00:36:26','2023-11-19 00:36:26'),(44,1,'en','validation','email','The :attribute must be a valid email address.','2023-11-19 00:36:26','2023-11-19 00:36:26'),(45,1,'en','validation','ends_with','The :attribute must end with one of the following: :values.','2023-11-19 00:36:26','2023-11-19 00:36:26'),(46,1,'en','validation','enum','The selected :attribute is invalid.','2023-11-19 00:36:26','2023-11-19 00:36:26'),(47,1,'en','validation','exists','The selected :attribute is invalid.','2023-11-19 00:36:26','2023-11-19 00:36:26'),(48,1,'en','validation','file','The :attribute must be a file.','2023-11-19 00:36:26','2023-11-19 00:36:26'),(49,1,'en','validation','filled','The :attribute field must have a value.','2023-11-19 00:36:26','2023-11-19 00:36:26'),(50,1,'en','validation','gt.array','The :attribute must have more than :value items.','2023-11-19 00:36:26','2023-11-19 00:36:26'),(51,1,'en','validation','gt.file','The :attribute must be greater than :value kilobytes.','2023-11-19 00:36:26','2023-11-19 00:36:26'),(52,1,'en','validation','gt.numeric','The :attribute must be greater than :value.','2023-11-19 00:36:26','2023-11-19 00:36:26'),(53,1,'en','validation','gt.string','The :attribute must be greater than :value characters.','2023-11-19 00:36:26','2023-11-19 00:36:26'),(54,1,'en','validation','gte.array','The :attribute must have :value items or more.','2023-11-19 00:36:26','2023-11-19 00:36:26'),(55,1,'en','validation','gte.file','The :attribute must be greater than or equal to :value kilobytes.','2023-11-19 00:36:26','2023-11-19 00:36:26'),(56,1,'en','validation','gte.numeric','The :attribute must be greater than or equal to :value.','2023-11-19 00:36:26','2023-11-19 00:36:26'),(57,1,'en','validation','gte.string','The :attribute must be greater than or equal to :value characters.','2023-11-19 00:36:26','2023-11-19 00:36:26'),(58,1,'en','validation','image','The :attribute must be an image.','2023-11-19 00:36:26','2023-11-19 00:36:26'),(59,1,'en','validation','in','The selected :attribute is invalid.','2023-11-19 00:36:26','2023-11-19 00:36:26'),(60,1,'en','validation','in_array','The :attribute field does not exist in :other.','2023-11-19 00:36:26','2023-11-19 00:36:26'),(61,1,'en','validation','integer','The :attribute must be an integer.','2023-11-19 00:36:26','2023-11-19 00:36:26'),(62,1,'en','validation','ip','The :attribute must be a valid IP address.','2023-11-19 00:36:26','2023-11-19 00:36:26'),(63,1,'en','validation','ipv4','The :attribute must be a valid IPv4 address.','2023-11-19 00:36:26','2023-11-19 00:36:26'),(64,1,'en','validation','ipv6','The :attribute must be a valid IPv6 address.','2023-11-19 00:36:26','2023-11-19 00:36:26'),(65,1,'en','validation','json','The :attribute must be a valid JSON string.','2023-11-19 00:36:26','2023-11-19 00:36:26'),(66,1,'en','validation','lowercase','The :attribute field must be lowercase.','2023-11-19 00:36:26','2023-11-19 00:36:26'),(67,1,'en','validation','lt.array','The :attribute must have less than :value items.','2023-11-19 00:36:26','2023-11-19 00:36:26'),(68,1,'en','validation','lt.file','The :attribute must be less than :value kilobytes.','2023-11-19 00:36:26','2023-11-19 00:36:26'),(69,1,'en','validation','lt.numeric','The :attribute must be less than :value.','2023-11-19 00:36:26','2023-11-19 00:36:26'),(70,1,'en','validation','lt.string','The :attribute must be less than :value characters.','2023-11-19 00:36:26','2023-11-19 00:36:26'),(71,1,'en','validation','lte.array','The :attribute must not have more than :value items.','2023-11-19 00:36:26','2023-11-19 00:36:26'),(72,1,'en','validation','lte.file','The :attribute must be less than or equal to :value kilobytes.','2023-11-19 00:36:26','2023-11-19 00:36:26'),(73,1,'en','validation','lte.numeric','The :attribute must be less than or equal to :value.','2023-11-19 00:36:26','2023-11-19 00:36:26'),(74,1,'en','validation','lte.string','The :attribute must be less than or equal to :value characters.','2023-11-19 00:36:26','2023-11-19 00:36:26'),(75,1,'en','validation','mac_address','The :attribute must be a valid MAC address.','2023-11-19 00:36:26','2023-11-19 00:36:26'),(76,1,'en','validation','max.array','The :attribute must not have more than :max items.','2023-11-19 00:36:26','2023-11-19 00:36:26'),(77,1,'en','validation','max.file','The :attribute must not be greater than :max kilobytes.','2023-11-19 00:36:26','2023-11-19 00:36:26'),(78,1,'en','validation','max.numeric','The :attribute must not be greater than :max.','2023-11-19 00:36:26','2023-11-19 00:36:26'),(79,1,'en','validation','max.string','The :attribute must not be greater than :max characters.','2023-11-19 00:36:26','2023-11-19 00:36:26'),(80,1,'en','validation','max_digits','The :attribute field must not have more than :max digits.','2023-11-19 00:36:26','2023-11-19 00:36:26'),(81,1,'en','validation','mimes','The :attribute must be a file of type: :values.','2023-11-19 00:36:26','2023-11-19 00:36:26'),(82,1,'en','validation','mimetypes','The :attribute must be a file of type: :values.','2023-11-19 00:36:26','2023-11-19 00:36:26'),(83,1,'en','validation','min.array','The :attribute must have at least :min items.','2023-11-19 00:36:26','2023-11-19 00:36:26'),(84,1,'en','validation','min.file','The :attribute must be at least :min kilobytes.','2023-11-19 00:36:26','2023-11-19 00:36:26'),(85,1,'en','validation','min.numeric','The :attribute must be at least :min.','2023-11-19 00:36:26','2023-11-19 00:36:26'),(86,1,'en','validation','min.string','The :attribute must be at least :min characters.','2023-11-19 00:36:26','2023-11-19 00:36:26'),(87,1,'en','validation','min_digits','The :attribute field must have at least :min digits.','2023-11-19 00:36:26','2023-11-19 00:36:26'),(88,1,'en','validation','missing','The :attribute field must be missing.','2023-11-19 00:36:26','2023-11-19 00:36:26'),(89,1,'en','validation','missing_if','The :attribute field must be missing when :other is :value.','2023-11-19 00:36:26','2023-11-19 00:36:26'),(90,1,'en','validation','missing_unless','The :attribute field must be missing unless :other is :value.','2023-11-19 00:36:26','2023-11-19 00:36:26'),(91,1,'en','validation','missing_with','The :attribute field must be missing when :values is present.','2023-11-19 00:36:26','2023-11-19 00:36:26'),(92,1,'en','validation','missing_with_all','The :attribute field must be missing when :values are present.','2023-11-19 00:36:26','2023-11-19 00:36:26'),(93,1,'en','validation','multiple_of','The :attribute must be a multiple of :value.','2023-11-19 00:36:26','2023-11-19 00:36:26'),(94,1,'en','validation','not_in','The selected :attribute is invalid.','2023-11-19 00:36:26','2023-11-19 00:36:26'),(95,1,'en','validation','not_regex','The :attribute format is invalid.','2023-11-19 00:36:26','2023-11-19 00:36:26'),(96,1,'en','validation','numeric','The :attribute must be a number.','2023-11-19 00:36:26','2023-11-19 00:36:26'),(97,1,'en','validation','password.letters','The :attribute must contain at least one letter.','2023-11-19 00:36:26','2023-11-19 00:36:26'),(98,1,'en','validation','password.mixed','The :attribute must contain at least one uppercase and one lowercase letter.','2023-11-19 00:36:26','2023-11-19 00:36:26'),(99,1,'en','validation','password.numbers','The :attribute must contain at least one number.','2023-11-19 00:36:26','2023-11-19 00:36:26'),(100,1,'en','validation','password.symbols','The :attribute must contain at least one symbol.','2023-11-19 00:36:26','2023-11-19 00:36:26'),(101,1,'en','validation','password.uncompromised','The given :attribute has appeared in a data leak. Please choose a different :attribute.','2023-11-19 00:36:26','2023-11-19 00:36:26'),(102,1,'en','validation','present','The :attribute field must be present.','2023-11-19 00:36:26','2023-11-19 00:36:26'),(103,1,'en','validation','present_if','The :attribute field must be present when :other is :value.','2023-11-19 00:36:26','2023-11-19 00:36:26'),(104,1,'en','validation','present_unless','The :attribute field must be present unless :other is :value.','2023-11-19 00:36:26','2023-11-19 00:36:26'),(105,1,'en','validation','present_with','The :attribute field must be present when :values is present.','2023-11-19 00:36:26','2023-11-19 00:36:26'),(106,1,'en','validation','present_with_all','The :attribute field must be present when :values are present.','2023-11-19 00:36:26','2023-11-19 00:36:26'),(107,1,'en','validation','prohibited','The :attribute field is prohibited.','2023-11-19 00:36:26','2023-11-19 00:36:26'),(108,1,'en','validation','prohibited_if','The :attribute field is prohibited when :other is :value.','2023-11-19 00:36:26','2023-11-19 00:36:26'),(109,1,'en','validation','prohibited_unless','The :attribute field is prohibited unless :other is in :values.','2023-11-19 00:36:26','2023-11-19 00:36:26'),(110,1,'en','validation','prohibits','The :attribute field prohibits :other from being present.','2023-11-19 00:36:26','2023-11-19 00:36:26'),(111,1,'en','validation','regex','The :attribute format is invalid.','2023-11-19 00:36:26','2023-11-19 00:36:26'),(112,1,'en','validation','required','The :attribute field is required.','2023-11-19 00:36:26','2023-11-19 00:36:26'),(113,1,'en','validation','required_array_keys','The :attribute field must contain entries for: :values.','2023-11-19 00:36:26','2023-11-19 00:36:26'),(114,1,'en','validation','required_if','The :attribute field is required when :other is :value.','2023-11-19 00:36:26','2023-11-19 00:36:26'),(115,1,'en','validation','required_if_accepted','The :attribute field is required when :other is accepted.','2023-11-19 00:36:26','2023-11-19 00:36:26'),(116,1,'en','validation','required_unless','The :attribute field is required unless :other is in :values.','2023-11-19 00:36:26','2023-11-19 00:36:26'),(117,1,'en','validation','required_with','The :attribute field is required when :values is present.','2023-11-19 00:36:26','2023-11-19 00:36:26'),(118,1,'en','validation','required_with_all','The :attribute field is required when :values are present.','2023-11-19 00:36:26','2023-11-19 00:36:26'),(119,1,'en','validation','required_without','The :attribute field is required when :values is not present.','2023-11-19 00:36:26','2023-11-19 00:36:26'),(120,1,'en','validation','required_without_all','The :attribute field is required when none of :values are present.','2023-11-19 00:36:26','2023-11-19 00:36:26'),(121,1,'en','validation','same','The :attribute and :other must match.','2023-11-19 00:36:26','2023-11-19 00:36:26'),(122,1,'en','validation','size.array','The :attribute must contain :size items.','2023-11-19 00:36:26','2023-11-19 00:36:26'),(123,1,'en','validation','size.file','The :attribute must be :size kilobytes.','2023-11-19 00:36:26','2023-11-19 00:36:26'),(124,1,'en','validation','size.numeric','The :attribute must be :size.','2023-11-19 00:36:26','2023-11-19 00:36:26'),(125,1,'en','validation','size.string','The :attribute must be :size characters.','2023-11-19 00:36:26','2023-11-19 00:36:26'),(126,1,'en','validation','starts_with','The :attribute must start with one of the following: :values.','2023-11-19 00:36:26','2023-11-19 00:36:26'),(127,1,'en','validation','string','The :attribute must be a string.','2023-11-19 00:36:26','2023-11-19 00:36:26'),(128,1,'en','validation','timezone','The :attribute must be a valid timezone.','2023-11-19 00:36:26','2023-11-19 00:36:26'),(129,1,'en','validation','unique','The :attribute has already been taken.','2023-11-19 00:36:26','2023-11-19 00:36:26'),(130,1,'en','validation','uploaded','The :attribute failed to upload.','2023-11-19 00:36:26','2023-11-19 00:36:26'),(131,1,'en','validation','uppercase','The :attribute field must be uppercase.','2023-11-19 00:36:26','2023-11-19 00:36:26'),(132,1,'en','validation','url','The :attribute must be a valid URL.','2023-11-19 00:36:26','2023-11-19 00:36:26'),(133,1,'en','validation','ulid','The :attribute field must be a valid ULID.','2023-11-19 00:36:26','2023-11-19 00:36:26'),(134,1,'en','validation','uuid','The :attribute must be a valid UUID.','2023-11-19 00:36:26','2023-11-19 00:36:26'),(135,1,'en','validation','custom.attribute-name.rule-name','custom-message','2023-11-19 00:36:26','2023-11-19 00:36:26'),(136,1,'en','core/acl/auth','login.username','Email/Username','2023-11-19 00:36:26','2023-11-19 00:36:26'),(137,1,'en','core/acl/auth','login.email','Email','2023-11-19 00:36:26','2023-11-19 00:36:26'),(138,1,'en','core/acl/auth','login.password','Password','2023-11-19 00:36:26','2023-11-19 00:36:26'),(139,1,'en','core/acl/auth','login.title','User Login','2023-11-19 00:36:26','2023-11-19 00:36:26'),(140,1,'en','core/acl/auth','login.remember','Remember me?','2023-11-19 00:36:26','2023-11-19 00:36:26'),(141,1,'en','core/acl/auth','login.login','Sign in','2023-11-19 00:36:26','2023-11-19 00:36:26'),(142,1,'en','core/acl/auth','login.placeholder.username','Please enter your username','2023-11-19 00:36:26','2023-11-19 00:36:26'),(143,1,'en','core/acl/auth','login.placeholder.email','Please enter your email','2023-11-19 00:36:26','2023-11-19 00:36:26'),(144,1,'en','core/acl/auth','login.success','Login successfully!','2023-11-19 00:36:26','2023-11-19 00:36:26'),(145,1,'en','core/acl/auth','login.fail','Wrong username or password.','2023-11-19 00:36:26','2023-11-19 00:36:26'),(146,1,'en','core/acl/auth','login.not_active','Your account has not been activated yet!','2023-11-19 00:36:26','2023-11-19 00:36:26'),(147,1,'en','core/acl/auth','login.banned','This account is banned.','2023-11-19 00:36:26','2023-11-19 00:36:26'),(148,1,'en','core/acl/auth','login.logout_success','Logout successfully!','2023-11-19 00:36:26','2023-11-19 00:36:26'),(149,1,'en','core/acl/auth','login.dont_have_account','You don\'t have account on this system, please contact administrator for more information!','2023-11-19 00:36:26','2023-11-19 00:36:26'),(150,1,'en','core/acl/auth','forgot_password.title','Forgot Password','2023-11-19 00:36:26','2023-11-19 00:36:26'),(151,1,'en','core/acl/auth','forgot_password.message','<p>Have you forgotten your password?</p><p>Please enter your email account. System will send a email with active link to reset your password.</p>','2023-11-19 00:36:26','2023-11-19 00:36:26'),(152,1,'en','core/acl/auth','forgot_password.submit','Submit','2023-11-19 00:36:26','2023-11-19 00:36:26'),(153,1,'en','core/acl/auth','reset.new_password','New password','2023-11-19 00:36:26','2023-11-19 00:36:26'),(154,1,'en','core/acl/auth','reset.password_confirmation','Confirm new password','2023-11-19 00:36:26','2023-11-19 00:36:26'),(155,1,'en','core/acl/auth','reset.email','Email','2023-11-19 00:36:26','2023-11-19 00:36:26'),(156,1,'en','core/acl/auth','reset.title','Reset your password','2023-11-19 00:36:26','2023-11-19 00:36:26'),(157,1,'en','core/acl/auth','reset.update','Update','2023-11-19 00:36:26','2023-11-19 00:36:26'),(158,1,'en','core/acl/auth','reset.wrong_token','This link is invalid or expired. Please try using reset form again.','2023-11-19 00:36:26','2023-11-19 00:36:26'),(159,1,'en','core/acl/auth','reset.user_not_found','This username is not exist.','2023-11-19 00:36:26','2023-11-19 00:36:26'),(160,1,'en','core/acl/auth','reset.success','Reset password successfully!','2023-11-19 00:36:26','2023-11-19 00:36:26'),(161,1,'en','core/acl/auth','reset.fail','Token is invalid, the reset password link has been expired!','2023-11-19 00:36:26','2023-11-19 00:36:26'),(162,1,'en','core/acl/auth','reset.reset.title','Email reset password','2023-11-19 00:36:26','2023-11-19 00:36:26'),(163,1,'en','core/acl/auth','reset.send.success','A email was sent to your email account. Please check and complete this action.','2023-11-19 00:36:26','2023-11-19 00:36:26'),(164,1,'en','core/acl/auth','reset.send.fail','Can not send email in this time. Please try again later.','2023-11-19 00:36:26','2023-11-19 00:36:26'),(165,1,'en','core/acl/auth','reset.new-password','New password','2023-11-19 00:36:26','2023-11-19 00:36:26'),(166,1,'en','core/acl/auth','email.reminder.title','Email reset password','2023-11-19 00:36:27','2023-11-19 00:36:27'),(167,1,'en','core/acl/auth','password_confirmation','Password confirm','2023-11-19 00:36:27','2023-11-19 00:36:27'),(168,1,'en','core/acl/auth','failed','Failed','2023-11-19 00:36:27','2023-11-19 00:36:27'),(169,1,'en','core/acl/auth','throttle','Throttle','2023-11-19 00:36:27','2023-11-19 00:36:27'),(170,1,'en','core/acl/auth','not_member','Not a member yet?','2023-11-19 00:36:27','2023-11-19 00:36:27'),(171,1,'en','core/acl/auth','register_now','Register now','2023-11-19 00:36:27','2023-11-19 00:36:27'),(172,1,'en','core/acl/auth','lost_your_password','Lost your password?','2023-11-19 00:36:27','2023-11-19 00:36:27'),(173,1,'en','core/acl/auth','login_title','Admin','2023-11-19 00:36:27','2023-11-19 00:36:27'),(174,1,'en','core/acl/auth','login_via_social','Login with social networks','2023-11-19 00:36:27','2023-11-19 00:36:27'),(175,1,'en','core/acl/auth','back_to_login','Back to login page','2023-11-19 00:36:27','2023-11-19 00:36:27'),(176,1,'en','core/acl/auth','sign_in_below','Sign In Below','2023-11-19 00:36:27','2023-11-19 00:36:27'),(177,1,'en','core/acl/auth','languages','Languages','2023-11-19 00:36:27','2023-11-19 00:36:27'),(178,1,'en','core/acl/auth','reset_password','Reset Password','2023-11-19 00:36:27','2023-11-19 00:36:27'),(179,1,'en','core/acl/auth','settings.email.title','ACL','2023-11-19 00:36:27','2023-11-19 00:36:27'),(180,1,'en','core/acl/auth','settings.email.description','ACL email configuration','2023-11-19 00:36:27','2023-11-19 00:36:27'),(181,1,'en','core/acl/permissions','notices.role_in_use','Cannot delete this role, it is still in use!','2023-11-19 00:36:27','2023-11-19 00:36:27'),(182,1,'en','core/acl/permissions','notices.role_delete_belong_user','You are not able to delete this role; it belongs to someone else!','2023-11-19 00:36:27','2023-11-19 00:36:27'),(183,1,'en','core/acl/permissions','notices.role_edit_belong_user','You are not able to edit this role; it belongs to someone else!','2023-11-19 00:36:27','2023-11-19 00:36:27'),(184,1,'en','core/acl/permissions','notices.delete_global_role','You are not allowed to delete global roles!','2023-11-19 00:36:27','2023-11-19 00:36:27'),(185,1,'en','core/acl/permissions','notices.delete_success','The selected role was deleted successfully!','2023-11-19 00:36:27','2023-11-19 00:36:27'),(186,1,'en','core/acl/permissions','notices.modified_success','The selected role was modified successfully!','2023-11-19 00:36:27','2023-11-19 00:36:27'),(187,1,'en','core/acl/permissions','notices.create_success','The new role was successfully created','2023-11-19 00:36:27','2023-11-19 00:36:27'),(188,1,'en','core/acl/permissions','notices.duplicated_success','The selected role was duplicated successfully','2023-11-19 00:36:27','2023-11-19 00:36:27'),(189,1,'en','core/acl/permissions','notices.no_select','Please select at least one record to take this action!','2023-11-19 00:36:27','2023-11-19 00:36:27'),(190,1,'en','core/acl/permissions','notices.not_found','Role not found','2023-11-19 00:36:27','2023-11-19 00:36:27'),(191,1,'en','core/acl/permissions','name','Name','2023-11-19 00:36:27','2023-11-19 00:36:27'),(192,1,'en','core/acl/permissions','current_role','Current Role','2023-11-19 00:36:27','2023-11-19 00:36:27'),(193,1,'en','core/acl/permissions','no_role_assigned','No role assigned','2023-11-19 00:36:27','2023-11-19 00:36:27'),(194,1,'en','core/acl/permissions','role_assigned','Assigned Role','2023-11-19 00:36:27','2023-11-19 00:36:27'),(195,1,'en','core/acl/permissions','create_role','Create New Role','2023-11-19 00:36:27','2023-11-19 00:36:27'),(196,1,'en','core/acl/permissions','role_name','Name','2023-11-19 00:36:27','2023-11-19 00:36:27'),(197,1,'en','core/acl/permissions','role_description','Description','2023-11-19 00:36:27','2023-11-19 00:36:27'),(198,1,'en','core/acl/permissions','permission_flags','Permission Flags','2023-11-19 00:36:27','2023-11-19 00:36:27'),(199,1,'en','core/acl/permissions','cancel','Cancel','2023-11-19 00:36:27','2023-11-19 00:36:27'),(200,1,'en','core/acl/permissions','reset','Reset','2023-11-19 00:36:27','2023-11-19 00:36:27'),(201,1,'en','core/acl/permissions','save','Save','2023-11-19 00:36:27','2023-11-19 00:36:27'),(202,1,'en','core/acl/permissions','global_role_msg','This is a global role and cannot be modified.  You can use the Duplicate button to make a copy of this role that you can then modify.','2023-11-19 00:36:27','2023-11-19 00:36:27'),(203,1,'en','core/acl/permissions','details','Details \":name\"','2023-11-19 00:36:27','2023-11-19 00:36:27'),(204,1,'en','core/acl/permissions','duplicate','Duplicate','2023-11-19 00:36:27','2023-11-19 00:36:27'),(205,1,'en','core/acl/permissions','all','All Permissions','2023-11-19 00:36:27','2023-11-19 00:36:27'),(206,1,'en','core/acl/permissions','list_role','List Roles','2023-11-19 00:36:27','2023-11-19 00:36:27'),(207,1,'en','core/acl/permissions','created_on','Created On','2023-11-19 00:36:27','2023-11-19 00:36:27'),(208,1,'en','core/acl/permissions','created_by','Created By','2023-11-19 00:36:27','2023-11-19 00:36:27'),(209,1,'en','core/acl/permissions','actions','Actions','2023-11-19 00:36:27','2023-11-19 00:36:27'),(210,1,'en','core/acl/permissions','role_in_use','Cannot delete this role, it is still in use!','2023-11-19 00:36:27','2023-11-19 00:36:27'),(211,1,'en','core/acl/permissions','role_delete_belong_user','You are not able to delete this role; it belongs to someone else!','2023-11-19 00:36:27','2023-11-19 00:36:27'),(212,1,'en','core/acl/permissions','delete_global_role','Can not delete global role','2023-11-19 00:36:27','2023-11-19 00:36:27'),(213,1,'en','core/acl/permissions','delete_success','Delete role successfully','2023-11-19 00:36:27','2023-11-19 00:36:27'),(214,1,'en','core/acl/permissions','no_select','Please select at least one role to take this action!','2023-11-19 00:36:27','2023-11-19 00:36:27'),(215,1,'en','core/acl/permissions','not_found','No role found!','2023-11-19 00:36:27','2023-11-19 00:36:27'),(216,1,'en','core/acl/permissions','role_edit_belong_user','You are not able to edit this role; it belongs to someone else!','2023-11-19 00:36:27','2023-11-19 00:36:27'),(217,1,'en','core/acl/permissions','modified_success','Modified successfully','2023-11-19 00:36:27','2023-11-19 00:36:27'),(218,1,'en','core/acl/permissions','create_success','Create successfully','2023-11-19 00:36:27','2023-11-19 00:36:27'),(219,1,'en','core/acl/permissions','duplicated_success','Duplicated successfully','2023-11-19 00:36:27','2023-11-19 00:36:27'),(220,1,'en','core/acl/permissions','options','Options','2023-11-19 00:36:27','2023-11-19 00:36:27'),(221,1,'en','core/acl/permissions','access_denied_message','You are not allowed to do this action','2023-11-19 00:36:27','2023-11-19 00:36:27'),(222,1,'en','core/acl/permissions','roles','Roles','2023-11-19 00:36:27','2023-11-19 00:36:27'),(223,1,'en','core/acl/permissions','role_permission','Roles and Permissions','2023-11-19 00:36:27','2023-11-19 00:36:27'),(224,1,'en','core/acl/permissions','user_management','User Management','2023-11-19 00:36:27','2023-11-19 00:36:27'),(225,1,'en','core/acl/permissions','super_user_management','Super User Management','2023-11-19 00:36:27','2023-11-19 00:36:27'),(226,1,'en','core/acl/permissions','action_unauthorized','This action is unauthorized.','2023-11-19 00:36:27','2023-11-19 00:36:27'),(227,1,'en','core/acl/users','delete_user_logged_in','Can\'t delete this user. This user is logged on!','2023-11-19 00:36:27','2023-11-19 00:36:27'),(228,1,'en','core/acl/users','no_select','Please select at least one record to take this action!','2023-11-19 00:36:27','2023-11-19 00:36:27'),(229,1,'en','core/acl/users','lock_user_logged_in','Can\'t lock this user. This user is logged on!','2023-11-19 00:36:27','2023-11-19 00:36:27'),(230,1,'en','core/acl/users','update_success','Update status successfully!','2023-11-19 00:36:27','2023-11-19 00:36:27'),(231,1,'en','core/acl/users','save_setting_failed','Something went wrong when save your setting','2023-11-19 00:36:27','2023-11-19 00:36:27'),(232,1,'en','core/acl/users','not_found','User not found','2023-11-19 00:36:27','2023-11-19 00:36:27'),(233,1,'en','core/acl/users','email_exist','That email address already belongs to an existing account','2023-11-19 00:36:27','2023-11-19 00:36:27'),(234,1,'en','core/acl/users','username_exist','That username address already belongs to an existing account','2023-11-19 00:36:27','2023-11-19 00:36:27'),(235,1,'en','core/acl/users','update_profile_success','Your profile changes were successfully saved','2023-11-19 00:36:27','2023-11-19 00:36:27'),(236,1,'en','core/acl/users','password_update_success','Password successfully changed','2023-11-19 00:36:27','2023-11-19 00:36:27'),(237,1,'en','core/acl/users','current_password_not_valid','Current password is not valid','2023-11-19 00:36:27','2023-11-19 00:36:27'),(238,1,'en','core/acl/users','user_exist_in','User is already a member','2023-11-19 00:36:27','2023-11-19 00:36:27'),(239,1,'en','core/acl/users','email','Email','2023-11-19 00:36:27','2023-11-19 00:36:27'),(240,1,'en','core/acl/users','role','Role','2023-11-19 00:36:27','2023-11-19 00:36:27'),(241,1,'en','core/acl/users','username','Username','2023-11-19 00:36:27','2023-11-19 00:36:27'),(242,1,'en','core/acl/users','last_name','Last Name','2023-11-19 00:36:27','2023-11-19 00:36:27'),(243,1,'en','core/acl/users','first_name','First Name','2023-11-19 00:36:27','2023-11-19 00:36:27'),(244,1,'en','core/acl/users','message','Message','2023-11-19 00:36:27','2023-11-19 00:36:27'),(245,1,'en','core/acl/users','cancel_btn','Cancel','2023-11-19 00:36:27','2023-11-19 00:36:27'),(246,1,'en','core/acl/users','change_password','Change password','2023-11-19 00:36:27','2023-11-19 00:36:27'),(247,1,'en','core/acl/users','current_password','Current password','2023-11-19 00:36:27','2023-11-19 00:36:27'),(248,1,'en','core/acl/users','new_password','New Password','2023-11-19 00:36:27','2023-11-19 00:36:27'),(249,1,'en','core/acl/users','confirm_new_password','Confirm New Password','2023-11-19 00:36:27','2023-11-19 00:36:27'),(250,1,'en','core/acl/users','password','Password','2023-11-19 00:36:27','2023-11-19 00:36:27'),(251,1,'en','core/acl/users','save','Save','2023-11-19 00:36:27','2023-11-19 00:36:27'),(252,1,'en','core/acl/users','cannot_delete','User could not be deleted','2023-11-19 00:36:27','2023-11-19 00:36:27'),(253,1,'en','core/acl/users','deleted','User deleted','2023-11-19 00:36:27','2023-11-19 00:36:27'),(254,1,'en','core/acl/users','last_login','Last Login','2023-11-19 00:36:27','2023-11-19 00:36:27'),(255,1,'en','core/acl/users','error_update_profile_image','Error when update profile image','2023-11-19 00:36:27','2023-11-19 00:36:27'),(256,1,'en','core/acl/users','email_reminder_template','<h3>Hello :name</h3><p>The system has received a request to restore the password for your account, to complete this task please click the link below.</p><p><a href=\":link\">Reset password now</a></p><p>If not you ask recover password, please ignore this email.</p><p>This email is valid for 60 minutes after receiving the email.</p>','2023-11-19 00:36:27','2023-11-19 00:36:27'),(257,1,'en','core/acl/users','change_profile_image','Change Profile Image','2023-11-19 00:36:27','2023-11-19 00:36:27'),(258,1,'en','core/acl/users','new_image','New Image','2023-11-19 00:36:27','2023-11-19 00:36:27'),(259,1,'en','core/acl/users','loading','Loading','2023-11-19 00:36:27','2023-11-19 00:36:27'),(260,1,'en','core/acl/users','close','Close','2023-11-19 00:36:27','2023-11-19 00:36:27'),(261,1,'en','core/acl/users','update','Update','2023-11-19 00:36:27','2023-11-19 00:36:27'),(262,1,'en','core/acl/users','read_image_failed','Failed to read the image file','2023-11-19 00:36:27','2023-11-19 00:36:27'),(263,1,'en','core/acl/users','users','Users','2023-11-19 00:36:27','2023-11-19 00:36:27'),(264,1,'en','core/acl/users','update_avatar_success','Update profile image successfully!','2023-11-19 00:36:27','2023-11-19 00:36:27'),(265,1,'en','core/acl/users','info.title','User profile','2023-11-19 00:36:27','2023-11-19 00:36:27'),(266,1,'en','core/acl/users','info.first_name','First Name','2023-11-19 00:36:27','2023-11-19 00:36:27'),(267,1,'en','core/acl/users','info.last_name','Last Name','2023-11-19 00:36:27','2023-11-19 00:36:27'),(268,1,'en','core/acl/users','total_users','Total users','2023-11-19 00:36:27','2023-11-19 00:36:27'),(269,1,'en','core/acl/users','statuses.activated','Activated','2023-11-19 00:36:27','2023-11-19 00:36:27'),(270,1,'en','core/acl/users','statuses.deactivated','Deactivated','2023-11-19 00:36:27','2023-11-19 00:36:27'),(271,1,'en','core/acl/users','make_super','Make super','2023-11-19 00:36:27','2023-11-19 00:36:27'),(272,1,'en','core/acl/users','remove_super','Remove super','2023-11-19 00:36:27','2023-11-19 00:36:27'),(273,1,'en','core/acl/users','is_super','Is super?','2023-11-19 00:36:27','2023-11-19 00:36:27'),(274,1,'en','core/acl/users','email_placeholder','Ex: example@gmail.com','2023-11-19 00:36:27','2023-11-19 00:36:27'),(275,1,'en','core/acl/users','password_confirmation','Re-type password','2023-11-19 00:36:27','2023-11-19 00:36:27'),(276,1,'en','core/acl/users','select_role','Select role','2023-11-19 00:36:27','2023-11-19 00:36:27'),(277,1,'en','core/acl/users','create_new_user','Create a new user','2023-11-19 00:36:27','2023-11-19 00:36:27'),(278,1,'en','core/acl/users','cannot_delete_super_user','Permission denied. Cannot delete a super user!','2023-11-19 00:36:27','2023-11-19 00:36:27'),(279,1,'en','core/acl/users','assigned_role','Assigned Role','2023-11-19 00:36:27','2023-11-19 00:36:27'),(280,1,'en','core/acl/users','no_role_assigned','No role assigned','2023-11-19 00:36:27','2023-11-19 00:36:27'),(281,1,'en','core/acl/users','view_user_profile','View user\'s profile','2023-11-19 00:36:27','2023-11-19 00:36:27'),(282,1,'en','core/base/base','yes','Yes','2023-11-19 00:36:27','2023-11-19 00:36:27'),(283,1,'en','core/base/base','no','No','2023-11-19 00:36:27','2023-11-19 00:36:27'),(284,1,'en','core/base/base','is_default','Is default?','2023-11-19 00:36:27','2023-11-19 00:36:27'),(285,1,'en','core/base/base','proc_close_disabled_error','Function proc_close() is disabled. Please contact your hosting provider to enable\n    it. Or you can add to .env: CAN_EXECUTE_COMMAND=false to disable this feature.','2023-11-19 00:36:27','2023-11-19 00:36:27'),(286,1,'en','core/base/base','email_template.header','Email template header','2023-11-19 00:36:27','2023-11-19 00:36:27'),(287,1,'en','core/base/base','email_template.footer','Email template footer','2023-11-19 00:36:27','2023-11-19 00:36:27'),(288,1,'en','core/base/base','email_template.site_title','Site title','2023-11-19 00:36:27','2023-11-19 00:36:27'),(289,1,'en','core/base/base','email_template.site_url','Site URL','2023-11-19 00:36:27','2023-11-19 00:36:27'),(290,1,'en','core/base/base','email_template.site_logo','Site Logo','2023-11-19 00:36:27','2023-11-19 00:36:27'),(291,1,'en','core/base/base','email_template.date_time','Current date time','2023-11-19 00:36:27','2023-11-19 00:36:27'),(292,1,'en','core/base/base','email_template.date_year','Current year','2023-11-19 00:36:27','2023-11-19 00:36:27'),(293,1,'en','core/base/base','email_template.site_admin_email','Site admin email','2023-11-19 00:36:27','2023-11-19 00:36:27'),(294,1,'en','core/base/base','email_template.twig.tag.apply','The apply tag allows you to apply Twig filters','2023-11-19 00:36:27','2023-11-19 00:36:27'),(295,1,'en','core/base/base','email_template.twig.tag.for','Loop over each item in a sequence','2023-11-19 00:36:27','2023-11-19 00:36:27'),(296,1,'en','core/base/base','email_template.twig.tag.if','The if statement in Twig is comparable with the if statements of PHP','2023-11-19 00:36:27','2023-11-19 00:36:27'),(297,1,'en','core/base/base','change_image','Change image','2023-11-19 00:36:27','2023-11-19 00:36:27'),(298,1,'en','core/base/base','delete_image','Delete image','2023-11-19 00:36:27','2023-11-19 00:36:27'),(299,1,'en','core/base/base','preview_image','Preview image','2023-11-19 00:36:27','2023-11-19 00:36:27'),(300,1,'en','core/base/base','image','Image','2023-11-19 00:36:27','2023-11-19 00:36:27'),(301,1,'en','core/base/base','using_button','Using button','2023-11-19 00:36:27','2023-11-19 00:36:27'),(302,1,'en','core/base/base','select_image','Select image','2023-11-19 00:36:27','2023-11-19 00:36:27'),(303,1,'en','core/base/base','to_add_more_image','to add more images','2023-11-19 00:36:27','2023-11-19 00:36:27'),(304,1,'en','core/base/base','add_image','Add image','2023-11-19 00:36:27','2023-11-19 00:36:27'),(305,1,'en','core/base/base','tools','Tools','2023-11-19 00:36:27','2023-11-19 00:36:27'),(306,1,'en','core/base/cache','cache_management','Cache management','2023-11-19 00:36:27','2023-11-19 00:36:27'),(307,1,'en','core/base/cache','cache_commands','Clear cache commands','2023-11-19 00:36:27','2023-11-19 00:36:27'),(308,1,'en','core/base/cache','commands.clear_cms_cache.title','Clear all CMS cache','2023-11-19 00:36:27','2023-11-19 00:36:27'),(309,1,'en','core/base/cache','commands.clear_cms_cache.description','Clear CMS caching: database caching, static blocks... Run this command when you don\'t see the changes after updating data.','2023-11-19 00:36:27','2023-11-19 00:36:27'),(310,1,'en','core/base/cache','commands.clear_cms_cache.success_msg','Cache cleaned','2023-11-19 00:36:27','2023-11-19 00:36:27'),(311,1,'en','core/base/cache','commands.refresh_compiled_views.title','Refresh compiled views','2023-11-19 00:36:27','2023-11-19 00:36:27'),(312,1,'en','core/base/cache','commands.refresh_compiled_views.description','Clear compiled views to make views up to date.','2023-11-19 00:36:27','2023-11-19 00:36:27'),(313,1,'en','core/base/cache','commands.refresh_compiled_views.success_msg','Cache view refreshed','2023-11-19 00:36:27','2023-11-19 00:36:27'),(314,1,'en','core/base/cache','commands.clear_config_cache.title','Clear config cache','2023-11-19 00:36:27','2023-11-19 00:36:27'),(315,1,'en','core/base/cache','commands.clear_config_cache.description','You might need to refresh the config caching when you change something on production environment.','2023-11-19 00:36:27','2023-11-19 00:36:27'),(316,1,'en','core/base/cache','commands.clear_config_cache.success_msg','Config cache cleaned','2023-11-19 00:36:27','2023-11-19 00:36:27'),(317,1,'en','core/base/cache','commands.clear_route_cache.title','Clear route cache','2023-11-19 00:36:27','2023-11-19 00:36:27'),(318,1,'en','core/base/cache','commands.clear_route_cache.description','Clear cache routing.','2023-11-19 00:36:27','2023-11-19 00:36:27'),(319,1,'en','core/base/cache','commands.clear_route_cache.success_msg','The route cache has been cleaned','2023-11-19 00:36:27','2023-11-19 00:36:27'),(320,1,'en','core/base/cache','commands.clear_log.title','Clear log','2023-11-19 00:36:27','2023-11-19 00:36:27'),(321,1,'en','core/base/cache','commands.clear_log.description','Clear system log files','2023-11-19 00:36:27','2023-11-19 00:36:27'),(322,1,'en','core/base/cache','commands.clear_log.success_msg','The system log has been cleaned','2023-11-19 00:36:27','2023-11-19 00:36:27'),(323,1,'en','core/base/enums','statuses.draft','Draft','2023-11-19 00:36:27','2023-11-19 00:36:27'),(324,1,'en','core/base/enums','statuses.pending','Pending','2023-11-19 00:36:27','2023-11-19 00:36:27'),(325,1,'en','core/base/enums','statuses.published','Published','2023-11-19 00:36:27','2023-11-19 00:36:27'),(326,1,'en','core/base/enums','system_updater_steps.download','Download update files','2023-11-19 00:36:27','2023-11-19 00:36:27'),(327,1,'en','core/base/enums','system_updater_steps.update_files','Update system files','2023-11-19 00:36:27','2023-11-19 00:36:27'),(328,1,'en','core/base/enums','system_updater_steps.update_database','Update databases','2023-11-19 00:36:27','2023-11-19 00:36:27'),(329,1,'en','core/base/enums','system_updater_steps.publish_core_assets','Publish core assets','2023-11-19 00:36:27','2023-11-19 00:36:27'),(330,1,'en','core/base/enums','system_updater_steps.publish_packages_assets','Publish packages assets','2023-11-19 00:36:27','2023-11-19 00:36:27'),(331,1,'en','core/base/enums','system_updater_steps.clean_up','Clean up system update files','2023-11-19 00:36:27','2023-11-19 00:36:27'),(332,1,'en','core/base/enums','system_updater_steps.done','System updated successfully','2023-11-19 00:36:27','2023-11-19 00:36:27'),(333,1,'en','core/base/enums','system_updater_steps.messages.download','Downloading update files...','2023-11-19 00:36:27','2023-11-19 00:36:27'),(334,1,'en','core/base/enums','system_updater_steps.messages.update_files','Updating system files...','2023-11-19 00:36:27','2023-11-19 00:36:27'),(335,1,'en','core/base/enums','system_updater_steps.messages.update_database','Updating databases...','2023-11-19 00:36:27','2023-11-19 00:36:27'),(336,1,'en','core/base/enums','system_updater_steps.messages.publish_core_assets','Publishing core assets...','2023-11-19 00:36:27','2023-11-19 00:36:27'),(337,1,'en','core/base/enums','system_updater_steps.messages.publish_packages_assets','Publishing packages assets...','2023-11-19 00:36:27','2023-11-19 00:36:27'),(338,1,'en','core/base/enums','system_updater_steps.messages.clean_up','Cleaning up system update files...','2023-11-19 00:36:27','2023-11-19 00:36:27'),(339,1,'en','core/base/enums','system_updater_steps.messages.done','Done! Your browser will be refreshed in 30 seconds.','2023-11-19 00:36:27','2023-11-19 00:36:27'),(340,1,'en','core/base/enums','system_updater_steps.failed_messages.download','Could not download update files','2023-11-19 00:36:27','2023-11-19 00:36:27'),(341,1,'en','core/base/enums','system_updater_steps.failed_messages.update_files','Could not update system files','2023-11-19 00:36:27','2023-11-19 00:36:27'),(342,1,'en','core/base/enums','system_updater_steps.failed_messages.update_database','Could not update databases','2023-11-19 00:36:27','2023-11-19 00:36:27'),(343,1,'en','core/base/enums','system_updater_steps.failed_messages.publish_core_assets','Could not publish core assets','2023-11-19 00:36:27','2023-11-19 00:36:27'),(344,1,'en','core/base/enums','system_updater_steps.failed_messages.publish_packages_assets','Could not publish packages assets','2023-11-19 00:36:27','2023-11-19 00:36:27'),(345,1,'en','core/base/enums','system_updater_steps.failed_messages.clean_up','Could not clean up system update files','2023-11-19 00:36:27','2023-11-19 00:36:27'),(346,1,'en','core/base/enums','system_updater_steps.success_messages.download','Downloaded update files successfully.','2023-11-19 00:36:27','2023-11-19 00:36:27'),(347,1,'en','core/base/enums','system_updater_steps.success_messages.update_files','Updated system files successfully.','2023-11-19 00:36:27','2023-11-19 00:36:27'),(348,1,'en','core/base/enums','system_updater_steps.success_messages.update_database','Updated databases successfully.','2023-11-19 00:36:27','2023-11-19 00:36:27'),(349,1,'en','core/base/enums','system_updater_steps.success_messages.publish_core_assets','Published core assets successfully.','2023-11-19 00:36:27','2023-11-19 00:36:27'),(350,1,'en','core/base/enums','system_updater_steps.success_messages.publish_packages_assets','Published packages assets successfully.','2023-11-19 00:36:27','2023-11-19 00:36:27'),(351,1,'en','core/base/enums','system_updater_steps.success_messages.clean_up','Cleaned up system update files successfully.','2023-11-19 00:36:27','2023-11-19 00:36:27'),(352,1,'en','core/base/errors','401_title','Permission Denied','2023-11-19 00:36:27','2023-11-19 00:36:27'),(353,1,'en','core/base/errors','401_msg','<li>You have not been granted access to the section by the administrator.</li>\n	                <li>You may have the wrong account type.</li>\n	                <li>You are not authorized to view the requested resource.</li>\n	                <li>Your subscription may have expired.</li>','2023-11-19 00:36:27','2023-11-19 00:36:27'),(354,1,'en','core/base/errors','404_title','Page could not be found','2023-11-19 00:36:27','2023-11-19 00:36:27'),(355,1,'en','core/base/errors','404_msg','<li>The page you requested does not exist.</li>\n	                <li>The link you clicked is no longer.</li>\n	                <li>The page may have moved to a new location.</li>\n	                <li>An error may have occurred.</li>\n	                <li>You are not authorized to view the requested resource.</li>','2023-11-19 00:36:27','2023-11-19 00:36:27'),(356,1,'en','core/base/errors','500_title','Page could not be loaded','2023-11-19 00:36:27','2023-11-19 00:36:27'),(357,1,'en','core/base/errors','500_msg','<li>The page you requested does not exist.</li>\n	                <li>The link you clicked is no longer.</li>\n	                <li>The page may have moved to a new location.</li>\n	                <li>An error may have occurred.</li>\n	                <li>You are not authorized to view the requested resource.</li>','2023-11-19 00:36:27','2023-11-19 00:36:27'),(358,1,'en','core/base/errors','reasons','This may have occurred because of several reasons','2023-11-19 00:36:27','2023-11-19 00:36:27'),(359,1,'en','core/base/errors','try_again','Please try again in a few minutes, or alternatively return to the homepage by <a href=\":link\">clicking here</a>.','2023-11-19 00:36:27','2023-11-19 00:36:27'),(360,1,'en','core/base/errors','not_found','Not Found','2023-11-19 00:36:27','2023-11-19 00:36:27'),(361,1,'en','core/base/errors','results_not_found','Results not found!','2023-11-19 00:36:27','2023-11-19 00:36:27'),(362,1,'en','core/base/errors','error_when_sending_email','Error when sending email. Something wrong with your email settings in Admin → Settings → Email, please check your settings again.','2023-11-19 00:36:27','2023-11-19 00:36:27'),(363,1,'en','core/base/forms','choose_image','Choose image','2023-11-19 00:36:27','2023-11-19 00:36:27'),(364,1,'en','core/base/forms','actions','Actions','2023-11-19 00:36:27','2023-11-19 00:36:27'),(365,1,'en','core/base/forms','save','Save & Exit','2023-11-19 00:36:27','2023-11-19 00:36:27'),(366,1,'en','core/base/forms','save_and_continue','Save','2023-11-19 00:36:27','2023-11-19 00:36:27'),(367,1,'en','core/base/forms','image','Image','2023-11-19 00:36:27','2023-11-19 00:36:27'),(368,1,'en','core/base/forms','image_placeholder','Insert path of image or click upload button','2023-11-19 00:36:27','2023-11-19 00:36:27'),(369,1,'en','core/base/forms','create','Create','2023-11-19 00:36:27','2023-11-19 00:36:27'),(370,1,'en','core/base/forms','edit','Edit','2023-11-19 00:36:27','2023-11-19 00:36:27'),(371,1,'en','core/base/forms','permalink','Permalink','2023-11-19 00:36:27','2023-11-19 00:36:27'),(372,1,'en','core/base/forms','ok','OK','2023-11-19 00:36:27','2023-11-19 00:36:27'),(373,1,'en','core/base/forms','cancel','Cancel','2023-11-19 00:36:27','2023-11-19 00:36:27'),(374,1,'en','core/base/forms','character_remain','character(s) remain','2023-11-19 00:36:27','2023-11-19 00:36:27'),(375,1,'en','core/base/forms','template','Template','2023-11-19 00:36:27','2023-11-19 00:36:27'),(376,1,'en','core/base/forms','choose_file','Choose file','2023-11-19 00:36:27','2023-11-19 00:36:27'),(377,1,'en','core/base/forms','file','File','2023-11-19 00:36:27','2023-11-19 00:36:27'),(378,1,'en','core/base/forms','content','Content','2023-11-19 00:36:27','2023-11-19 00:36:27'),(379,1,'en','core/base/forms','description','Description','2023-11-19 00:36:27','2023-11-19 00:36:27'),(380,1,'en','core/base/forms','name','Name','2023-11-19 00:36:27','2023-11-19 00:36:27'),(381,1,'en','core/base/forms','slug','Slug','2023-11-19 00:36:27','2023-11-19 00:36:27'),(382,1,'en','core/base/forms','title','Title','2023-11-19 00:36:27','2023-11-19 00:36:27'),(383,1,'en','core/base/forms','value','Value','2023-11-19 00:36:27','2023-11-19 00:36:27'),(384,1,'en','core/base/forms','name_placeholder','Name','2023-11-19 00:36:27','2023-11-19 00:36:27'),(385,1,'en','core/base/forms','alias_placeholder','Alias','2023-11-19 00:36:27','2023-11-19 00:36:27'),(386,1,'en','core/base/forms','description_placeholder','Short description','2023-11-19 00:36:27','2023-11-19 00:36:27'),(387,1,'en','core/base/forms','parent','Parent','2023-11-19 00:36:27','2023-11-19 00:36:27'),(388,1,'en','core/base/forms','icon','Icon','2023-11-19 00:36:27','2023-11-19 00:36:27'),(389,1,'en','core/base/forms','icon_placeholder','Ex: fa fa-home','2023-11-19 00:36:27','2023-11-19 00:36:27'),(390,1,'en','core/base/forms','order_by','Order by','2023-11-19 00:36:27','2023-11-19 00:36:27'),(391,1,'en','core/base/forms','order_by_placeholder','Order by','2023-11-19 00:36:27','2023-11-19 00:36:27'),(392,1,'en','core/base/forms','is_featured','Is featured?','2023-11-19 00:36:27','2023-11-19 00:36:27'),(393,1,'en','core/base/forms','is_default','Is default?','2023-11-19 00:36:27','2023-11-19 00:36:27'),(394,1,'en','core/base/forms','update','Update','2023-11-19 00:36:27','2023-11-19 00:36:27'),(395,1,'en','core/base/forms','publish','Publish','2023-11-19 00:36:27','2023-11-19 00:36:27'),(396,1,'en','core/base/forms','remove_image','Remove image','2023-11-19 00:36:27','2023-11-19 00:36:27'),(397,1,'en','core/base/forms','remove_file','Remove file','2023-11-19 00:36:27','2023-11-19 00:36:27'),(398,1,'en','core/base/forms','order','Order','2023-11-19 00:36:27','2023-11-19 00:36:27'),(399,1,'en','core/base/forms','alias','Alias','2023-11-19 00:36:27','2023-11-19 00:36:27'),(400,1,'en','core/base/forms','basic_information','Basic information','2023-11-19 00:36:27','2023-11-19 00:36:27'),(401,1,'en','core/base/forms','short_code','Shortcode','2023-11-19 00:36:27','2023-11-19 00:36:27'),(402,1,'en','core/base/forms','add_short_code','Add a shortcode','2023-11-19 00:36:27','2023-11-19 00:36:27'),(403,1,'en','core/base/forms','add','Add','2023-11-19 00:36:27','2023-11-19 00:36:27'),(404,1,'en','core/base/forms','link','Link','2023-11-19 00:36:27','2023-11-19 00:36:27'),(405,1,'en','core/base/forms','show_hide_editor','Show/Hide Editor','2023-11-19 00:36:27','2023-11-19 00:36:27'),(406,1,'en','core/base/forms','basic_info_title','Basic information','2023-11-19 00:36:28','2023-11-19 00:36:28'),(407,1,'en','core/base/forms','expand_all','Expand all','2023-11-19 00:36:28','2023-11-19 00:36:28'),(408,1,'en','core/base/forms','collapse_all','Collapse all','2023-11-19 00:36:28','2023-11-19 00:36:28'),(409,1,'en','core/base/forms','view_new_tab','Open in new tab','2023-11-19 00:36:28','2023-11-19 00:36:28'),(410,1,'en','core/base/forms','view_preview_image','View preview image','2023-11-19 00:36:28','2023-11-19 00:36:28'),(411,1,'en','core/base/forms','edit_item','Edit \":name\"','2023-11-19 00:36:28','2023-11-19 00:36:28'),(412,1,'en','core/base/layouts','platform_admin','Platform Administration','2023-11-19 00:36:28','2023-11-19 00:36:28'),(413,1,'en','core/base/layouts','dashboard','Dashboard','2023-11-19 00:36:28','2023-11-19 00:36:28'),(414,1,'en','core/base/layouts','widgets','Widgets','2023-11-19 00:36:28','2023-11-19 00:36:28'),(415,1,'en','core/base/layouts','plugins','Plugins','2023-11-19 00:36:28','2023-11-19 00:36:28'),(416,1,'en','core/base/layouts','settings','Settings','2023-11-19 00:36:28','2023-11-19 00:36:28'),(417,1,'en','core/base/layouts','setting_general','General','2023-11-19 00:36:28','2023-11-19 00:36:28'),(418,1,'en','core/base/layouts','setting_email','Email','2023-11-19 00:36:28','2023-11-19 00:36:28'),(419,1,'en','core/base/layouts','system_information','System information','2023-11-19 00:36:28','2023-11-19 00:36:28'),(420,1,'en','core/base/layouts','theme','Theme','2023-11-19 00:36:28','2023-11-19 00:36:28'),(421,1,'en','core/base/layouts','copyright','Copyright :year &copy; :company. Version: <span>:version</span>','2023-11-19 00:36:28','2023-11-19 00:36:28'),(422,1,'en','core/base/layouts','profile','Profile','2023-11-19 00:36:28','2023-11-19 00:36:28'),(423,1,'en','core/base/layouts','logout','Logout','2023-11-19 00:36:28','2023-11-19 00:36:28'),(424,1,'en','core/base/layouts','no_search_result','No results found, please try with different keywords.','2023-11-19 00:36:28','2023-11-19 00:36:28'),(425,1,'en','core/base/layouts','home','Home','2023-11-19 00:36:28','2023-11-19 00:36:28'),(426,1,'en','core/base/layouts','search','Search','2023-11-19 00:36:28','2023-11-19 00:36:28'),(427,1,'en','core/base/layouts','add_new','Add new','2023-11-19 00:36:28','2023-11-19 00:36:28'),(428,1,'en','core/base/layouts','n_a','N/A','2023-11-19 00:36:28','2023-11-19 00:36:28'),(429,1,'en','core/base/layouts','page_loaded_time','Page loaded in','2023-11-19 00:36:28','2023-11-19 00:36:28'),(430,1,'en','core/base/layouts','view_website','View website','2023-11-19 00:36:28','2023-11-19 00:36:28'),(431,1,'en','core/base/notices','create_success_message','Created successfully','2023-11-19 00:36:28','2023-11-19 00:36:28'),(432,1,'en','core/base/notices','update_success_message','Updated successfully','2023-11-19 00:36:28','2023-11-19 00:36:28'),(433,1,'en','core/base/notices','delete_success_message','Deleted successfully','2023-11-19 00:36:28','2023-11-19 00:36:28'),(434,1,'en','core/base/notices','success_header','Success!','2023-11-19 00:36:28','2023-11-19 00:36:28'),(435,1,'en','core/base/notices','error_header','Error!','2023-11-19 00:36:28','2023-11-19 00:36:28'),(436,1,'en','core/base/notices','no_select','Please select at least one record to perform this action!','2023-11-19 00:36:28','2023-11-19 00:36:28'),(437,1,'en','core/base/notices','processing_request','We are processing your request.','2023-11-19 00:36:28','2023-11-19 00:36:28'),(438,1,'en','core/base/notices','error','Error!','2023-11-19 00:36:28','2023-11-19 00:36:28'),(439,1,'en','core/base/notices','success','Success!','2023-11-19 00:36:28','2023-11-19 00:36:28'),(440,1,'en','core/base/notices','info','Info!','2023-11-19 00:36:28','2023-11-19 00:36:28'),(441,1,'en','core/base/notices','enum.validate_message','The :attribute value you have entered is invalid.','2023-11-19 00:36:28','2023-11-19 00:36:28'),(442,1,'en','core/base/notifications','notifications','Notifications','2023-11-19 00:36:28','2023-11-19 00:36:28'),(443,1,'en','core/base/notifications','mark_as_read','Mark as read','2023-11-19 00:36:28','2023-11-19 00:36:28'),(444,1,'en','core/base/notifications','clear','Clear','2023-11-19 00:36:28','2023-11-19 00:36:28'),(445,1,'en','core/base/notifications','no_notification_here','No notifications here','2023-11-19 00:36:28','2023-11-19 00:36:28'),(446,1,'en','core/base/notifications','please_check_again_later','Please check again later','2023-11-19 00:36:28','2023-11-19 00:36:28'),(447,1,'en','core/base/notifications','view_more','View more...','2023-11-19 00:36:28','2023-11-19 00:36:28'),(448,1,'en','core/base/notifications','view','View','2023-11-19 00:36:28','2023-11-19 00:36:28'),(449,1,'en','core/base/notifications','show_more','Show more','2023-11-19 00:36:28','2023-11-19 00:36:28'),(450,1,'en','core/base/notifications','show_less','Show less','2023-11-19 00:36:28','2023-11-19 00:36:28'),(451,1,'en','core/base/system','no_select','Please select at least one record to take this action!','2023-11-19 00:36:28','2023-11-19 00:36:28'),(452,1,'en','core/base/system','cannot_find_user','Unable to find specified user','2023-11-19 00:36:28','2023-11-19 00:36:28'),(453,1,'en','core/base/system','supper_revoked','Super user access revoked','2023-11-19 00:36:28','2023-11-19 00:36:28'),(454,1,'en','core/base/system','cannot_revoke_yourself','Can not revoke supper user access permission yourself!','2023-11-19 00:36:28','2023-11-19 00:36:28'),(455,1,'en','core/base/system','cant_remove_supper','You don\'t has permission to remove this super user','2023-11-19 00:36:28','2023-11-19 00:36:28'),(456,1,'en','core/base/system','cant_find_user_with_email','Unable to find user with specified email address','2023-11-19 00:36:28','2023-11-19 00:36:28'),(457,1,'en','core/base/system','supper_granted','Super user access granted','2023-11-19 00:36:28','2023-11-19 00:36:28'),(458,1,'en','core/base/system','delete_log_success','Delete log file successfully!','2023-11-19 00:36:28','2023-11-19 00:36:28'),(459,1,'en','core/base/system','get_member_success','Member list retrieved successfully','2023-11-19 00:36:28','2023-11-19 00:36:28'),(460,1,'en','core/base/system','error_occur','The following errors occurred','2023-11-19 00:36:28','2023-11-19 00:36:28'),(461,1,'en','core/base/system','user_management','User Management','2023-11-19 00:36:28','2023-11-19 00:36:28'),(462,1,'en','core/base/system','user_management_description','Manage users.','2023-11-19 00:36:28','2023-11-19 00:36:28'),(463,1,'en','core/base/system','role_and_permission','Roles and Permissions','2023-11-19 00:36:28','2023-11-19 00:36:28'),(464,1,'en','core/base/system','role_and_permission_description','Manage the available roles.','2023-11-19 00:36:28','2023-11-19 00:36:28'),(465,1,'en','core/base/system','user.list_super','List Super Users','2023-11-19 00:36:28','2023-11-19 00:36:28'),(466,1,'en','core/base/system','user.email','Email','2023-11-19 00:36:28','2023-11-19 00:36:28'),(467,1,'en','core/base/system','user.last_login','Last Login','2023-11-19 00:36:28','2023-11-19 00:36:28'),(468,1,'en','core/base/system','user.username','Username','2023-11-19 00:36:28','2023-11-19 00:36:28'),(469,1,'en','core/base/system','user.add_user','Add Super User','2023-11-19 00:36:28','2023-11-19 00:36:28'),(470,1,'en','core/base/system','user.cancel','Cancel','2023-11-19 00:36:28','2023-11-19 00:36:28'),(471,1,'en','core/base/system','user.create','Create','2023-11-19 00:36:28','2023-11-19 00:36:28'),(472,1,'en','core/base/system','options.features','Feature Access Control','2023-11-19 00:36:28','2023-11-19 00:36:28'),(473,1,'en','core/base/system','options.feature_description','Manage the available.','2023-11-19 00:36:28','2023-11-19 00:36:28'),(474,1,'en','core/base/system','options.manage_super','Super User Management','2023-11-19 00:36:28','2023-11-19 00:36:28'),(475,1,'en','core/base/system','options.manage_super_description','Add/remove super users.','2023-11-19 00:36:28','2023-11-19 00:36:28'),(476,1,'en','core/base/system','options.info','System information','2023-11-19 00:36:28','2023-11-19 00:36:28'),(477,1,'en','core/base/system','options.info_description','All information about current system configuration.','2023-11-19 00:36:28','2023-11-19 00:36:28'),(478,1,'en','core/base/system','info.title','System information','2023-11-19 00:36:28','2023-11-19 00:36:28'),(479,1,'en','core/base/system','info.cache','Cache','2023-11-19 00:36:28','2023-11-19 00:36:28'),(480,1,'en','core/base/system','info.locale','Active locale','2023-11-19 00:36:28','2023-11-19 00:36:28'),(481,1,'en','core/base/system','info.environment','Environment','2023-11-19 00:36:28','2023-11-19 00:36:28'),(482,1,'en','core/base/system','disabled_in_demo_mode','You cannot do it in demo mode!','2023-11-19 00:36:28','2023-11-19 00:36:28'),(483,1,'en','core/base/system','report_description','Please share this information for troubleshooting','2023-11-19 00:36:28','2023-11-19 00:36:28'),(484,1,'en','core/base/system','get_system_report','Get System Report','2023-11-19 00:36:28','2023-11-19 00:36:28'),(485,1,'en','core/base/system','system_environment','System Environment','2023-11-19 00:36:28','2023-11-19 00:36:28'),(486,1,'en','core/base/system','framework_version','Framework Version','2023-11-19 00:36:28','2023-11-19 00:36:28'),(487,1,'en','core/base/system','timezone','Timezone','2023-11-19 00:36:28','2023-11-19 00:36:28'),(488,1,'en','core/base/system','debug_mode','Debug Mode','2023-11-19 00:36:28','2023-11-19 00:36:28'),(489,1,'en','core/base/system','debug_mode_off','Debug Mode Off','2023-11-19 00:36:28','2023-11-19 00:36:28'),(490,1,'en','core/base/system','storage_dir_writable','Storage Dir Writable','2023-11-19 00:36:28','2023-11-19 00:36:28'),(491,1,'en','core/base/system','cache_dir_writable','Cache Dir Writable','2023-11-19 00:36:28','2023-11-19 00:36:28'),(492,1,'en','core/base/system','app_size','App Size','2023-11-19 00:36:28','2023-11-19 00:36:28'),(493,1,'en','core/base/system','server_environment','Server Environment','2023-11-19 00:36:28','2023-11-19 00:36:28'),(494,1,'en','core/base/system','php_version','PHP Version','2023-11-19 00:36:28','2023-11-19 00:36:28'),(495,1,'en','core/base/system','php_version_error','PHP must be >= :version','2023-11-19 00:36:28','2023-11-19 00:36:28'),(496,1,'en','core/base/system','server_software','Server Software','2023-11-19 00:36:28','2023-11-19 00:36:28'),(497,1,'en','core/base/system','server_os','Server OS','2023-11-19 00:36:28','2023-11-19 00:36:28'),(498,1,'en','core/base/system','database','Database','2023-11-19 00:36:28','2023-11-19 00:36:28'),(499,1,'en','core/base/system','ssl_installed','SSL Installed','2023-11-19 00:36:28','2023-11-19 00:36:28'),(500,1,'en','core/base/system','cache_driver','Cache Driver','2023-11-19 00:36:28','2023-11-19 00:36:28'),(501,1,'en','core/base/system','session_driver','Session Driver','2023-11-19 00:36:28','2023-11-19 00:36:28'),(502,1,'en','core/base/system','queue_connection','Queue Connection','2023-11-19 00:36:28','2023-11-19 00:36:28'),(503,1,'en','core/base/system','mbstring_ext','Mbstring Ext','2023-11-19 00:36:28','2023-11-19 00:36:28'),(504,1,'en','core/base/system','openssl_ext','OpenSSL Ext','2023-11-19 00:36:28','2023-11-19 00:36:28'),(505,1,'en','core/base/system','pdo_ext','PDO Ext','2023-11-19 00:36:28','2023-11-19 00:36:28'),(506,1,'en','core/base/system','curl_ext','CURL Ext','2023-11-19 00:36:28','2023-11-19 00:36:28'),(507,1,'en','core/base/system','exif_ext','Exif Ext','2023-11-19 00:36:28','2023-11-19 00:36:28'),(508,1,'en','core/base/system','file_info_ext','File info Ext','2023-11-19 00:36:28','2023-11-19 00:36:28'),(509,1,'en','core/base/system','tokenizer_ext','Tokenizer Ext','2023-11-19 00:36:28','2023-11-19 00:36:28'),(510,1,'en','core/base/system','extra_stats','Extra Stats','2023-11-19 00:36:28','2023-11-19 00:36:28'),(511,1,'en','core/base/system','installed_packages','Installed packages and their version numbers','2023-11-19 00:36:28','2023-11-19 00:36:28'),(512,1,'en','core/base/system','extra_information','Extra Information','2023-11-19 00:36:28','2023-11-19 00:36:28'),(513,1,'en','core/base/system','copy_report','Copy Report','2023-11-19 00:36:28','2023-11-19 00:36:28'),(514,1,'en','core/base/system','package_name','Package Name','2023-11-19 00:36:28','2023-11-19 00:36:28'),(515,1,'en','core/base/system','dependency_name','Dependency Name','2023-11-19 00:36:28','2023-11-19 00:36:28'),(516,1,'en','core/base/system','version','Version','2023-11-19 00:36:28','2023-11-19 00:36:28'),(517,1,'en','core/base/system','cms_version','CMS Version','2023-11-19 00:36:28','2023-11-19 00:36:28'),(518,1,'en','core/base/system','imagick_or_gd_ext','Imagick/GD Ext','2023-11-19 00:36:28','2023-11-19 00:36:28'),(519,1,'en','core/base/system','updater','System Updater','2023-11-19 00:36:28','2023-11-19 00:36:28'),(520,1,'en','core/base/system','zip','Zip Ext','2023-11-19 00:36:28','2023-11-19 00:36:28'),(521,1,'en','core/base/system','iconv','Iconv Ext','2023-11-19 00:36:28','2023-11-19 00:36:28'),(522,1,'en','core/base/system','memory_limit','Memory limit','2023-11-19 00:36:28','2023-11-19 00:36:28'),(523,1,'en','core/base/system','max_execution_time','Max execution time (s)','2023-11-19 00:36:28','2023-11-19 00:36:28'),(524,1,'en','core/base/system','allow_url_fopen_enabled','allow_url_fopen enabled','2023-11-19 00:36:28','2023-11-19 00:36:28'),(525,1,'en','core/base/system','cleanup.title','Cleanup System','2023-11-19 00:36:28','2023-11-19 00:36:28'),(526,1,'en','core/base/system','cleanup.table.name','Table Name','2023-11-19 00:36:28','2023-11-19 00:36:28'),(527,1,'en','core/base/system','cleanup.table.count','Records','2023-11-19 00:36:28','2023-11-19 00:36:28'),(528,1,'en','core/base/system','cleanup.backup_alert','Please backup your database and script files before cleanup, it will clear your data in database.','2023-11-19 00:36:28','2023-11-19 00:36:28'),(529,1,'en','core/base/system','cleanup.messenger_choose_without_table','Please choose to ignore tables that do not want to be cleaned','2023-11-19 00:36:28','2023-11-19 00:36:28'),(530,1,'en','core/base/system','cleanup.messenger_confirm_cleanup','Are you sure you want to database cleanup action, it will clear your data in database?','2023-11-19 00:36:28','2023-11-19 00:36:28'),(531,1,'en','core/base/system','cleanup.submit_button','Cleanup','2023-11-19 00:36:28','2023-11-19 00:36:28'),(532,1,'en','core/base/system','cleanup.success_message','Cleaned data successfully','2023-11-19 00:36:28','2023-11-19 00:36:28'),(533,1,'en','core/base/system','cleanup.not_enabled_yet','This featured is not enabled yet. <br />Please add into .env: <code>CMS_ENABLED_CLEANUP_DATABASE=true</code> to enable this feature!','2023-11-19 00:36:28','2023-11-19 00:36:28'),(534,1,'en','core/base/tables','id','ID','2023-11-19 00:36:28','2023-11-19 00:36:28'),(535,1,'en','core/base/tables','name','Name','2023-11-19 00:36:28','2023-11-19 00:36:28'),(536,1,'en','core/base/tables','slug','Slug','2023-11-19 00:36:28','2023-11-19 00:36:28'),(537,1,'en','core/base/tables','title','Title','2023-11-19 00:36:28','2023-11-19 00:36:28'),(538,1,'en','core/base/tables','order_by','Order By','2023-11-19 00:36:28','2023-11-19 00:36:28'),(539,1,'en','core/base/tables','order','Order','2023-11-19 00:36:28','2023-11-19 00:36:28'),(540,1,'en','core/base/tables','status','Status','2023-11-19 00:36:28','2023-11-19 00:36:28'),(541,1,'en','core/base/tables','created_at','Created At','2023-11-19 00:36:28','2023-11-19 00:36:28'),(542,1,'en','core/base/tables','updated_at','Updated At','2023-11-19 00:36:28','2023-11-19 00:36:28'),(543,1,'en','core/base/tables','description','Description','2023-11-19 00:36:28','2023-11-19 00:36:28'),(544,1,'en','core/base/tables','operations','Operations','2023-11-19 00:36:28','2023-11-19 00:36:28'),(545,1,'en','core/base/tables','url','URL','2023-11-19 00:36:28','2023-11-19 00:36:28'),(546,1,'en','core/base/tables','author','Author','2023-11-19 00:36:28','2023-11-19 00:36:28'),(547,1,'en','core/base/tables','notes','Notes','2023-11-19 00:36:28','2023-11-19 00:36:28'),(548,1,'en','core/base/tables','column','Column','2023-11-19 00:36:28','2023-11-19 00:36:28'),(549,1,'en','core/base/tables','origin','Origin','2023-11-19 00:36:28','2023-11-19 00:36:28'),(550,1,'en','core/base/tables','after_change','After changes','2023-11-19 00:36:28','2023-11-19 00:36:28'),(551,1,'en','core/base/tables','views','Views','2023-11-19 00:36:28','2023-11-19 00:36:28'),(552,1,'en','core/base/tables','browser','Browser','2023-11-19 00:36:28','2023-11-19 00:36:28'),(553,1,'en','core/base/tables','session','Session','2023-11-19 00:36:28','2023-11-19 00:36:28'),(554,1,'en','core/base/tables','activated','activated','2023-11-19 00:36:28','2023-11-19 00:36:28'),(555,1,'en','core/base/tables','deactivated','deactivated','2023-11-19 00:36:28','2023-11-19 00:36:28'),(556,1,'en','core/base/tables','is_featured','Is featured','2023-11-19 00:36:28','2023-11-19 00:36:28'),(557,1,'en','core/base/tables','edit','Edit','2023-11-19 00:36:28','2023-11-19 00:36:28'),(558,1,'en','core/base/tables','delete','Delete','2023-11-19 00:36:28','2023-11-19 00:36:28'),(559,1,'en','core/base/tables','restore','Restore','2023-11-19 00:36:28','2023-11-19 00:36:28'),(560,1,'en','core/base/tables','activate','Activate','2023-11-19 00:36:28','2023-11-19 00:36:28'),(561,1,'en','core/base/tables','deactivate','Deactivate','2023-11-19 00:36:28','2023-11-19 00:36:28'),(562,1,'en','core/base/tables','excel','Excel','2023-11-19 00:36:28','2023-11-19 00:36:28'),(563,1,'en','core/base/tables','export','Export','2023-11-19 00:36:28','2023-11-19 00:36:28'),(564,1,'en','core/base/tables','csv','CSV','2023-11-19 00:36:28','2023-11-19 00:36:28'),(565,1,'en','core/base/tables','pdf','PDF','2023-11-19 00:36:28','2023-11-19 00:36:28'),(566,1,'en','core/base/tables','print','Print','2023-11-19 00:36:28','2023-11-19 00:36:28'),(567,1,'en','core/base/tables','reset','Reset','2023-11-19 00:36:28','2023-11-19 00:36:28'),(568,1,'en','core/base/tables','reload','Reload','2023-11-19 00:36:28','2023-11-19 00:36:28'),(569,1,'en','core/base/tables','display','Display','2023-11-19 00:36:28','2023-11-19 00:36:28'),(570,1,'en','core/base/tables','all','All','2023-11-19 00:36:28','2023-11-19 00:36:28'),(571,1,'en','core/base/tables','add_new','Add New','2023-11-19 00:36:28','2023-11-19 00:36:28'),(572,1,'en','core/base/tables','action','Actions','2023-11-19 00:36:28','2023-11-19 00:36:28'),(573,1,'en','core/base/tables','delete_entry','Delete','2023-11-19 00:36:28','2023-11-19 00:36:28'),(574,1,'en','core/base/tables','view','View Detail','2023-11-19 00:36:28','2023-11-19 00:36:28'),(575,1,'en','core/base/tables','save','Save','2023-11-19 00:36:29','2023-11-19 00:36:29'),(576,1,'en','core/base/tables','show_from','Show from','2023-11-19 00:36:29','2023-11-19 00:36:29'),(577,1,'en','core/base/tables','to','to','2023-11-19 00:36:29','2023-11-19 00:36:29'),(578,1,'en','core/base/tables','in','in','2023-11-19 00:36:29','2023-11-19 00:36:29'),(579,1,'en','core/base/tables','records','records','2023-11-19 00:36:29','2023-11-19 00:36:29'),(580,1,'en','core/base/tables','no_data','No data to display','2023-11-19 00:36:29','2023-11-19 00:36:29'),(581,1,'en','core/base/tables','no_record','No record','2023-11-19 00:36:29','2023-11-19 00:36:29'),(582,1,'en','core/base/tables','confirm_delete','Confirm delete','2023-11-19 00:36:29','2023-11-19 00:36:29'),(583,1,'en','core/base/tables','confirm_delete_msg','Do you really want to delete this record?','2023-11-19 00:36:29','2023-11-19 00:36:29'),(584,1,'en','core/base/tables','confirm_delete_many_msg','Do you really want to delete selected record(s)?','2023-11-19 00:36:29','2023-11-19 00:36:29'),(585,1,'en','core/base/tables','cancel','Cancel','2023-11-19 00:36:29','2023-11-19 00:36:29'),(586,1,'en','core/base/tables','template','Template','2023-11-19 00:36:29','2023-11-19 00:36:29'),(587,1,'en','core/base/tables','email','Email','2023-11-19 00:36:29','2023-11-19 00:36:29'),(588,1,'en','core/base/tables','last_login','Last login','2023-11-19 00:36:29','2023-11-19 00:36:29'),(589,1,'en','core/base/tables','shortcode','Shortcode','2023-11-19 00:36:29','2023-11-19 00:36:29'),(590,1,'en','core/base/tables','image','Image','2023-11-19 00:36:29','2023-11-19 00:36:29'),(591,1,'en','core/base/tables','bulk_changes','Bulk changes','2023-11-19 00:36:29','2023-11-19 00:36:29'),(592,1,'en','core/base/tables','submit','Submit','2023-11-19 00:36:29','2023-11-19 00:36:29'),(593,1,'en','core/base/tables','please_select_record','Please select at least one record to perform this action!','2023-11-19 00:36:29','2023-11-19 00:36:29'),(594,1,'en','core/base/tables','checkbox','Checkbox','2023-11-19 00:36:29','2023-11-19 00:36:29'),(595,1,'en','core/base/tabs','detail','Detail','2023-11-19 00:36:29','2023-11-19 00:36:29'),(596,1,'en','core/base/tabs','file','Files','2023-11-19 00:36:29','2023-11-19 00:36:29'),(597,1,'en','core/base/tabs','record_note','Record Note','2023-11-19 00:36:29','2023-11-19 00:36:29'),(598,1,'en','core/base/tabs','revision','Revision History','2023-11-19 00:36:29','2023-11-19 00:36:29'),(599,1,'en','core/dashboard/dashboard','update_position_success','Update widget position successfully!','2023-11-19 00:36:29','2023-11-19 00:36:29'),(600,1,'en','core/dashboard/dashboard','hide_success','Update widget successfully!','2023-11-19 00:36:29','2023-11-19 00:36:29'),(601,1,'en','core/dashboard/dashboard','confirm_hide','Are you sure?','2023-11-19 00:36:29','2023-11-19 00:36:29'),(602,1,'en','core/dashboard/dashboard','hide_message','Do you really want to hide this widget? It will be disappear on Dashboard!','2023-11-19 00:36:29','2023-11-19 00:36:29'),(603,1,'en','core/dashboard/dashboard','confirm_hide_btn','Yes, hide this widget','2023-11-19 00:36:29','2023-11-19 00:36:29'),(604,1,'en','core/dashboard/dashboard','cancel_hide_btn','Cancel','2023-11-19 00:36:29','2023-11-19 00:36:29'),(605,1,'en','core/dashboard/dashboard','collapse_expand','Collapse/Expand','2023-11-19 00:36:29','2023-11-19 00:36:29'),(606,1,'en','core/dashboard/dashboard','hide','Hide','2023-11-19 00:36:29','2023-11-19 00:36:29'),(607,1,'en','core/dashboard/dashboard','reload','Reload','2023-11-19 00:36:29','2023-11-19 00:36:29'),(608,1,'en','core/dashboard/dashboard','save_setting_success','Save widget settings successfully!','2023-11-19 00:36:29','2023-11-19 00:36:29'),(609,1,'en','core/dashboard/dashboard','widget_not_exists','Widget is not exits!','2023-11-19 00:36:29','2023-11-19 00:36:29'),(610,1,'en','core/dashboard/dashboard','manage_widgets','Manage Widgets','2023-11-19 00:36:29','2023-11-19 00:36:29'),(611,1,'en','core/dashboard/dashboard','fullscreen','Full screen','2023-11-19 00:36:29','2023-11-19 00:36:29'),(612,1,'en','core/dashboard/dashboard','title','Dashboard','2023-11-19 00:36:29','2023-11-19 00:36:29'),(613,1,'en','core/dashboard/dashboard','predefined_ranges.today','Today','2023-11-19 00:36:29','2023-11-19 00:36:29'),(614,1,'en','core/dashboard/dashboard','predefined_ranges.yesterday','Yesterday','2023-11-19 00:36:29','2023-11-19 00:36:29'),(615,1,'en','core/dashboard/dashboard','predefined_ranges.this_week','This Week','2023-11-19 00:36:29','2023-11-19 00:36:29'),(616,1,'en','core/dashboard/dashboard','predefined_ranges.last_7_days','Last 7 Days','2023-11-19 00:36:29','2023-11-19 00:36:29'),(617,1,'en','core/dashboard/dashboard','predefined_ranges.this_month','This Month','2023-11-19 00:36:29','2023-11-19 00:36:29'),(618,1,'en','core/dashboard/dashboard','predefined_ranges.last_30_days','Last 30 Days','2023-11-19 00:36:29','2023-11-19 00:36:29'),(619,1,'en','core/dashboard/dashboard','predefined_ranges.this_year','This Year','2023-11-19 00:36:29','2023-11-19 00:36:29'),(620,1,'en','core/media/media','filter','Filter','2023-11-19 00:36:29','2023-11-19 00:36:29'),(621,1,'en','core/media/media','everything','Everything','2023-11-19 00:36:29','2023-11-19 00:36:29'),(622,1,'en','core/media/media','image','Image','2023-11-19 00:36:29','2023-11-19 00:36:29'),(623,1,'en','core/media/media','video','Video','2023-11-19 00:36:29','2023-11-19 00:36:29'),(624,1,'en','core/media/media','document','Document','2023-11-19 00:36:29','2023-11-19 00:36:29'),(625,1,'en','core/media/media','view_in','View in','2023-11-19 00:36:29','2023-11-19 00:36:29'),(626,1,'en','core/media/media','all_media','All media','2023-11-19 00:36:29','2023-11-19 00:36:29'),(627,1,'en','core/media/media','trash','Trash','2023-11-19 00:36:29','2023-11-19 00:36:29'),(628,1,'en','core/media/media','recent','Recent','2023-11-19 00:36:29','2023-11-19 00:36:29'),(629,1,'en','core/media/media','favorites','Favorites','2023-11-19 00:36:29','2023-11-19 00:36:29'),(630,1,'en','core/media/media','upload','Upload','2023-11-19 00:36:29','2023-11-19 00:36:29'),(631,1,'en','core/media/media','create_folder','Create folder','2023-11-19 00:36:29','2023-11-19 00:36:29'),(632,1,'en','core/media/media','refresh','Refresh','2023-11-19 00:36:29','2023-11-19 00:36:29'),(633,1,'en','core/media/media','empty_trash','Empty trash','2023-11-19 00:36:29','2023-11-19 00:36:29'),(634,1,'en','core/media/media','search_file_and_folder','Search in current folder','2023-11-19 00:36:29','2023-11-19 00:36:29'),(635,1,'en','core/media/media','sort','Sort','2023-11-19 00:36:29','2023-11-19 00:36:29'),(636,1,'en','core/media/media','file_name_asc','File name - ASC','2023-11-19 00:36:29','2023-11-19 00:36:29'),(637,1,'en','core/media/media','file_name_desc','File name - DESC','2023-11-19 00:36:29','2023-11-19 00:36:29'),(638,1,'en','core/media/media','uploaded_date_asc','Uploaded date - ASC','2023-11-19 00:36:29','2023-11-19 00:36:29'),(639,1,'en','core/media/media','uploaded_date_desc','Uploaded date - DESC','2023-11-19 00:36:29','2023-11-19 00:36:29'),(640,1,'en','core/media/media','size_asc','Size - ASC','2023-11-19 00:36:29','2023-11-19 00:36:29'),(641,1,'en','core/media/media','size_desc','Size - DESC','2023-11-19 00:36:29','2023-11-19 00:36:29'),(642,1,'en','core/media/media','actions','Actions','2023-11-19 00:36:29','2023-11-19 00:36:29'),(643,1,'en','core/media/media','nothing_is_selected','Nothing is selected','2023-11-19 00:36:29','2023-11-19 00:36:29'),(644,1,'en','core/media/media','insert','Insert','2023-11-19 00:36:29','2023-11-19 00:36:29'),(645,1,'en','core/media/media','folder_name','Folder name','2023-11-19 00:36:29','2023-11-19 00:36:29'),(646,1,'en','core/media/media','create','Create','2023-11-19 00:36:29','2023-11-19 00:36:29'),(647,1,'en','core/media/media','rename','Rename','2023-11-19 00:36:29','2023-11-19 00:36:29'),(648,1,'en','core/media/media','crop','Crop','2023-11-19 00:36:29','2023-11-19 00:36:29'),(649,1,'en','core/media/media','close','Close','2023-11-19 00:36:29','2023-11-19 00:36:29'),(650,1,'en','core/media/media','save_changes','Save changes','2023-11-19 00:36:29','2023-11-19 00:36:29'),(651,1,'en','core/media/media','move_to_trash','Move items to trash','2023-11-19 00:36:29','2023-11-19 00:36:29'),(652,1,'en','core/media/media','confirm_trash','Are you sure you want to move these items to trash?','2023-11-19 00:36:29','2023-11-19 00:36:29'),(653,1,'en','core/media/media','confirm','Confirm','2023-11-19 00:36:29','2023-11-19 00:36:29'),(654,1,'en','core/media/media','confirm_delete','Delete item(s)','2023-11-19 00:36:29','2023-11-19 00:36:29'),(655,1,'en','core/media/media','confirm_delete_description','Your request cannot rollback. Are you sure you wanna delete these items?','2023-11-19 00:36:29','2023-11-19 00:36:29'),(656,1,'en','core/media/media','empty_trash_title','Empty trash','2023-11-19 00:36:29','2023-11-19 00:36:29'),(657,1,'en','core/media/media','empty_trash_description','Your request cannot rollback. Are you sure you wanna remove all items in trash?','2023-11-19 00:36:29','2023-11-19 00:36:29'),(658,1,'en','core/media/media','up_level','Up one level','2023-11-19 00:36:29','2023-11-19 00:36:29'),(659,1,'en','core/media/media','upload_progress','Upload progress','2023-11-19 00:36:29','2023-11-19 00:36:29'),(660,1,'en','core/media/media','alt_text','Alt text','2023-11-19 00:36:29','2023-11-19 00:36:29'),(661,1,'en','core/media/media','folder_created','Folder is created successfully!','2023-11-19 00:36:29','2023-11-19 00:36:29'),(662,1,'en','core/media/media','gallery','Media gallery','2023-11-19 00:36:29','2023-11-19 00:36:29'),(663,1,'en','core/media/media','trash_error','Error when delete selected item(s)','2023-11-19 00:36:29','2023-11-19 00:36:29'),(664,1,'en','core/media/media','trash_success','Moved selected item(s) to trash successfully!','2023-11-19 00:36:29','2023-11-19 00:36:29'),(665,1,'en','core/media/media','restore_error','Error when restore selected item(s)','2023-11-19 00:36:29','2023-11-19 00:36:29'),(666,1,'en','core/media/media','restore_success','Restore selected item(s) successfully!','2023-11-19 00:36:29','2023-11-19 00:36:29'),(667,1,'en','core/media/media','copy_success','Copied selected item(s) successfully!','2023-11-19 00:36:29','2023-11-19 00:36:29'),(668,1,'en','core/media/media','delete_success','Deleted selected item(s) successfully!','2023-11-19 00:36:29','2023-11-19 00:36:29'),(669,1,'en','core/media/media','favorite_success','Favorite selected item(s) successfully!','2023-11-19 00:36:29','2023-11-19 00:36:29'),(670,1,'en','core/media/media','remove_favorite_success','Remove selected item(s) from favorites successfully!','2023-11-19 00:36:29','2023-11-19 00:36:29'),(671,1,'en','core/media/media','rename_error','Error when rename item(s)','2023-11-19 00:36:29','2023-11-19 00:36:29'),(672,1,'en','core/media/media','rename_success','Rename selected item(s) successfully!','2023-11-19 00:36:29','2023-11-19 00:36:29'),(673,1,'en','core/media/media','crop_success','Crop image successfully!','2023-11-19 00:36:29','2023-11-19 00:36:29'),(674,1,'en','core/media/media','empty_trash_success','Empty trash successfully!','2023-11-19 00:36:29','2023-11-19 00:36:29'),(675,1,'en','core/media/media','invalid_action','Invalid action!','2023-11-19 00:36:29','2023-11-19 00:36:29'),(676,1,'en','core/media/media','file_not_exists','File is not exists!','2023-11-19 00:36:29','2023-11-19 00:36:29'),(677,1,'en','core/media/media','download_file_error','Error when downloading files!','2023-11-19 00:36:29','2023-11-19 00:36:29'),(678,1,'en','core/media/media','missing_zip_archive_extension','Please enable ZipArchive extension to download file!','2023-11-19 00:36:29','2023-11-19 00:36:29'),(679,1,'en','core/media/media','can_not_download_file','Can not download this file!','2023-11-19 00:36:29','2023-11-19 00:36:29'),(680,1,'en','core/media/media','invalid_request','Invalid request!','2023-11-19 00:36:29','2023-11-19 00:36:29'),(681,1,'en','core/media/media','add_success','Add item successfully!','2023-11-19 00:36:29','2023-11-19 00:36:29'),(682,1,'en','core/media/media','file_too_big','File too big. Max file upload is :size bytes','2023-11-19 00:36:29','2023-11-19 00:36:29'),(683,1,'en','core/media/media','file_too_big_readable_size','File too big. Max file upload is :size.','2023-11-19 00:36:29','2023-11-19 00:36:29'),(684,1,'en','core/media/media','can_not_detect_file_type','File type is not allowed or can not detect file type!','2023-11-19 00:36:29','2023-11-19 00:36:29'),(685,1,'en','core/media/media','upload_failed','The file is NOT uploaded completely. The server allows max upload file size is :size . Please check your file size OR try to upload again in case of having network errors','2023-11-19 00:36:29','2023-11-19 00:36:29'),(686,1,'en','core/media/media','failed_to_crop_image','The file cropping must be image type','2023-11-19 00:36:29','2023-11-19 00:36:29'),(687,1,'en','core/media/media','menu_name','Media','2023-11-19 00:36:29','2023-11-19 00:36:29'),(688,1,'en','core/media/media','add','Add media','2023-11-19 00:36:29','2023-11-19 00:36:29'),(689,1,'en','core/media/media','javascript.name','Name','2023-11-19 00:36:29','2023-11-19 00:36:29'),(690,1,'en','core/media/media','javascript.url','URL','2023-11-19 00:36:29','2023-11-19 00:36:29'),(691,1,'en','core/media/media','javascript.full_url','Full URL','2023-11-19 00:36:29','2023-11-19 00:36:29'),(692,1,'en','core/media/media','javascript.alt','Alt text','2023-11-19 00:36:29','2023-11-19 00:36:29'),(693,1,'en','core/media/media','javascript.size','Size','2023-11-19 00:36:29','2023-11-19 00:36:29'),(694,1,'en','core/media/media','javascript.mime_type','Type','2023-11-19 00:36:29','2023-11-19 00:36:29'),(695,1,'en','core/media/media','javascript.created_at','Uploaded at','2023-11-19 00:36:29','2023-11-19 00:36:29'),(696,1,'en','core/media/media','javascript.updated_at','Modified at','2023-11-19 00:36:29','2023-11-19 00:36:29'),(697,1,'en','core/media/media','javascript.nothing_selected','Nothing is selected','2023-11-19 00:36:29','2023-11-19 00:36:29'),(698,1,'en','core/media/media','javascript.visit_link','Open link','2023-11-19 00:36:29','2023-11-19 00:36:29'),(699,1,'en','core/media/media','javascript.no_item.all_media.icon','fas fa-cloud-upload-alt','2023-11-19 00:36:29','2023-11-19 00:36:29'),(700,1,'en','core/media/media','javascript.no_item.all_media.title','Drop files and folders here','2023-11-19 00:36:29','2023-11-19 00:36:29'),(701,1,'en','core/media/media','javascript.no_item.all_media.message','Or use the upload button above','2023-11-19 00:36:29','2023-11-19 00:36:29'),(702,1,'en','core/media/media','javascript.no_item.trash.icon','fas fa-trash-alt','2023-11-19 00:36:29','2023-11-19 00:36:29'),(703,1,'en','core/media/media','javascript.no_item.trash.title','There is nothing in your trash currently','2023-11-19 00:36:29','2023-11-19 00:36:29'),(704,1,'en','core/media/media','javascript.no_item.trash.message','Delete files to move them to trash automatically. Delete files from trash to remove them permanently','2023-11-19 00:36:29','2023-11-19 00:36:29'),(705,1,'en','core/media/media','javascript.no_item.favorites.icon','fas fa-star','2023-11-19 00:36:29','2023-11-19 00:36:29'),(706,1,'en','core/media/media','javascript.no_item.favorites.title','You have not added anything to your favorites yet','2023-11-19 00:36:29','2023-11-19 00:36:29'),(707,1,'en','core/media/media','javascript.no_item.favorites.message','Add files to favorites to easily find them later','2023-11-19 00:36:29','2023-11-19 00:36:29'),(708,1,'en','core/media/media','javascript.no_item.recent.icon','far fa-clock','2023-11-19 00:36:29','2023-11-19 00:36:29'),(709,1,'en','core/media/media','javascript.no_item.recent.title','You did not opened anything yet','2023-11-19 00:36:29','2023-11-19 00:36:29'),(710,1,'en','core/media/media','javascript.no_item.recent.message','All recent files that you opened will be appeared here','2023-11-19 00:36:29','2023-11-19 00:36:29'),(711,1,'en','core/media/media','javascript.no_item.default.icon','fas fa-sync','2023-11-19 00:36:29','2023-11-19 00:36:29'),(712,1,'en','core/media/media','javascript.no_item.default.title','No items','2023-11-19 00:36:29','2023-11-19 00:36:29'),(713,1,'en','core/media/media','javascript.no_item.default.message','This directory has no item','2023-11-19 00:36:29','2023-11-19 00:36:29'),(714,1,'en','core/media/media','javascript.clipboard.success','These file links have been copied to clipboard','2023-11-19 00:36:29','2023-11-19 00:36:29'),(715,1,'en','core/media/media','javascript.message.error_header','Error','2023-11-19 00:36:29','2023-11-19 00:36:29'),(716,1,'en','core/media/media','javascript.message.success_header','Success','2023-11-19 00:36:29','2023-11-19 00:36:29'),(717,1,'en','core/media/media','javascript.download.error','No files selected or cannot download these files','2023-11-19 00:36:29','2023-11-19 00:36:29'),(718,1,'en','core/media/media','javascript.actions_list.basic.preview','Preview','2023-11-19 00:36:29','2023-11-19 00:36:29'),(719,1,'en','core/media/media','javascript.actions_list.basic.crop','Crop','2023-11-19 00:36:29','2023-11-19 00:36:29'),(720,1,'en','core/media/media','javascript.actions_list.file.copy_link','Copy link','2023-11-19 00:36:29','2023-11-19 00:36:29'),(721,1,'en','core/media/media','javascript.actions_list.file.rename','Rename','2023-11-19 00:36:29','2023-11-19 00:36:29'),(722,1,'en','core/media/media','javascript.actions_list.file.make_copy','Make a copy','2023-11-19 00:36:29','2023-11-19 00:36:29'),(723,1,'en','core/media/media','javascript.actions_list.file.alt_text','ALT text','2023-11-19 00:36:29','2023-11-19 00:36:29'),(724,1,'en','core/media/media','javascript.actions_list.user.favorite','Add to favorite','2023-11-19 00:36:29','2023-11-19 00:36:29'),(725,1,'en','core/media/media','javascript.actions_list.user.remove_favorite','Remove favorite','2023-11-19 00:36:29','2023-11-19 00:36:29'),(726,1,'en','core/media/media','javascript.actions_list.other.download','Download','2023-11-19 00:36:29','2023-11-19 00:36:29'),(727,1,'en','core/media/media','javascript.actions_list.other.trash','Move to trash','2023-11-19 00:36:29','2023-11-19 00:36:29'),(728,1,'en','core/media/media','javascript.actions_list.other.delete','Delete permanently','2023-11-19 00:36:29','2023-11-19 00:36:29'),(729,1,'en','core/media/media','javascript.actions_list.other.restore','Restore','2023-11-19 00:36:29','2023-11-19 00:36:29'),(730,1,'en','core/media/media','javascript.change_image','Change image','2023-11-19 00:36:29','2023-11-19 00:36:29'),(731,1,'en','core/media/media','javascript.delete_image','Delete image','2023-11-19 00:36:29','2023-11-19 00:36:29'),(732,1,'en','core/media/media','javascript.choose_image','Choose image','2023-11-19 00:36:29','2023-11-19 00:36:29'),(733,1,'en','core/media/media','javascript.preview_image','Preview image','2023-11-19 00:36:29','2023-11-19 00:36:29'),(734,1,'en','core/media/media','name_invalid','The folder name has invalid character(s).','2023-11-19 00:36:29','2023-11-19 00:36:29'),(735,1,'en','core/media/media','url_invalid','Please provide a valid URL','2023-11-19 00:36:29','2023-11-19 00:36:29'),(736,1,'en','core/media/media','path_invalid','Please provide a valid path','2023-11-19 00:36:29','2023-11-19 00:36:29'),(737,1,'en','core/media/media','download_link','Download','2023-11-19 00:36:29','2023-11-19 00:36:29'),(738,1,'en','core/media/media','url','URL','2023-11-19 00:36:29','2023-11-19 00:36:29'),(739,1,'en','core/media/media','download_explain','Enter one URL per line.','2023-11-19 00:36:29','2023-11-19 00:36:29'),(740,1,'en','core/media/media','downloading','Downloading...','2023-11-19 00:36:29','2023-11-19 00:36:29'),(741,1,'en','core/media/media','prepare_file_to_download','Preparing file to download...','2023-11-19 00:36:29','2023-11-19 00:36:29'),(742,1,'en','core/media/media','update_alt_text_success','Update alt text successfully!','2023-11-19 00:36:29','2023-11-19 00:36:29'),(743,1,'en','core/media/media','cropper.height','Height','2023-11-19 00:36:30','2023-11-19 00:36:30'),(744,1,'en','core/media/media','cropper.width','Width','2023-11-19 00:36:30','2023-11-19 00:36:30'),(745,1,'en','core/media/media','cropper.aspect_ratio','Aspect ratio?','2023-11-19 00:36:30','2023-11-19 00:36:30'),(746,1,'en','core/media/media','unable_to_write','Unable to write file. Please chmod folder \":folder\" to make it writeable!','2023-11-19 00:36:30','2023-11-19 00:36:30'),(747,1,'en','core/setting/setting','title','Settings','2023-11-19 00:36:30','2023-11-19 00:36:30'),(748,1,'en','core/setting/setting','email_setting_title','Email settings','2023-11-19 00:36:30','2023-11-19 00:36:30'),(749,1,'en','core/setting/setting','general.theme','Theme','2023-11-19 00:36:30','2023-11-19 00:36:30'),(750,1,'en','core/setting/setting','general.description','Setting site information','2023-11-19 00:36:30','2023-11-19 00:36:30'),(751,1,'en','core/setting/setting','general.title','General','2023-11-19 00:36:30','2023-11-19 00:36:30'),(752,1,'en','core/setting/setting','general.general_block','General Information','2023-11-19 00:36:30','2023-11-19 00:36:30'),(753,1,'en','core/setting/setting','general.rich_editor','Rich Editor','2023-11-19 00:36:30','2023-11-19 00:36:30'),(754,1,'en','core/setting/setting','general.site_title','Site title','2023-11-19 00:36:30','2023-11-19 00:36:30'),(755,1,'en','core/setting/setting','general.admin_email','Admin Email','2023-11-19 00:36:30','2023-11-19 00:36:30'),(756,1,'en','core/setting/setting','general.seo_block','SEO Configuration','2023-11-19 00:36:30','2023-11-19 00:36:30'),(757,1,'en','core/setting/setting','general.seo_title','SEO Title','2023-11-19 00:36:30','2023-11-19 00:36:30'),(758,1,'en','core/setting/setting','general.seo_description','SEO Description','2023-11-19 00:36:30','2023-11-19 00:36:30'),(759,1,'en','core/setting/setting','general.webmaster_tools_block','Google Webmaster Tools','2023-11-19 00:36:30','2023-11-19 00:36:30'),(760,1,'en','core/setting/setting','general.placeholder.site_title','Site Title (maximum 120 characters)','2023-11-19 00:36:30','2023-11-19 00:36:30'),(761,1,'en','core/setting/setting','general.placeholder.admin_email','Admin Email','2023-11-19 00:36:30','2023-11-19 00:36:30'),(762,1,'en','core/setting/setting','general.placeholder.seo_title','SEO Title (maximum 120 characters)','2023-11-19 00:36:30','2023-11-19 00:36:30'),(763,1,'en','core/setting/setting','general.placeholder.seo_description','SEO Description (maximum 120 characters)','2023-11-19 00:36:30','2023-11-19 00:36:30'),(764,1,'en','core/setting/setting','general.placeholder.google_analytics','Google Analytics','2023-11-19 00:36:30','2023-11-19 00:36:30'),(765,1,'en','core/setting/setting','general.cache_admin_menu','Cache admin menu?','2023-11-19 00:36:30','2023-11-19 00:36:30'),(766,1,'en','core/setting/setting','general.enable_send_error_reporting_via_email','Enable to send error reporting via email?','2023-11-19 00:36:30','2023-11-19 00:36:30'),(767,1,'en','core/setting/setting','general.time_zone','Timezone','2023-11-19 00:36:30','2023-11-19 00:36:30'),(768,1,'en','core/setting/setting','general.default_admin_theme','Default admin theme','2023-11-19 00:36:30','2023-11-19 00:36:30'),(769,1,'en','core/setting/setting','general.enable_change_admin_theme','Enable change admin theme?','2023-11-19 00:36:30','2023-11-19 00:36:30'),(770,1,'en','core/setting/setting','general.enable','Enable','2023-11-19 00:36:30','2023-11-19 00:36:30'),(771,1,'en','core/setting/setting','general.disable','Disable','2023-11-19 00:36:30','2023-11-19 00:36:30'),(772,1,'en','core/setting/setting','general.enable_cache','Enable cache?','2023-11-19 00:36:30','2023-11-19 00:36:30'),(773,1,'en','core/setting/setting','general.disable_cache_in_the_admin_panel','Disable cache in the admin panel?','2023-11-19 00:36:30','2023-11-19 00:36:30'),(774,1,'en','core/setting/setting','general.cache_time','Cache time (minutes)','2023-11-19 00:36:30','2023-11-19 00:36:30'),(775,1,'en','core/setting/setting','general.enable_cache_site_map','Enable cache site map?','2023-11-19 00:36:30','2023-11-19 00:36:30'),(776,1,'en','core/setting/setting','general.cache_time_site_map','Cache Time Site map (minutes)','2023-11-19 00:36:30','2023-11-19 00:36:30'),(777,1,'en','core/setting/setting','general.admin_logo','Admin logo','2023-11-19 00:36:30','2023-11-19 00:36:30'),(778,1,'en','core/setting/setting','general.admin_favicon','Admin favicon','2023-11-19 00:36:30','2023-11-19 00:36:30'),(779,1,'en','core/setting/setting','general.admin_title','Admin title','2023-11-19 00:36:30','2023-11-19 00:36:30'),(780,1,'en','core/setting/setting','general.admin_title_placeholder','Title show to tab of browser','2023-11-19 00:36:30','2023-11-19 00:36:30'),(781,1,'en','core/setting/setting','general.cache_block','Cache','2023-11-19 00:36:30','2023-11-19 00:36:30'),(782,1,'en','core/setting/setting','general.admin_appearance_title','Admin appearance','2023-11-19 00:36:30','2023-11-19 00:36:30'),(783,1,'en','core/setting/setting','general.admin_appearance_description','Setting admin appearance such as editor, language...','2023-11-19 00:36:30','2023-11-19 00:36:30'),(784,1,'en','core/setting/setting','general.seo_block_description','Setting site title, site meta description, site keyword for optimize SEO','2023-11-19 00:36:30','2023-11-19 00:36:30'),(785,1,'en','core/setting/setting','general.webmaster_tools_description','Google Webmaster Tools (GWT) is free software that helps you manage the technical side of your website','2023-11-19 00:36:30','2023-11-19 00:36:30'),(786,1,'en','core/setting/setting','general.cache_description','Config cache for system for optimize speed','2023-11-19 00:36:30','2023-11-19 00:36:30'),(787,1,'en','core/setting/setting','general.yes','Yes','2023-11-19 00:36:30','2023-11-19 00:36:30'),(788,1,'en','core/setting/setting','general.no','No','2023-11-19 00:36:30','2023-11-19 00:36:30'),(789,1,'en','core/setting/setting','general.show_on_front','Your homepage displays','2023-11-19 00:36:30','2023-11-19 00:36:30'),(790,1,'en','core/setting/setting','general.select','— Select —','2023-11-19 00:36:30','2023-11-19 00:36:30'),(791,1,'en','core/setting/setting','general.show_site_name','Show site name after page title, separate with \"-\"?','2023-11-19 00:36:30','2023-11-19 00:36:30'),(792,1,'en','core/setting/setting','general.locale','Site language','2023-11-19 00:36:30','2023-11-19 00:36:30'),(793,1,'en','core/setting/setting','general.locale_direction','Front site language direction','2023-11-19 00:36:30','2023-11-19 00:36:30'),(794,1,'en','core/setting/setting','general.admin_locale_direction','Admin language direction','2023-11-19 00:36:30','2023-11-19 00:36:30'),(795,1,'en','core/setting/setting','general.admin_login_screen_backgrounds','Login screen backgrounds (~1366x768)','2023-11-19 00:36:30','2023-11-19 00:36:30'),(796,1,'en','core/setting/setting','general.minutes','minutes','2023-11-19 00:36:30','2023-11-19 00:36:30'),(797,1,'en','core/setting/setting','general.datatables.title','Datatables','2023-11-19 00:36:30','2023-11-19 00:36:30'),(798,1,'en','core/setting/setting','general.datatables.description','Settings for datatables','2023-11-19 00:36:30','2023-11-19 00:36:30'),(799,1,'en','core/setting/setting','general.datatables.show_column_visibility','Default show column visibility?','2023-11-19 00:36:30','2023-11-19 00:36:30'),(800,1,'en','core/setting/setting','general.datatables.show_export_button','Default show export button?','2023-11-19 00:36:30','2023-11-19 00:36:30'),(801,1,'en','core/setting/setting','email.subject','Subject','2023-11-19 00:36:30','2023-11-19 00:36:30'),(802,1,'en','core/setting/setting','email.content','Content','2023-11-19 00:36:30','2023-11-19 00:36:30'),(803,1,'en','core/setting/setting','email.title','Setting for email template','2023-11-19 00:36:30','2023-11-19 00:36:30'),(804,1,'en','core/setting/setting','email.description','Email template using HTML & system variables.','2023-11-19 00:36:30','2023-11-19 00:36:30'),(805,1,'en','core/setting/setting','email.reset_to_default','Reset to default','2023-11-19 00:36:30','2023-11-19 00:36:30'),(806,1,'en','core/setting/setting','email.back','Back to settings','2023-11-19 00:36:30','2023-11-19 00:36:30'),(807,1,'en','core/setting/setting','email.reset_success','Reset back to default successfully','2023-11-19 00:36:30','2023-11-19 00:36:30'),(808,1,'en','core/setting/setting','email.confirm_reset','Confirm reset email template?','2023-11-19 00:36:30','2023-11-19 00:36:30'),(809,1,'en','core/setting/setting','email.confirm_message','Do you really want to reset this email template to default?','2023-11-19 00:36:30','2023-11-19 00:36:30'),(810,1,'en','core/setting/setting','email.continue','Continue','2023-11-19 00:36:30','2023-11-19 00:36:30'),(811,1,'en','core/setting/setting','email.sender_name','Sender name','2023-11-19 00:36:30','2023-11-19 00:36:30'),(812,1,'en','core/setting/setting','email.sender_name_placeholder','Name','2023-11-19 00:36:30','2023-11-19 00:36:30'),(813,1,'en','core/setting/setting','email.sender_email','Sender email','2023-11-19 00:36:30','2023-11-19 00:36:30'),(814,1,'en','core/setting/setting','email.mailer','Mailer','2023-11-19 00:36:30','2023-11-19 00:36:30'),(815,1,'en','core/setting/setting','email.port','Port','2023-11-19 00:36:30','2023-11-19 00:36:30'),(816,1,'en','core/setting/setting','email.port_placeholder','Ex: 587','2023-11-19 00:36:30','2023-11-19 00:36:30'),(817,1,'en','core/setting/setting','email.host','Host','2023-11-19 00:36:30','2023-11-19 00:36:30'),(818,1,'en','core/setting/setting','email.host_placeholder','Ex: smtp.gmail.com','2023-11-19 00:36:30','2023-11-19 00:36:30'),(819,1,'en','core/setting/setting','email.username','Username','2023-11-19 00:36:30','2023-11-19 00:36:30'),(820,1,'en','core/setting/setting','email.username_placeholder','Username to login to mail server','2023-11-19 00:36:30','2023-11-19 00:36:30'),(821,1,'en','core/setting/setting','email.password','Password','2023-11-19 00:36:30','2023-11-19 00:36:30'),(822,1,'en','core/setting/setting','email.password_placeholder','Password to login to mail server','2023-11-19 00:36:30','2023-11-19 00:36:30'),(823,1,'en','core/setting/setting','email.encryption','Encryption','2023-11-19 00:36:30','2023-11-19 00:36:30'),(824,1,'en','core/setting/setting','email.mail_gun_domain','Domain','2023-11-19 00:36:30','2023-11-19 00:36:30'),(825,1,'en','core/setting/setting','email.mail_gun_domain_placeholder','Domain','2023-11-19 00:36:30','2023-11-19 00:36:30'),(826,1,'en','core/setting/setting','email.mail_gun_secret','Secret','2023-11-19 00:36:30','2023-11-19 00:36:30'),(827,1,'en','core/setting/setting','email.mail_gun_secret_placeholder','Secret','2023-11-19 00:36:30','2023-11-19 00:36:30'),(828,1,'en','core/setting/setting','email.mail_gun_endpoint','Endpoint','2023-11-19 00:36:30','2023-11-19 00:36:30'),(829,1,'en','core/setting/setting','email.mail_gun_endpoint_placeholder','Endpoint','2023-11-19 00:36:30','2023-11-19 00:36:30'),(830,1,'en','core/setting/setting','email.log_channel','Log channel','2023-11-19 00:36:30','2023-11-19 00:36:30'),(831,1,'en','core/setting/setting','email.sendmail_path','Sendmail Path','2023-11-19 00:36:30','2023-11-19 00:36:30'),(832,1,'en','core/setting/setting','email.encryption_placeholder','Encryption: ssl or tls','2023-11-19 00:36:30','2023-11-19 00:36:30'),(833,1,'en','core/setting/setting','email.ses_key','Key','2023-11-19 00:36:30','2023-11-19 00:36:30'),(834,1,'en','core/setting/setting','email.ses_key_placeholder','Key','2023-11-19 00:36:30','2023-11-19 00:36:30'),(835,1,'en','core/setting/setting','email.ses_secret','Secret','2023-11-19 00:36:30','2023-11-19 00:36:30'),(836,1,'en','core/setting/setting','email.ses_secret_placeholder','Secret','2023-11-19 00:36:30','2023-11-19 00:36:30'),(837,1,'en','core/setting/setting','email.ses_region','Region','2023-11-19 00:36:30','2023-11-19 00:36:30'),(838,1,'en','core/setting/setting','email.ses_region_placeholder','Region','2023-11-19 00:36:30','2023-11-19 00:36:30'),(839,1,'en','core/setting/setting','email.postmark_token','Token','2023-11-19 00:36:30','2023-11-19 00:36:30'),(840,1,'en','core/setting/setting','email.postmark_token_placeholder','Token','2023-11-19 00:36:30','2023-11-19 00:36:30'),(841,1,'en','core/setting/setting','email.template_title','Email templates','2023-11-19 00:36:30','2023-11-19 00:36:30'),(842,1,'en','core/setting/setting','email.template_description','Base templates for all emails','2023-11-19 00:36:30','2023-11-19 00:36:30'),(843,1,'en','core/setting/setting','email.template_header','Email template header','2023-11-19 00:36:30','2023-11-19 00:36:30'),(844,1,'en','core/setting/setting','email.template_header_description','Template for header of emails','2023-11-19 00:36:30','2023-11-19 00:36:30'),(845,1,'en','core/setting/setting','email.template_footer','Email template footer','2023-11-19 00:36:30','2023-11-19 00:36:30'),(846,1,'en','core/setting/setting','email.template_footer_description','Template for footer of emails','2023-11-19 00:36:30','2023-11-19 00:36:30'),(847,1,'en','core/setting/setting','email.default','Default','2023-11-19 00:36:30','2023-11-19 00:36:30'),(848,1,'en','core/setting/setting','media.title','Media','2023-11-19 00:36:30','2023-11-19 00:36:30'),(849,1,'en','core/setting/setting','media.driver','Driver','2023-11-19 00:36:30','2023-11-19 00:36:30'),(850,1,'en','core/setting/setting','media.description','Settings for media','2023-11-19 00:36:30','2023-11-19 00:36:30'),(851,1,'en','core/setting/setting','media.aws_access_key_id','AWS Access Key ID','2023-11-19 00:36:30','2023-11-19 00:36:30'),(852,1,'en','core/setting/setting','media.aws_secret_key','AWS Secret Key','2023-11-19 00:36:30','2023-11-19 00:36:30'),(853,1,'en','core/setting/setting','media.aws_default_region','AWS Default Region','2023-11-19 00:36:30','2023-11-19 00:36:30'),(854,1,'en','core/setting/setting','media.aws_bucket','AWS Bucket','2023-11-19 00:36:30','2023-11-19 00:36:30'),(855,1,'en','core/setting/setting','media.aws_url','AWS URL','2023-11-19 00:36:30','2023-11-19 00:36:30'),(856,1,'en','core/setting/setting','media.aws_endpoint','AWS Endpoint (Optional)','2023-11-19 00:36:30','2023-11-19 00:36:30'),(857,1,'en','core/setting/setting','media.r2_access_key_id','R2 Access Key ID','2023-11-19 00:36:30','2023-11-19 00:36:30'),(858,1,'en','core/setting/setting','media.r2_secret_key','R2 Secret Key','2023-11-19 00:36:30','2023-11-19 00:36:30'),(859,1,'en','core/setting/setting','media.r2_bucket','R2 Bucket','2023-11-19 00:36:30','2023-11-19 00:36:30'),(860,1,'en','core/setting/setting','media.r2_url','R2 URL','2023-11-19 00:36:30','2023-11-19 00:36:30'),(861,1,'en','core/setting/setting','media.r2_endpoint','R2 Endpoint','2023-11-19 00:36:30','2023-11-19 00:36:30'),(862,1,'en','core/setting/setting','media.do_spaces_access_key_id','DO Spaces Access Key ID','2023-11-19 00:36:30','2023-11-19 00:36:30'),(863,1,'en','core/setting/setting','media.do_spaces_secret_key','DO Spaces Secret Key','2023-11-19 00:36:30','2023-11-19 00:36:30'),(864,1,'en','core/setting/setting','media.do_spaces_default_region','DO Spaces Default Region','2023-11-19 00:36:30','2023-11-19 00:36:30'),(865,1,'en','core/setting/setting','media.do_spaces_bucket','DO Spaces Bucket','2023-11-19 00:36:30','2023-11-19 00:36:30'),(866,1,'en','core/setting/setting','media.do_spaces_endpoint','DO Spaces Endpoint','2023-11-19 00:36:30','2023-11-19 00:36:30'),(867,1,'en','core/setting/setting','media.do_spaces_cdn_enabled','Is DO Spaces CDN enabled?','2023-11-19 00:36:30','2023-11-19 00:36:30'),(868,1,'en','core/setting/setting','media.media_do_spaces_cdn_custom_domain','Do Spaces CDN custom domain','2023-11-19 00:36:30','2023-11-19 00:36:30'),(869,1,'en','core/setting/setting','media.media_do_spaces_cdn_custom_domain_placeholder','https://your-custom-domain.com','2023-11-19 00:36:30','2023-11-19 00:36:30'),(870,1,'en','core/setting/setting','media.wasabi_access_key_id','Wasabi Access Key ID','2023-11-19 00:36:30','2023-11-19 00:36:30'),(871,1,'en','core/setting/setting','media.wasabi_secret_key','Wasabi Secret Key','2023-11-19 00:36:30','2023-11-19 00:36:30'),(872,1,'en','core/setting/setting','media.wasabi_default_region','Wasabi Default Region','2023-11-19 00:36:30','2023-11-19 00:36:30'),(873,1,'en','core/setting/setting','media.wasabi_bucket','Wasabi Bucket','2023-11-19 00:36:30','2023-11-19 00:36:30'),(874,1,'en','core/setting/setting','media.wasabi_root','Wasabi Root','2023-11-19 00:36:30','2023-11-19 00:36:30'),(875,1,'en','core/setting/setting','media.default_placeholder_image','Default placeholder image','2023-11-19 00:36:30','2023-11-19 00:36:30'),(876,1,'en','core/setting/setting','media.enable_chunk','Enable chunk size upload?','2023-11-19 00:36:30','2023-11-19 00:36:30'),(877,1,'en','core/setting/setting','media.chunk_size','Chunk size (Bytes)','2023-11-19 00:36:30','2023-11-19 00:36:30'),(878,1,'en','core/setting/setting','media.chunk_size_placeholder','Default: 1048576 ~ 1MB','2023-11-19 00:36:30','2023-11-19 00:36:30'),(879,1,'en','core/setting/setting','media.max_file_size','Chunk max file size (MB)','2023-11-19 00:36:30','2023-11-19 00:36:30'),(880,1,'en','core/setting/setting','media.max_file_size_placeholder','Default: 1048576 ~ 1GB','2023-11-19 00:36:30','2023-11-19 00:36:30'),(881,1,'en','core/setting/setting','media.enable_watermark','Enable watermark?','2023-11-19 00:36:30','2023-11-19 00:36:30'),(882,1,'en','core/setting/setting','media.watermark_source','Watermark image','2023-11-19 00:36:30','2023-11-19 00:36:30'),(883,1,'en','core/setting/setting','media.watermark_size','Size of watermark (%)','2023-11-19 00:36:30','2023-11-19 00:36:30'),(884,1,'en','core/setting/setting','media.watermark_size_placeholder','Default: 10 (%)','2023-11-19 00:36:30','2023-11-19 00:36:30'),(885,1,'en','core/setting/setting','media.watermark_opacity','Watermark Opacity (%)','2023-11-19 00:36:30','2023-11-19 00:36:30'),(886,1,'en','core/setting/setting','media.watermark_opacity_placeholder','Default: 70 (%)','2023-11-19 00:36:30','2023-11-19 00:36:30'),(887,1,'en','core/setting/setting','media.watermark_position','Watermark position','2023-11-19 00:36:30','2023-11-19 00:36:30'),(888,1,'en','core/setting/setting','media.watermark_position_x','Watermark position X','2023-11-19 00:36:30','2023-11-19 00:36:30'),(889,1,'en','core/setting/setting','media.watermark_position_y','Watermark position Y','2023-11-19 00:36:30','2023-11-19 00:36:30'),(890,1,'en','core/setting/setting','media.watermark_position_top_left','Top left','2023-11-19 00:36:30','2023-11-19 00:36:30'),(891,1,'en','core/setting/setting','media.watermark_position_top_right','Top right','2023-11-19 00:36:31','2023-11-19 00:36:31'),(892,1,'en','core/setting/setting','media.watermark_position_bottom_left','Bottom left','2023-11-19 00:36:31','2023-11-19 00:36:31'),(893,1,'en','core/setting/setting','media.watermark_position_bottom_right','Bottom right','2023-11-19 00:36:31','2023-11-19 00:36:31'),(894,1,'en','core/setting/setting','media.watermark_position_center','Center','2023-11-19 00:36:31','2023-11-19 00:36:31'),(895,1,'en','core/setting/setting','media.turn_off_automatic_url_translation_into_latin','Turn off automatic URL translation into Latin?','2023-11-19 00:36:31','2023-11-19 00:36:31'),(896,1,'en','core/setting/setting','media.bunnycdn_hostname','Hostname','2023-11-19 00:36:31','2023-11-19 00:36:31'),(897,1,'en','core/setting/setting','media.bunnycdn_zone','Zone Name (The name of your storage zone)','2023-11-19 00:36:31','2023-11-19 00:36:31'),(898,1,'en','core/setting/setting','media.bunnycdn_key','FTP & API Access Password (The storage zone API Access Password)','2023-11-19 00:36:31','2023-11-19 00:36:31'),(899,1,'en','core/setting/setting','media.bunnycdn_region','Region (The storage zone region)','2023-11-19 00:36:31','2023-11-19 00:36:31'),(900,1,'en','core/setting/setting','media.optional','Optional','2023-11-19 00:36:31','2023-11-19 00:36:31'),(901,1,'en','core/setting/setting','media.sizes','Media thumbnails sizes','2023-11-19 00:36:31','2023-11-19 00:36:31'),(902,1,'en','core/setting/setting','media.media_sizes_helper','Set width or height to 0 if you just want to crop by width or height. Need to click on \"Generate thumbnails\" to apply changes.','2023-11-19 00:36:31','2023-11-19 00:36:31'),(903,1,'en','core/setting/setting','media.width','Width','2023-11-19 00:36:31','2023-11-19 00:36:31'),(904,1,'en','core/setting/setting','media.height','Height','2023-11-19 00:36:31','2023-11-19 00:36:31'),(905,1,'en','core/setting/setting','media.default_size_value','Default: :size','2023-11-19 00:36:31','2023-11-19 00:36:31'),(906,1,'en','core/setting/setting','media.all','All','2023-11-19 00:36:31','2023-11-19 00:36:31'),(907,1,'en','core/setting/setting','media.media_folders_can_add_watermark','Add watermark for images in folders:','2023-11-19 00:36:31','2023-11-19 00:36:31'),(908,1,'en','core/setting/setting','media.max_upload_filesize','Max upload filesize (MB)','2023-11-19 00:36:31','2023-11-19 00:36:31'),(909,1,'en','core/setting/setting','media.max_upload_filesize_placeholder','Default: :size, must less than :size.','2023-11-19 00:36:31','2023-11-19 00:36:31'),(910,1,'en','core/setting/setting','media.max_upload_filesize_helper','Your server allows to upload files maximum :size, you can change this value to limit upload filesize.','2023-11-19 00:36:31','2023-11-19 00:36:31'),(911,1,'en','core/setting/setting','media.image_processing_library','Image processing library','2023-11-19 00:36:31','2023-11-19 00:36:31'),(912,1,'en','core/setting/setting','license.purchase_code','Purchase code','2023-11-19 00:36:31','2023-11-19 00:36:31'),(913,1,'en','core/setting/setting','license.buyer','Buyer','2023-11-19 00:36:31','2023-11-19 00:36:31'),(914,1,'en','core/setting/setting','field_type_not_exists','This field type does not exist','2023-11-19 00:36:31','2023-11-19 00:36:31'),(915,1,'en','core/setting/setting','save_settings','Save settings','2023-11-19 00:36:31','2023-11-19 00:36:31'),(916,1,'en','core/setting/setting','template','Template','2023-11-19 00:36:31','2023-11-19 00:36:31'),(917,1,'en','core/setting/setting','description','Description','2023-11-19 00:36:31','2023-11-19 00:36:31'),(918,1,'en','core/setting/setting','enable','Enable','2023-11-19 00:36:31','2023-11-19 00:36:31'),(919,1,'en','core/setting/setting','send','Send','2023-11-19 00:36:31','2023-11-19 00:36:31'),(920,1,'en','core/setting/setting','test_email_description','To send test email, please make sure you are updated configuration to send mail!','2023-11-19 00:36:31','2023-11-19 00:36:31'),(921,1,'en','core/setting/setting','test_email_input_placeholder','Enter the email which you want to send test email.','2023-11-19 00:36:31','2023-11-19 00:36:31'),(922,1,'en','core/setting/setting','test_email_modal_title','Send a test email','2023-11-19 00:36:31','2023-11-19 00:36:31'),(923,1,'en','core/setting/setting','test_send_mail','Send test mail','2023-11-19 00:36:31','2023-11-19 00:36:31'),(924,1,'en','core/setting/setting','test_email_send_success','Send email successfully!','2023-11-19 00:36:31','2023-11-19 00:36:31'),(925,1,'en','core/setting/setting','locale_direction_ltr','Left to Right','2023-11-19 00:36:31','2023-11-19 00:36:31'),(926,1,'en','core/setting/setting','locale_direction_rtl','Right to Left','2023-11-19 00:36:31','2023-11-19 00:36:31'),(927,1,'en','core/setting/setting','saving','Saving...','2023-11-19 00:36:31','2023-11-19 00:36:31'),(928,1,'en','core/setting/setting','emails_warning','You can add up to :count emails','2023-11-19 00:36:31','2023-11-19 00:36:31'),(929,1,'en','core/setting/setting','email_add_more','Add more','2023-11-19 00:36:31','2023-11-19 00:36:31'),(930,1,'en','core/setting/setting','generate','Generate','2023-11-19 00:36:31','2023-11-19 00:36:31'),(931,1,'en','core/setting/setting','generate_thumbnails','Generate thumbnails','2023-11-19 00:36:31','2023-11-19 00:36:31'),(932,1,'en','core/setting/setting','generate_thumbnails_success','Generate thumbnails successfully. :count files are generated!','2023-11-19 00:36:31','2023-11-19 00:36:31'),(933,1,'en','core/setting/setting','generate_thumbnails_error','We are unable to regenerate thumbnail for these files :count files!','2023-11-19 00:36:31','2023-11-19 00:36:31'),(934,1,'en','core/setting/setting','generate_thumbnails_description','Are you sure you want to re-generate thumbnails for all images? It will take time so please DO NOT leave this page, wait until it is finished.','2023-11-19 00:36:31','2023-11-19 00:36:31'),(935,1,'en','core/setting/setting','enable_chunk_description','Chunk size upload is used to upload large file size.','2023-11-19 00:36:31','2023-11-19 00:36:31'),(936,1,'en','core/setting/setting','watermark_description','WARNING: Watermark is just added to new uploaded images, it won\'t be added to existing images. Disable watermark won\'t remove watermark from existing images.','2023-11-19 00:36:31','2023-11-19 00:36:31'),(937,1,'en','core/setting/setting','submit','Submit','2023-11-19 00:36:31','2023-11-19 00:36:31'),(938,1,'en','core/setting/setting','back','Back','2023-11-19 00:36:31','2023-11-19 00:36:31'),(939,1,'en','core/setting/setting','enter_sample_value','Enter sample values for testing','2023-11-19 00:36:31','2023-11-19 00:36:31'),(940,1,'en','core/setting/setting','preview','Preview','2023-11-19 00:36:31','2023-11-19 00:36:31'),(941,1,'en','core/setting/setting','media_size_width',':size size width must be greater than 0','2023-11-19 00:36:31','2023-11-19 00:36:31'),(942,1,'en','core/setting/setting','media_size_height',':size size height must be greater than 0','2023-11-19 00:36:31','2023-11-19 00:36:31'),(943,1,'en','core/setting/setting','cronjob.name','Cronjob','2023-11-19 00:36:31','2023-11-19 00:36:31'),(944,1,'en','core/setting/setting','cronjob.description','Cronjob allow you to automate certain commands or scripts on your site.','2023-11-19 00:36:31','2023-11-19 00:36:31'),(945,1,'en','core/setting/setting','cronjob.is_not_ready','To run the cronjob, follow the instructions below.','2023-11-19 00:36:31','2023-11-19 00:36:31'),(946,1,'en','core/setting/setting','cronjob.is_working','Congratulations! Your cronjob is running.','2023-11-19 00:36:31','2023-11-19 00:36:31'),(947,1,'en','core/setting/setting','cronjob.is_not_working','Your cronjob is not running. Please check your server\'s cronjob.','2023-11-19 00:36:31','2023-11-19 00:36:31'),(948,1,'en','core/setting/setting','cronjob.last_checked','Last checked at :time.','2023-11-19 00:36:31','2023-11-19 00:36:31'),(949,1,'en','core/setting/setting','cronjob.copy_button','Copy','2023-11-19 00:36:31','2023-11-19 00:36:31'),(950,1,'en','core/setting/setting','cronjob.setup.name','Setting up the Cronjob','2023-11-19 00:36:31','2023-11-19 00:36:31'),(951,1,'en','core/setting/setting','cronjob.setup.connect_to_server','Connect to your server via SSH or any preferred method.','2023-11-19 00:36:31','2023-11-19 00:36:31'),(952,1,'en','core/setting/setting','cronjob.setup.open_crontab','Open the crontab file using a text editor (e.g., `crontab -e`).','2023-11-19 00:36:31','2023-11-19 00:36:31'),(953,1,'en','core/setting/setting','cronjob.setup.add_cronjob','Add the above command to the crontab file and save it.','2023-11-19 00:36:31','2023-11-19 00:36:31'),(954,1,'en','core/setting/setting','cronjob.setup.done','The cronjob will now run at every minute and execute the specified command.','2023-11-19 00:36:31','2023-11-19 00:36:31'),(955,1,'en','core/setting/setting','cronjob.setup.learn_more','You can learn more about cronjob from the Laravel :documentation','2023-11-19 00:36:31','2023-11-19 00:36:31'),(956,1,'en','core/setting/setting','cronjob.setup.documentation','documentation','2023-11-19 00:36:31','2023-11-19 00:36:31'),(957,1,'en','core/setting/setting','cronjob.setup.copied','Copied','2023-11-19 00:36:31','2023-11-19 00:36:31'),(958,1,'en','core/table/table','operations','Operations','2023-11-19 00:36:31','2023-11-19 00:36:31'),(959,1,'en','core/table/table','loading_data','Loading data from server','2023-11-19 00:36:31','2023-11-19 00:36:31'),(960,1,'en','core/table/table','display','Display','2023-11-19 00:36:31','2023-11-19 00:36:31'),(961,1,'en','core/table/table','all','All','2023-11-19 00:36:31','2023-11-19 00:36:31'),(962,1,'en','core/table/table','edit_entry','Edit','2023-11-19 00:36:31','2023-11-19 00:36:31'),(963,1,'en','core/table/table','delete_entry','Delete','2023-11-19 00:36:31','2023-11-19 00:36:31'),(964,1,'en','core/table/table','show_from','Showing from','2023-11-19 00:36:31','2023-11-19 00:36:31'),(965,1,'en','core/table/table','to','to','2023-11-19 00:36:31','2023-11-19 00:36:31'),(966,1,'en','core/table/table','in','in','2023-11-19 00:36:31','2023-11-19 00:36:31'),(967,1,'en','core/table/table','records','records','2023-11-19 00:36:31','2023-11-19 00:36:31'),(968,1,'en','core/table/table','no_data','No data to display','2023-11-19 00:36:31','2023-11-19 00:36:31'),(969,1,'en','core/table/table','no_record','No record','2023-11-19 00:36:31','2023-11-19 00:36:31'),(970,1,'en','core/table/table','loading','Loading data from server','2023-11-19 00:36:31','2023-11-19 00:36:31'),(971,1,'en','core/table/table','confirm_delete','Confirm delete','2023-11-19 00:36:31','2023-11-19 00:36:31'),(972,1,'en','core/table/table','confirm_delete_msg','Do you really want to delete this record?','2023-11-19 00:36:31','2023-11-19 00:36:31'),(973,1,'en','core/table/table','cancel','Cancel','2023-11-19 00:36:31','2023-11-19 00:36:31'),(974,1,'en','core/table/table','delete','Delete','2023-11-19 00:36:31','2023-11-19 00:36:31'),(975,1,'en','core/table/table','close','Close','2023-11-19 00:36:31','2023-11-19 00:36:31'),(976,1,'en','core/table/table','contains','Contains','2023-11-19 00:36:31','2023-11-19 00:36:31'),(977,1,'en','core/table/table','is_equal_to','Is equal to','2023-11-19 00:36:31','2023-11-19 00:36:31'),(978,1,'en','core/table/table','greater_than','Greater than','2023-11-19 00:36:31','2023-11-19 00:36:31'),(979,1,'en','core/table/table','less_than','Less than','2023-11-19 00:36:31','2023-11-19 00:36:31'),(980,1,'en','core/table/table','value','Value','2023-11-19 00:36:31','2023-11-19 00:36:31'),(981,1,'en','core/table/table','select_field','Select field','2023-11-19 00:36:31','2023-11-19 00:36:31'),(982,1,'en','core/table/table','reset','Reset','2023-11-19 00:36:31','2023-11-19 00:36:31'),(983,1,'en','core/table/table','add_additional_filter','Add additional filter','2023-11-19 00:36:31','2023-11-19 00:36:31'),(984,1,'en','core/table/table','apply','Apply','2023-11-19 00:36:31','2023-11-19 00:36:31'),(985,1,'en','core/table/table','filters','Filters','2023-11-19 00:36:31','2023-11-19 00:36:31'),(986,1,'en','core/table/table','bulk_change','Bulk changes','2023-11-19 00:36:31','2023-11-19 00:36:31'),(987,1,'en','core/table/table','select_option','Select option','2023-11-19 00:36:31','2023-11-19 00:36:31'),(988,1,'en','core/table/table','bulk_actions','Bulk Actions','2023-11-19 00:36:31','2023-11-19 00:36:31'),(989,1,'en','core/table/table','invalid_bulk_action','Invalid bulk action','2023-11-19 00:36:31','2023-11-19 00:36:31'),(990,1,'en','core/table/table','confirm_bulk_action','Confirm to perform this action','2023-11-19 00:36:31','2023-11-19 00:36:31'),(991,1,'en','core/table/table','confirm_bulk_message','Are you sure you want to do this action? This cannot be undone.','2023-11-19 00:36:31','2023-11-19 00:36:31'),(992,1,'en','core/table/table','yes','Yes','2023-11-19 00:36:31','2023-11-19 00:36:31'),(993,1,'en','core/table/table','save_bulk_change_success','Update data for selected record(s) successfully!','2023-11-19 00:36:31','2023-11-19 00:36:31'),(994,1,'en','core/table/table','please_select_record','Please select at least one record to perform this action!','2023-11-19 00:36:31','2023-11-19 00:36:31'),(995,1,'en','core/table/table','filtered','(filtered from _MAX_ total records)','2023-11-19 00:36:31','2023-11-19 00:36:31'),(996,1,'en','core/table/table','search','Search...','2023-11-19 00:36:31','2023-11-19 00:36:31'),(997,1,'en','packages/api/api','settings','API Settings','2023-11-19 00:36:31','2023-11-19 00:36:31'),(998,1,'en','packages/api/api','save_settings','Save settings','2023-11-19 00:36:31','2023-11-19 00:36:31'),(999,1,'en','packages/api/api','setting_title','API settings','2023-11-19 00:36:31','2023-11-19 00:36:31'),(1000,1,'en','packages/api/api','setting_description','Settings for API','2023-11-19 00:36:31','2023-11-19 00:36:31'),(1001,1,'en','packages/api/api','api_enabled','API enabled?','2023-11-19 00:36:31','2023-11-19 00:36:31'),(1002,1,'en','packages/get-started/get-started','welcome_title','Welcome to your admin dashboard!','2023-11-19 00:36:31','2023-11-19 00:36:31'),(1003,1,'en','packages/get-started/get-started','welcome_description','In a few short steps, you can have your new dashboard up and running!','2023-11-19 00:36:31','2023-11-19 00:36:31'),(1004,1,'en','packages/get-started/get-started','get_started','Get Started!','2023-11-19 00:36:31','2023-11-19 00:36:31'),(1005,1,'en','packages/get-started/get-started','customize_branding_title','Customize branding','2023-11-19 00:36:31','2023-11-19 00:36:31'),(1006,1,'en','packages/get-started/get-started','customize_branding_description','Customize your site with colors, logo and subdomain to match your business unique branding and identity.','2023-11-19 00:36:31','2023-11-19 00:36:31'),(1007,1,'en','packages/get-started/get-started','colors','Colors','2023-11-19 00:36:31','2023-11-19 00:36:31'),(1008,1,'en','packages/get-started/get-started','fonts','Fonts','2023-11-19 00:36:31','2023-11-19 00:36:31'),(1009,1,'en','packages/get-started/get-started','primary_color','Primary color','2023-11-19 00:36:31','2023-11-19 00:36:31'),(1010,1,'en','packages/get-started/get-started','primary_font','Primary font','2023-11-19 00:36:31','2023-11-19 00:36:31'),(1011,1,'en','packages/get-started/get-started','setup_wizard_button',':link to finish Quick setup Wizard!','2023-11-19 00:36:31','2023-11-19 00:36:31'),(1012,1,'en','packages/get-started/get-started','click_here','Click here','2023-11-19 00:36:31','2023-11-19 00:36:31'),(1013,1,'en','packages/get-started/get-started','site_title','Site title','2023-11-19 00:36:31','2023-11-19 00:36:31'),(1014,1,'en','packages/get-started/get-started','identify','Identify','2023-11-19 00:36:31','2023-11-19 00:36:31'),(1015,1,'en','packages/get-started/get-started','logo','Logo','2023-11-19 00:36:31','2023-11-19 00:36:31'),(1016,1,'en','packages/get-started/get-started','admin_logo','Admin logo','2023-11-19 00:36:31','2023-11-19 00:36:31'),(1017,1,'en','packages/get-started/get-started','favicon','Favicon','2023-11-19 00:36:31','2023-11-19 00:36:31'),(1018,1,'en','packages/get-started/get-started','admin_favicon','Admin favicon','2023-11-19 00:36:31','2023-11-19 00:36:31'),(1019,1,'en','packages/get-started/get-started','next_step','Next step','2023-11-19 00:36:31','2023-11-19 00:36:31'),(1020,1,'en','packages/get-started/get-started','site_ready_title','Your site is ready!','2023-11-19 00:36:31','2023-11-19 00:36:31'),(1021,1,'en','packages/get-started/get-started','site_ready_description','Welcome to your new site! Your website has been created and populated with sample data. You are in the admin area of your site where you can set up everything else needed to complete your site.','2023-11-19 00:36:31','2023-11-19 00:36:31'),(1022,1,'en','packages/get-started/get-started','finish','Finish','2023-11-19 00:36:31','2023-11-19 00:36:31'),(1023,1,'en','packages/get-started/get-started','exit_wizard_title','Are you sure you want to exit the Quick Setup Wizard?','2023-11-19 00:36:31','2023-11-19 00:36:31'),(1024,1,'en','packages/get-started/get-started','exit_wizard_confirm','Yes, I\'ll finish it later','2023-11-19 00:36:31','2023-11-19 00:36:31'),(1025,1,'en','packages/get-started/get-started','exit_wizard_cancel','No, take me back to the wizard','2023-11-19 00:36:31','2023-11-19 00:36:31'),(1026,1,'en','packages/get-started/get-started','change_default_account_info_title','Change default account info','2023-11-19 00:36:31','2023-11-19 00:36:31'),(1027,1,'en','packages/get-started/get-started','change_default_account_info_description','The default account is using a weak password. You need to change it to a complex password for better security.','2023-11-19 00:36:31','2023-11-19 00:36:31'),(1028,1,'en','packages/get-started/get-started','username','Username','2023-11-19 00:36:31','2023-11-19 00:36:31'),(1029,1,'en','packages/get-started/get-started','email','Email','2023-11-19 00:36:31','2023-11-19 00:36:31'),(1030,1,'en','packages/get-started/get-started','password','Password','2023-11-19 00:36:31','2023-11-19 00:36:31'),(1031,1,'en','packages/get-started/get-started','password_confirmation','Password confirmation','2023-11-19 00:36:31','2023-11-19 00:36:31'),(1032,1,'en','packages/installer/installer','title','Installer','2023-11-19 00:36:31','2023-11-19 00:36:31'),(1033,1,'en','packages/installer/installer','next','Next Step','2023-11-19 00:36:31','2023-11-19 00:36:31'),(1034,1,'en','packages/installer/installer','back','Previous','2023-11-19 00:36:31','2023-11-19 00:36:31'),(1035,1,'en','packages/installer/installer','finish','Install','2023-11-19 00:36:31','2023-11-19 00:36:31'),(1036,1,'en','packages/installer/installer','installation','Installation','2023-11-19 00:36:31','2023-11-19 00:36:31'),(1037,1,'en','packages/installer/installer','forms.errorTitle','The following errors occurred:','2023-11-19 00:36:31','2023-11-19 00:36:31'),(1038,1,'en','packages/installer/installer','welcome.templateTitle','Welcome','2023-11-19 00:36:31','2023-11-19 00:36:31'),(1039,1,'en','packages/installer/installer','welcome.title','Welcome','2023-11-19 00:36:31','2023-11-19 00:36:31'),(1040,1,'en','packages/installer/installer','welcome.message','Before getting started, we need some information on the database. You will need to know the following items before proceeding.','2023-11-19 00:36:31','2023-11-19 00:36:31'),(1041,1,'en','packages/installer/installer','welcome.next','Let\'s go','2023-11-19 00:36:31','2023-11-19 00:36:31'),(1042,1,'en','packages/installer/installer','requirements.templateTitle','Step 1 | Server Requirements','2023-11-19 00:36:31','2023-11-19 00:36:31'),(1043,1,'en','packages/installer/installer','requirements.title','Server Requirements','2023-11-19 00:36:31','2023-11-19 00:36:31'),(1044,1,'en','packages/installer/installer','requirements.next','Check Permissions','2023-11-19 00:36:31','2023-11-19 00:36:31'),(1045,1,'en','packages/installer/installer','permissions.templateTitle','Step 2 | Permissions','2023-11-19 00:36:31','2023-11-19 00:36:31'),(1046,1,'en','packages/installer/installer','permissions.title','Permissions','2023-11-19 00:36:31','2023-11-19 00:36:31'),(1047,1,'en','packages/installer/installer','permissions.next','Configure Environment','2023-11-19 00:36:31','2023-11-19 00:36:31'),(1048,1,'en','packages/installer/installer','environment.wizard.templateTitle','Environment Settings','2023-11-19 00:36:31','2023-11-19 00:36:31'),(1049,1,'en','packages/installer/installer','environment.wizard.title','Environment Settings','2023-11-19 00:36:32','2023-11-19 00:36:32'),(1050,1,'en','packages/installer/installer','environment.wizard.form.name_required','An environment name is required.','2023-11-19 00:36:32','2023-11-19 00:36:32'),(1051,1,'en','packages/installer/installer','environment.wizard.form.app_name_label','Site title','2023-11-19 00:36:32','2023-11-19 00:36:32'),(1052,1,'en','packages/installer/installer','environment.wizard.form.app_name_placeholder','Site title','2023-11-19 00:36:32','2023-11-19 00:36:32'),(1053,1,'en','packages/installer/installer','environment.wizard.form.app_url_label','URL','2023-11-19 00:36:32','2023-11-19 00:36:32'),(1054,1,'en','packages/installer/installer','environment.wizard.form.app_url_placeholder','URL','2023-11-19 00:36:32','2023-11-19 00:36:32'),(1055,1,'en','packages/installer/installer','environment.wizard.form.db_connection_label','Database Connection','2023-11-19 00:36:32','2023-11-19 00:36:32'),(1056,1,'en','packages/installer/installer','environment.wizard.form.db_connection_label_mysql','MySQL','2023-11-19 00:36:32','2023-11-19 00:36:32'),(1057,1,'en','packages/installer/installer','environment.wizard.form.db_connection_label_sqlite','SQLite','2023-11-19 00:36:32','2023-11-19 00:36:32'),(1058,1,'en','packages/installer/installer','environment.wizard.form.db_connection_label_pgsql','PostgreSQL','2023-11-19 00:36:32','2023-11-19 00:36:32'),(1059,1,'en','packages/installer/installer','environment.wizard.form.db_host_label','Database host','2023-11-19 00:36:32','2023-11-19 00:36:32'),(1060,1,'en','packages/installer/installer','environment.wizard.form.db_host_placeholder','Database host','2023-11-19 00:36:32','2023-11-19 00:36:32'),(1061,1,'en','packages/installer/installer','environment.wizard.form.db_port_label','Database port','2023-11-19 00:36:32','2023-11-19 00:36:32'),(1062,1,'en','packages/installer/installer','environment.wizard.form.db_port_placeholder','Database port','2023-11-19 00:36:32','2023-11-19 00:36:32'),(1063,1,'en','packages/installer/installer','environment.wizard.form.db_name_label','Database name','2023-11-19 00:36:32','2023-11-19 00:36:32'),(1064,1,'en','packages/installer/installer','environment.wizard.form.db_name_placeholder','Database name','2023-11-19 00:36:32','2023-11-19 00:36:32'),(1065,1,'en','packages/installer/installer','environment.wizard.form.db_username_label','Database username','2023-11-19 00:36:32','2023-11-19 00:36:32'),(1066,1,'en','packages/installer/installer','environment.wizard.form.db_username_placeholder','Database username','2023-11-19 00:36:32','2023-11-19 00:36:32'),(1067,1,'en','packages/installer/installer','environment.wizard.form.db_password_label','Database password','2023-11-19 00:36:32','2023-11-19 00:36:32'),(1068,1,'en','packages/installer/installer','environment.wizard.form.db_password_placeholder','Database password','2023-11-19 00:36:32','2023-11-19 00:36:32'),(1069,1,'en','packages/installer/installer','environment.wizard.form.buttons.install','Install','2023-11-19 00:36:32','2023-11-19 00:36:32'),(1070,1,'en','packages/installer/installer','environment.wizard.form.db_host_helper','If you use Laravel Sail, just change DB_HOST to DB_HOST=mysql. On some hosting DB_HOST can be localhost instead of 127.0.0.1','2023-11-19 00:36:32','2023-11-19 00:36:32'),(1071,1,'en','packages/installer/installer','environment.wizard.form.db_connections.mysql','MySQL','2023-11-19 00:36:32','2023-11-19 00:36:32'),(1072,1,'en','packages/installer/installer','environment.wizard.form.db_connections.sqlite','SQLite','2023-11-19 00:36:32','2023-11-19 00:36:32'),(1073,1,'en','packages/installer/installer','environment.wizard.form.db_connections.pgsql','PostgreSQL','2023-11-19 00:36:32','2023-11-19 00:36:32'),(1074,1,'en','packages/installer/installer','environment.success','Your .env file settings have been saved.','2023-11-19 00:36:32','2023-11-19 00:36:32'),(1075,1,'en','packages/installer/installer','environment.errors','Unable to save the .env file, Please create it manually.','2023-11-19 00:36:32','2023-11-19 00:36:32'),(1076,1,'en','packages/installer/installer','install','Install','2023-11-19 00:36:32','2023-11-19 00:36:32'),(1077,1,'en','packages/installer/installer','final.title','Installation Finished','2023-11-19 00:36:32','2023-11-19 00:36:32'),(1078,1,'en','packages/installer/installer','final.templateTitle','Installation Finished','2023-11-19 00:36:32','2023-11-19 00:36:32'),(1079,1,'en','packages/installer/installer','final.finished','Application has been successfully installed.','2023-11-19 00:36:32','2023-11-19 00:36:32'),(1080,1,'en','packages/installer/installer','final.exit','Click here to exit','2023-11-19 00:36:32','2023-11-19 00:36:32'),(1081,1,'en','packages/installer/installer','create_account','Create account','2023-11-19 00:36:32','2023-11-19 00:36:32'),(1082,1,'en','packages/installer/installer','first_name','First name','2023-11-19 00:36:32','2023-11-19 00:36:32'),(1083,1,'en','packages/installer/installer','last_name','Last name','2023-11-19 00:36:32','2023-11-19 00:36:32'),(1084,1,'en','packages/installer/installer','username','Username','2023-11-19 00:36:32','2023-11-19 00:36:32'),(1085,1,'en','packages/installer/installer','email','Email','2023-11-19 00:36:32','2023-11-19 00:36:32'),(1086,1,'en','packages/installer/installer','password','Password','2023-11-19 00:36:32','2023-11-19 00:36:32'),(1087,1,'en','packages/installer/installer','password_confirmation','Password confirmation','2023-11-19 00:36:32','2023-11-19 00:36:32'),(1088,1,'en','packages/installer/installer','create','Create','2023-11-19 00:36:32','2023-11-19 00:36:32'),(1089,1,'en','packages/installer/installer','install_success','Installed successfully!','2023-11-19 00:36:32','2023-11-19 00:36:32'),(1090,1,'en','packages/menu/menu','name','Menus','2023-11-19 00:36:32','2023-11-19 00:36:32'),(1091,1,'en','packages/menu/menu','key_name','Menu name (key: :key)','2023-11-19 00:36:32','2023-11-19 00:36:32'),(1092,1,'en','packages/menu/menu','basic_info','Basic information','2023-11-19 00:36:32','2023-11-19 00:36:32'),(1093,1,'en','packages/menu/menu','add_to_menu','Add to menu','2023-11-19 00:36:32','2023-11-19 00:36:32'),(1094,1,'en','packages/menu/menu','custom_link','Custom link','2023-11-19 00:36:32','2023-11-19 00:36:32'),(1095,1,'en','packages/menu/menu','add_link','Add link','2023-11-19 00:36:32','2023-11-19 00:36:32'),(1096,1,'en','packages/menu/menu','structure','Menu structure','2023-11-19 00:36:32','2023-11-19 00:36:32'),(1097,1,'en','packages/menu/menu','remove','Remove','2023-11-19 00:36:32','2023-11-19 00:36:32'),(1098,1,'en','packages/menu/menu','cancel','Cancel','2023-11-19 00:36:32','2023-11-19 00:36:32'),(1099,1,'en','packages/menu/menu','title','Title','2023-11-19 00:36:32','2023-11-19 00:36:32'),(1100,1,'en','packages/menu/menu','icon','Icon','2023-11-19 00:36:32','2023-11-19 00:36:32'),(1101,1,'en','packages/menu/menu','url','URL','2023-11-19 00:36:32','2023-11-19 00:36:32'),(1102,1,'en','packages/menu/menu','target','Target','2023-11-19 00:36:32','2023-11-19 00:36:32'),(1103,1,'en','packages/menu/menu','css_class','CSS class','2023-11-19 00:36:32','2023-11-19 00:36:32'),(1104,1,'en','packages/menu/menu','self_open_link','Open link directly','2023-11-19 00:36:32','2023-11-19 00:36:32'),(1105,1,'en','packages/menu/menu','blank_open_link','Open link in new tab','2023-11-19 00:36:32','2023-11-19 00:36:32'),(1106,1,'en','packages/menu/menu','create','Create menu','2023-11-19 00:36:32','2023-11-19 00:36:32'),(1107,1,'en','packages/menu/menu','menu_settings','Menu settings','2023-11-19 00:36:32','2023-11-19 00:36:32'),(1108,1,'en','packages/menu/menu','display_location','Display location','2023-11-19 00:36:32','2023-11-19 00:36:32'),(1109,1,'en','packages/menu/menu','title_placeholder','Title','2023-11-19 00:36:32','2023-11-19 00:36:32'),(1110,1,'en','packages/menu/menu','icon_placeholder','Icon','2023-11-19 00:36:32','2023-11-19 00:36:32'),(1111,1,'en','packages/menu/menu','url_placeholder','URL','2023-11-19 00:36:32','2023-11-19 00:36:32'),(1112,1,'en','packages/menu/menu','css_class_placeholder','CSS class','2023-11-19 00:36:32','2023-11-19 00:36:32'),(1113,1,'en','packages/menu/menu','menu_id','Menu ID','2023-11-19 00:36:32','2023-11-19 00:36:32'),(1114,1,'en','packages/optimize/optimize','settings.title','Optimize page speed','2023-11-19 00:36:32','2023-11-19 00:36:32'),(1115,1,'en','packages/optimize/optimize','settings.description','Minify HTML output, inline CSS, remove comments...','2023-11-19 00:36:32','2023-11-19 00:36:32'),(1116,1,'en','packages/optimize/optimize','settings.enable','Enable optimize page speed?','2023-11-19 00:36:32','2023-11-19 00:36:32'),(1117,1,'en','packages/optimize/optimize','collapse_white_space','Collapse white space','2023-11-19 00:36:32','2023-11-19 00:36:32'),(1118,1,'en','packages/optimize/optimize','collapse_white_space_description','This filter reduces bytes transmitted in an HTML file by removing unnecessary whitespace.','2023-11-19 00:36:32','2023-11-19 00:36:32'),(1119,1,'en','packages/optimize/optimize','elide_attributes','Elide attributes','2023-11-19 00:36:32','2023-11-19 00:36:32'),(1120,1,'en','packages/optimize/optimize','elide_attributes_description','This filter reduces the transfer size of HTML files by removing attributes from tags when the specified value is equal to the default value for that attribute. This can save a modest number of bytes, and may make the document more compressible by canonicalizing the affected tags.','2023-11-19 00:36:32','2023-11-19 00:36:32'),(1121,1,'en','packages/optimize/optimize','inline_css','Inline CSS','2023-11-19 00:36:32','2023-11-19 00:36:32'),(1122,1,'en','packages/optimize/optimize','inline_css_description','This filter transforms the inline \"style\" attribute of tags into classes by moving the CSS to the header.','2023-11-19 00:36:32','2023-11-19 00:36:32'),(1123,1,'en','packages/optimize/optimize','insert_dns_prefetch','Insert DNS prefetch','2023-11-19 00:36:32','2023-11-19 00:36:32'),(1124,1,'en','packages/optimize/optimize','insert_dns_prefetch_description','This filter injects tags in the HEAD to enable the browser to do DNS prefetching.','2023-11-19 00:36:32','2023-11-19 00:36:32'),(1125,1,'en','packages/optimize/optimize','remove_comments','Remove comments','2023-11-19 00:36:32','2023-11-19 00:36:32'),(1126,1,'en','packages/optimize/optimize','remove_comments_description','This filter eliminates HTML, JS and CSS comments. The filter reduces the transfer size of HTML files by removing the comments. Depending on the HTML file, this filter can significantly reduce the number of bytes transmitted on the network.','2023-11-19 00:36:32','2023-11-19 00:36:32'),(1127,1,'en','packages/optimize/optimize','remove_quotes','Remove quotes','2023-11-19 00:36:32','2023-11-19 00:36:32'),(1128,1,'en','packages/optimize/optimize','remove_quotes_description','This filter eliminates unnecessary quotation marks from HTML attributes. While required by the various HTML specifications, browsers permit their omission when the value of an attribute is composed of a certain subset of characters (alphanumerics and some punctuation characters).','2023-11-19 00:36:32','2023-11-19 00:36:32'),(1129,1,'en','packages/optimize/optimize','defer_javascript','Defer javascript','2023-11-19 00:36:32','2023-11-19 00:36:32'),(1130,1,'en','packages/optimize/optimize','defer_javascript_description','Defers the execution of javascript in the HTML. If necessary cancel deferring in some script, use data-pagespeed-no-defer as script attribute to cancel deferring.','2023-11-19 00:36:32','2023-11-19 00:36:32'),(1131,1,'en','packages/page/pages','create','Create new page','2023-11-19 00:36:32','2023-11-19 00:36:32'),(1132,1,'en','packages/page/pages','form.name','Name','2023-11-19 00:36:32','2023-11-19 00:36:32'),(1133,1,'en','packages/page/pages','form.name_placeholder','Page\'s name (Maximum 120 characters)','2023-11-19 00:36:32','2023-11-19 00:36:32'),(1134,1,'en','packages/page/pages','form.content','Content','2023-11-19 00:36:32','2023-11-19 00:36:32'),(1135,1,'en','packages/page/pages','form.note','Note content','2023-11-19 00:36:32','2023-11-19 00:36:32'),(1136,1,'en','packages/page/pages','notices.no_select','Please select at least one record to take this action!','2023-11-19 00:36:32','2023-11-19 00:36:32'),(1137,1,'en','packages/page/pages','notices.update_success_message','Update successfully','2023-11-19 00:36:32','2023-11-19 00:36:32'),(1138,1,'en','packages/page/pages','cannot_delete','Page could not be deleted','2023-11-19 00:36:32','2023-11-19 00:36:32'),(1139,1,'en','packages/page/pages','deleted','Page deleted','2023-11-19 00:36:32','2023-11-19 00:36:32'),(1140,1,'en','packages/page/pages','pages','Pages','2023-11-19 00:36:32','2023-11-19 00:36:32'),(1141,1,'en','packages/page/pages','menu','Pages','2023-11-19 00:36:32','2023-11-19 00:36:32'),(1142,1,'en','packages/page/pages','menu_name','Pages','2023-11-19 00:36:32','2023-11-19 00:36:32'),(1143,1,'en','packages/page/pages','edit_this_page','Edit this page','2023-11-19 00:36:32','2023-11-19 00:36:32'),(1144,1,'en','packages/page/pages','total_pages','Total pages','2023-11-19 00:36:32','2023-11-19 00:36:32'),(1145,1,'en','packages/page/pages','settings.show_on_front','Your homepage displays','2023-11-19 00:36:32','2023-11-19 00:36:32'),(1146,1,'en','packages/page/pages','settings.select','— Select —','2023-11-19 00:36:32','2023-11-19 00:36:32'),(1147,1,'en','packages/page/pages','front_page','Front Page','2023-11-19 00:36:32','2023-11-19 00:36:32'),(1148,1,'en','packages/plugin-management/marketplace','previous','&laquo; Previous','2023-11-19 00:36:32','2023-11-19 00:36:32'),(1149,1,'en','packages/plugin-management/marketplace','next','Next &raquo;','2023-11-19 00:36:32','2023-11-19 00:36:32'),(1150,1,'en','packages/plugin-management/marketplace','showing','Showing','2023-11-19 00:36:32','2023-11-19 00:36:32'),(1151,1,'en','packages/plugin-management/marketplace','to','to','2023-11-19 00:36:32','2023-11-19 00:36:32'),(1152,1,'en','packages/plugin-management/marketplace','of','of','2023-11-19 00:36:32','2023-11-19 00:36:32'),(1153,1,'en','packages/plugin-management/marketplace','results','results','2023-11-19 00:36:32','2023-11-19 00:36:32'),(1154,1,'en','packages/plugin-management/marketplace','add_new','Add new','2023-11-19 00:36:32','2023-11-19 00:36:32'),(1155,1,'en','packages/plugin-management/marketplace','installed','Installed','2023-11-19 00:36:32','2023-11-19 00:36:32'),(1156,1,'en','packages/plugin-management/marketplace','install_now','Install now','2023-11-19 00:36:32','2023-11-19 00:36:32'),(1157,1,'en','packages/plugin-management/marketplace','installing','Installing...','2023-11-19 00:36:32','2023-11-19 00:36:32'),(1158,1,'en','packages/plugin-management/marketplace','detail','Details','2023-11-19 00:36:32','2023-11-19 00:36:32'),(1159,1,'en','packages/plugin-management/marketplace','version','Version','2023-11-19 00:36:32','2023-11-19 00:36:32'),(1160,1,'en','packages/plugin-management/marketplace','minimum_core_version','Minimum core version','2023-11-19 00:36:32','2023-11-19 00:36:32'),(1161,1,'en','packages/plugin-management/marketplace','last_update','Last update','2023-11-19 00:36:32','2023-11-19 00:36:32'),(1162,1,'en','packages/plugin-management/marketplace','compatible_version','Compatible with your version','2023-11-19 00:36:32','2023-11-19 00:36:32'),(1163,1,'en','packages/plugin-management/marketplace','incompatible_version','Incompatible with your version','2023-11-19 00:36:32','2023-11-19 00:36:32'),(1164,1,'en','packages/plugin-management/marketplace','deactivate','Deactivate','2023-11-19 00:36:32','2023-11-19 00:36:32'),(1165,1,'en','packages/plugin-management/marketplace','activate','Activate','2023-11-19 00:36:32','2023-11-19 00:36:32'),(1166,1,'en','packages/plugin-management/marketplace','activating','Activating...','2023-11-19 00:36:32','2023-11-19 00:36:32'),(1167,1,'en','packages/plugin-management/marketplace','activated','Activated','2023-11-19 00:36:32','2023-11-19 00:36:32'),(1168,1,'en','packages/plugin-management/marketplace','connection_aborted','Connection Aborted','2023-11-19 00:36:32','2023-11-19 00:36:32'),(1169,1,'en','packages/plugin-management/marketplace','connection_aborted_description','Connection Aborted Description','2023-11-19 00:36:32','2023-11-19 00:36:32'),(1170,1,'en','packages/plugin-management/marketplace','api_connect_error','Connect to Marketplace API Error, please contact support','2023-11-19 00:36:32','2023-11-19 00:36:32'),(1171,1,'en','packages/plugin-management/marketplace','keyword','Keyword','2023-11-19 00:36:32','2023-11-19 00:36:32'),(1172,1,'en','packages/plugin-management/marketplace','search','Search','2023-11-19 00:36:32','2023-11-19 00:36:32'),(1173,1,'en','packages/plugin-management/marketplace','all','All','2023-11-19 00:36:32','2023-11-19 00:36:32'),(1174,1,'en','packages/plugin-management/marketplace','featured','Featured','2023-11-19 00:36:32','2023-11-19 00:36:32'),(1175,1,'en','packages/plugin-management/marketplace','popular','Popular','2023-11-19 00:36:32','2023-11-19 00:36:32'),(1176,1,'en','packages/plugin-management/marketplace','top_rated','Top Rated','2023-11-19 00:36:32','2023-11-19 00:36:32'),(1177,1,'en','packages/plugin-management/marketplace','install_plugin','Install plugin','2023-11-19 00:36:32','2023-11-19 00:36:32'),(1178,1,'en','packages/plugin-management/marketplace','cancel','Cancel','2023-11-19 00:36:32','2023-11-19 00:36:32'),(1179,1,'en','packages/plugin-management/marketplace','yes_install',' Yes! Install','2023-11-19 00:36:32','2023-11-19 00:36:32'),(1180,1,'en','packages/plugin-management/marketplace','message_alert','Are you sure you want to install this plugin?','2023-11-19 00:36:32','2023-11-19 00:36:32'),(1181,1,'en','packages/plugin-management/marketplace','folder_permissions','Folder does not have permission to write file or the update file path could not be resolved, please contact support','2023-11-19 00:36:32','2023-11-19 00:36:32'),(1182,1,'en','packages/plugin-management/marketplace','unzip_failed','Unzip extraction failed','2023-11-19 00:36:32','2023-11-19 00:36:32'),(1183,1,'en','packages/plugin-management/marketplace','unzip_success','Download file extracted','2023-11-19 00:36:32','2023-11-19 00:36:32'),(1184,1,'en','packages/plugin-management/marketplace','install_success','Installed plugin successfully!','2023-11-19 00:36:32','2023-11-19 00:36:32'),(1185,1,'en','packages/plugin-management/marketplace','update_success','Updated plugin successfully!','2023-11-19 00:36:32','2023-11-19 00:36:32'),(1186,1,'en','packages/plugin-management/marketplace','minimum_core_version_error','Cannot install this plugin. Minimum core version is :version.','2023-11-19 00:36:32','2023-11-19 00:36:32'),(1187,1,'en','packages/plugin-management/plugin','enabled','Enabled','2023-11-19 00:36:32','2023-11-19 00:36:32'),(1188,1,'en','packages/plugin-management/plugin','deactivated','Deactivated','2023-11-19 00:36:32','2023-11-19 00:36:32'),(1189,1,'en','packages/plugin-management/plugin','activated','Activated','2023-11-19 00:36:32','2023-11-19 00:36:32'),(1190,1,'en','packages/plugin-management/plugin','activate','Activate','2023-11-19 00:36:32','2023-11-19 00:36:32'),(1191,1,'en','packages/plugin-management/plugin','deactivate','Deactivate','2023-11-19 00:36:32','2023-11-19 00:36:32'),(1192,1,'en','packages/plugin-management/plugin','author','By','2023-11-19 00:36:32','2023-11-19 00:36:32'),(1193,1,'en','packages/plugin-management/plugin','update_plugin_status_success','Update plugin successfully','2023-11-19 00:36:32','2023-11-19 00:36:32'),(1194,1,'en','packages/plugin-management/plugin','plugins','Plugins','2023-11-19 00:36:32','2023-11-19 00:36:32'),(1195,1,'en','packages/plugin-management/plugin','missing_required_plugins','Please activate plugin(s): :plugins before activate this plugin!','2023-11-19 00:36:32','2023-11-19 00:36:32'),(1196,1,'en','packages/plugin-management/plugin','remove','Remove','2023-11-19 00:36:32','2023-11-19 00:36:32'),(1197,1,'en','packages/plugin-management/plugin','remove_plugin_success','Remove plugin successfully!','2023-11-19 00:36:32','2023-11-19 00:36:32'),(1198,1,'en','packages/plugin-management/plugin','remove_plugin','Remove plugin','2023-11-19 00:36:32','2023-11-19 00:36:32'),(1199,1,'en','packages/plugin-management/plugin','remove_plugin_confirm_message','Do you really want to remove this plugin?','2023-11-19 00:36:32','2023-11-19 00:36:32'),(1200,1,'en','packages/plugin-management/plugin','remove_plugin_confirm_yes','Yes, remove it!','2023-11-19 00:36:32','2023-11-19 00:36:32'),(1201,1,'en','packages/plugin-management/plugin','total_plugins','Total plugins','2023-11-19 00:36:32','2023-11-19 00:36:32'),(1202,1,'en','packages/plugin-management/plugin','invalid_plugin','This plugin is not a valid plugin, please check it again!','2023-11-19 00:36:32','2023-11-19 00:36:32'),(1203,1,'en','packages/plugin-management/plugin','version','Version','2023-11-19 00:36:32','2023-11-19 00:36:32'),(1204,1,'en','packages/plugin-management/plugin','invalid_json','Invalid plugin.json!','2023-11-19 00:36:32','2023-11-19 00:36:32'),(1205,1,'en','packages/plugin-management/plugin','activate_success','Activate plugin successfully!','2023-11-19 00:36:32','2023-11-19 00:36:32'),(1206,1,'en','packages/plugin-management/plugin','activated_already','This plugin is activated already!','2023-11-19 00:36:32','2023-11-19 00:36:32'),(1207,1,'en','packages/plugin-management/plugin','plugin_not_exist','This plugin is not exists.','2023-11-19 00:36:32','2023-11-19 00:36:32'),(1208,1,'en','packages/plugin-management/plugin','missing_json_file','Missing file plugin.json!','2023-11-19 00:36:32','2023-11-19 00:36:32'),(1209,1,'en','packages/plugin-management/plugin','plugin_invalid','Plugin is valid!','2023-11-19 00:36:32','2023-11-19 00:36:32'),(1210,1,'en','packages/plugin-management/plugin','published_assets_success','Publish assets for plugin :name successfully!','2023-11-19 00:36:32','2023-11-19 00:36:32'),(1211,1,'en','packages/plugin-management/plugin','plugin_removed','Plugin has been removed!','2023-11-19 00:36:32','2023-11-19 00:36:32'),(1212,1,'en','packages/plugin-management/plugin','deactivated_success','Deactivate plugin successfully!','2023-11-19 00:36:32','2023-11-19 00:36:32'),(1213,1,'en','packages/plugin-management/plugin','deactivated_already','This plugin is deactivated already!','2023-11-19 00:36:32','2023-11-19 00:36:32'),(1214,1,'en','packages/plugin-management/plugin','folder_is_not_writeable','Cannot write files! Folder :name is not writable. Please chmod to make it writable!','2023-11-19 00:36:32','2023-11-19 00:36:32'),(1215,1,'en','packages/plugin-management/plugin','plugin_is_not_ready','Plugin :name is not ready to use','2023-11-19 00:36:32','2023-11-19 00:36:32'),(1216,1,'en','packages/plugin-management/plugin','plugins_installed','Installed Plugins','2023-11-19 00:36:32','2023-11-19 00:36:32'),(1217,1,'en','packages/plugin-management/plugin','plugins_add_new','Add new','2023-11-19 00:36:32','2023-11-19 00:36:32'),(1218,1,'en','packages/plugin-management/plugin','update','Update','2023-11-19 00:36:32','2023-11-19 00:36:32'),(1219,1,'en','packages/plugin-management/plugin','requirement_not_met','Plugin :plugin requires plugin(s): :required_plugins. Do you want to install them and activate :plugin now?','2023-11-19 00:36:32','2023-11-19 00:36:32'),(1220,1,'en','packages/plugin-management/plugin','install','Install now','2023-11-19 00:36:32','2023-11-19 00:36:32'),(1221,1,'en','packages/plugin-management/plugin','install_plugin','Install Plugin','2023-11-19 00:36:33','2023-11-19 00:36:33'),(1222,1,'en','packages/plugin-management/plugin','minimum_core_version_not_met','Plugin :plugin requires :minimum_core_version version of core, but your core version is :current_core_version. Please upgrade your core to use this plugin!','2023-11-19 00:36:33','2023-11-19 00:36:33'),(1223,1,'en','packages/seo-helper/seo-helper','meta_box_header','Search Engine Optimize','2023-11-19 00:36:33','2023-11-19 00:36:33'),(1224,1,'en','packages/seo-helper/seo-helper','edit_seo_meta','Edit SEO meta','2023-11-19 00:36:33','2023-11-19 00:36:33'),(1225,1,'en','packages/seo-helper/seo-helper','default_description','Setup meta title & description to make your site easy to discovered on search engines such as Google','2023-11-19 00:36:33','2023-11-19 00:36:33'),(1226,1,'en','packages/seo-helper/seo-helper','seo_title','SEO Title','2023-11-19 00:36:33','2023-11-19 00:36:33'),(1227,1,'en','packages/seo-helper/seo-helper','seo_description','SEO description','2023-11-19 00:36:33','2023-11-19 00:36:33'),(1228,1,'en','packages/slug/slug','permalink_settings','Permalink','2023-11-19 00:36:33','2023-11-19 00:36:33'),(1229,1,'en','packages/slug/slug','settings.title','Permalink settings','2023-11-19 00:36:33','2023-11-19 00:36:33'),(1230,1,'en','packages/slug/slug','settings.description','Manage permalink for all modules.','2023-11-19 00:36:33','2023-11-19 00:36:33'),(1231,1,'en','packages/slug/slug','settings.preview','Preview','2023-11-19 00:36:33','2023-11-19 00:36:33'),(1232,1,'en','packages/slug/slug','settings.turn_off_automatic_url_translation_into_latin','Turn off automatic URL translation into Latin?','2023-11-19 00:36:33','2023-11-19 00:36:33'),(1233,1,'en','packages/slug/slug','settings.available_variables','Available variables','2023-11-19 00:36:33','2023-11-19 00:36:33'),(1234,1,'en','packages/slug/slug','preview','Preview','2023-11-19 00:36:33','2023-11-19 00:36:33'),(1235,1,'en','packages/slug/slug','prefix_for','Prefix for :name','2023-11-19 00:36:33','2023-11-19 00:36:33'),(1236,1,'en','packages/slug/slug','public_single_ending_url','Postfix for single page URL','2023-11-19 00:36:33','2023-11-19 00:36:33'),(1237,1,'en','packages/slug/slug','current_year','Current year','2023-11-19 00:36:33','2023-11-19 00:36:33'),(1238,1,'en','packages/slug/slug','current_month','Current month','2023-11-19 00:36:33','2023-11-19 00:36:33'),(1239,1,'en','packages/slug/slug','current_day','Current day','2023-11-19 00:36:33','2023-11-19 00:36:33'),(1240,1,'en','packages/theme/theme','name','Themes','2023-11-19 00:36:33','2023-11-19 00:36:33'),(1241,1,'en','packages/theme/theme','theme','Theme','2023-11-19 00:36:33','2023-11-19 00:36:33'),(1242,1,'en','packages/theme/theme','author','Author','2023-11-19 00:36:33','2023-11-19 00:36:33'),(1243,1,'en','packages/theme/theme','version','Version','2023-11-19 00:36:33','2023-11-19 00:36:33'),(1244,1,'en','packages/theme/theme','description','Description','2023-11-19 00:36:33','2023-11-19 00:36:33'),(1245,1,'en','packages/theme/theme','active_success','Activate theme :name successfully!','2023-11-19 00:36:33','2023-11-19 00:36:33'),(1246,1,'en','packages/theme/theme','active','Active','2023-11-19 00:36:33','2023-11-19 00:36:33'),(1247,1,'en','packages/theme/theme','activated','Activated','2023-11-19 00:36:33','2023-11-19 00:36:33'),(1248,1,'en','packages/theme/theme','appearance','Appearance','2023-11-19 00:36:33','2023-11-19 00:36:33'),(1249,1,'en','packages/theme/theme','theme_options','Theme options','2023-11-19 00:36:33','2023-11-19 00:36:33'),(1250,1,'en','packages/theme/theme','save_changes','Save Changes','2023-11-19 00:36:33','2023-11-19 00:36:33'),(1251,1,'en','packages/theme/theme','custom_css','Custom CSS','2023-11-19 00:36:33','2023-11-19 00:36:33'),(1252,1,'en','packages/theme/theme','custom_js','Custom JS','2023-11-19 00:36:33','2023-11-19 00:36:33'),(1253,1,'en','packages/theme/theme','custom_header_js','Header JS','2023-11-19 00:36:33','2023-11-19 00:36:33'),(1254,1,'en','packages/theme/theme','custom_header_js_placeholder','JS in header of page, wrap it inside &#x3C;script&#x3E;&#x3C;/script&#x3E;','2023-11-19 00:36:33','2023-11-19 00:36:33'),(1255,1,'en','packages/theme/theme','custom_body_js','Body JS','2023-11-19 00:36:33','2023-11-19 00:36:33'),(1256,1,'en','packages/theme/theme','custom_body_js_placeholder','JS in body of page, wrap it inside &#x3C;script&#x3E;&#x3C;/script&#x3E;','2023-11-19 00:36:33','2023-11-19 00:36:33'),(1257,1,'en','packages/theme/theme','custom_footer_js','Footer JS','2023-11-19 00:36:33','2023-11-19 00:36:33'),(1258,1,'en','packages/theme/theme','custom_footer_js_placeholder','JS in footer of page, wrap it inside &#x3C;script&#x3E;&#x3C;/script&#x3E;','2023-11-19 00:36:33','2023-11-19 00:36:33'),(1259,1,'en','packages/theme/theme','custom_html','Custom HTML','2023-11-19 00:36:33','2023-11-19 00:36:33'),(1260,1,'en','packages/theme/theme','custom_header_html','Header HTML','2023-11-19 00:36:33','2023-11-19 00:36:33'),(1261,1,'en','packages/theme/theme','custom_header_html_placeholder','HTML in header of page, no special tags: script, style, iframe...','2023-11-19 00:36:33','2023-11-19 00:36:33'),(1262,1,'en','packages/theme/theme','custom_body_html','Body HTML','2023-11-19 00:36:33','2023-11-19 00:36:33'),(1263,1,'en','packages/theme/theme','custom_body_html_placeholder','HTML in body of page, no special tags: script, style, iframe...','2023-11-19 00:36:33','2023-11-19 00:36:33'),(1264,1,'en','packages/theme/theme','custom_footer_html','Footer HTML','2023-11-19 00:36:33','2023-11-19 00:36:33'),(1265,1,'en','packages/theme/theme','custom_footer_html_placeholder','HTML in footer of page, no special tags: script, style, iframe...','2023-11-19 00:36:33','2023-11-19 00:36:33'),(1266,1,'en','packages/theme/theme','remove_theme_success','Remove theme successfully!','2023-11-19 00:36:33','2023-11-19 00:36:33'),(1267,1,'en','packages/theme/theme','theme_is_not_existed','This theme is not existed!','2023-11-19 00:36:33','2023-11-19 00:36:33'),(1268,1,'en','packages/theme/theme','remove','Remove','2023-11-19 00:36:33','2023-11-19 00:36:33'),(1269,1,'en','packages/theme/theme','remove_theme','Remove theme','2023-11-19 00:36:33','2023-11-19 00:36:33'),(1270,1,'en','packages/theme/theme','remove_theme_confirm_message','Do you really want to remove this theme?','2023-11-19 00:36:33','2023-11-19 00:36:33'),(1271,1,'en','packages/theme/theme','remove_theme_confirm_yes','Yes, remove it!','2023-11-19 00:36:33','2023-11-19 00:36:33'),(1272,1,'en','packages/theme/theme','total_themes','Total themes','2023-11-19 00:36:33','2023-11-19 00:36:33'),(1273,1,'en','packages/theme/theme','show_admin_bar','Show admin bar (When admin logged in, still show admin bar in website)?','2023-11-19 00:36:33','2023-11-19 00:36:33'),(1274,1,'en','packages/theme/theme','settings.title','Theme','2023-11-19 00:36:33','2023-11-19 00:36:33'),(1275,1,'en','packages/theme/theme','settings.description','Setting for theme','2023-11-19 00:36:33','2023-11-19 00:36:33'),(1276,1,'en','packages/theme/theme','settings.redirect_404_to_homepage','Redirect all not found requests to homepage?','2023-11-19 00:36:33','2023-11-19 00:36:33'),(1277,1,'en','packages/theme/theme','settings.show_guidelines','Show guidelines?','2023-11-19 00:36:33','2023-11-19 00:36:33'),(1278,1,'en','packages/theme/theme','add_new','Add new','2023-11-19 00:36:33','2023-11-19 00:36:33'),(1279,1,'en','packages/theme/theme','theme_activated_already','Theme \":name\" is activated already!','2023-11-19 00:36:33','2023-11-19 00:36:33'),(1280,1,'en','packages/theme/theme','missing_json_file','Missing file theme.json!','2023-11-19 00:36:33','2023-11-19 00:36:33'),(1281,1,'en','packages/theme/theme','theme_invalid','Theme is valid!','2023-11-19 00:36:33','2023-11-19 00:36:33'),(1282,1,'en','packages/theme/theme','published_assets_success','Publish assets for :themes successfully!','2023-11-19 00:36:33','2023-11-19 00:36:33'),(1283,1,'en','packages/theme/theme','cannot_remove_theme','Cannot remove activated theme, please activate another theme before removing \":name\"!','2023-11-19 00:36:33','2023-11-19 00:36:33'),(1284,1,'en','packages/theme/theme','theme_deleted','Theme \":name\" has been destroyed.','2023-11-19 00:36:33','2023-11-19 00:36:33'),(1285,1,'en','packages/theme/theme','removed_assets','Remove assets of a theme :name successfully!','2023-11-19 00:36:33','2023-11-19 00:36:33'),(1286,1,'en','packages/theme/theme','update_custom_css_success','Update custom CSS successfully!','2023-11-19 00:36:33','2023-11-19 00:36:33'),(1287,1,'en','packages/theme/theme','update_custom_js_success','Update custom JS successfully!','2023-11-19 00:36:33','2023-11-19 00:36:33'),(1288,1,'en','packages/theme/theme','update_custom_html_success','Update custom HTML successfully!','2023-11-19 00:36:33','2023-11-19 00:36:33'),(1289,1,'en','packages/theme/theme','go_to_dashboard','Go to dashboard','2023-11-19 00:36:33','2023-11-19 00:36:33'),(1290,1,'en','packages/theme/theme','custom_css_placeholder','Using Ctrl + Space to autocomplete.','2023-11-19 00:36:33','2023-11-19 00:36:33'),(1291,1,'en','packages/theme/theme','theme_option_general','General','2023-11-19 00:36:33','2023-11-19 00:36:33'),(1292,1,'en','packages/theme/theme','theme_option_general_description','General settings','2023-11-19 00:36:33','2023-11-19 00:36:33'),(1293,1,'en','packages/theme/theme','theme_option_seo_open_graph_image','SEO default Open Graph image','2023-11-19 00:36:33','2023-11-19 00:36:33'),(1294,1,'en','packages/theme/theme','theme_option_logo','Logo','2023-11-19 00:36:33','2023-11-19 00:36:33'),(1295,1,'en','packages/theme/theme','theme_option_favicon','Favicon','2023-11-19 00:36:33','2023-11-19 00:36:33'),(1296,1,'en','packages/theme/theme','folder_is_not_writeable','Cannot write files! Folder :name is not writable. Please chmod to make it writable!','2023-11-19 00:36:33','2023-11-19 00:36:33'),(1297,1,'en','packages/theme/theme','breadcrumb_enabled','Enable breadcrumb?','2023-11-19 00:36:33','2023-11-19 00:36:33'),(1298,1,'en','packages/widget/widget','name','Widgets','2023-11-19 00:36:33','2023-11-19 00:36:33'),(1299,1,'en','packages/widget/widget','create','New widget','2023-11-19 00:36:33','2023-11-19 00:36:33'),(1300,1,'en','packages/widget/widget','edit','Edit widget','2023-11-19 00:36:33','2023-11-19 00:36:33'),(1301,1,'en','packages/widget/widget','delete','Delete','2023-11-19 00:36:33','2023-11-19 00:36:33'),(1302,1,'en','packages/widget/widget','available','Available Widgets','2023-11-19 00:36:33','2023-11-19 00:36:33'),(1303,1,'en','packages/widget/widget','instruction','To activate a widget drag it to a sidebar or click on it. To deactivate a widget and delete its settings, drag it back.','2023-11-19 00:36:33','2023-11-19 00:36:33'),(1304,1,'en','packages/widget/widget','number_tag_display','Number tags will be display','2023-11-19 00:36:33','2023-11-19 00:36:33'),(1305,1,'en','packages/widget/widget','number_post_display','Number posts will be display','2023-11-19 00:36:33','2023-11-19 00:36:33'),(1306,1,'en','packages/widget/widget','select_menu','Select Menu','2023-11-19 00:36:33','2023-11-19 00:36:33'),(1307,1,'en','packages/widget/widget','widget_text','Text','2023-11-19 00:36:33','2023-11-19 00:36:33'),(1308,1,'en','packages/widget/widget','widget_text_description','Arbitrary text or HTML.','2023-11-19 00:36:33','2023-11-19 00:36:33'),(1309,1,'en','packages/widget/widget','widget_recent_post','Recent Posts','2023-11-19 00:36:33','2023-11-19 00:36:33'),(1310,1,'en','packages/widget/widget','widget_recent_post_description','Recent posts widget.','2023-11-19 00:36:33','2023-11-19 00:36:33'),(1311,1,'en','packages/widget/widget','widget_custom_menu','Custom Menu','2023-11-19 00:36:33','2023-11-19 00:36:33'),(1312,1,'en','packages/widget/widget','widget_custom_menu_description','Add a custom menu to your widget area.','2023-11-19 00:36:33','2023-11-19 00:36:33'),(1313,1,'en','packages/widget/widget','widget_tag','Tags','2023-11-19 00:36:33','2023-11-19 00:36:33'),(1314,1,'en','packages/widget/widget','widget_tag_description','Popular tags','2023-11-19 00:36:33','2023-11-19 00:36:33'),(1315,1,'en','packages/widget/widget','widget_menu','Simple Menu','2023-11-19 00:36:33','2023-11-19 00:36:33'),(1316,1,'en','packages/widget/widget','widget_menu_description','Add a simple menu to your widget area.','2023-11-19 00:36:33','2023-11-19 00:36:33'),(1317,1,'en','packages/widget/widget','widget_menu_label','Label','2023-11-19 00:36:33','2023-11-19 00:36:33'),(1318,1,'en','packages/widget/widget','widget_menu_attributes','Attributes','2023-11-19 00:36:33','2023-11-19 00:36:33'),(1319,1,'en','packages/widget/widget','widget_menu_url','URL','2023-11-19 00:36:33','2023-11-19 00:36:33'),(1320,1,'en','packages/widget/widget','widget_menu_is_open_new_tab','Is open new tab?','2023-11-19 00:36:33','2023-11-19 00:36:33'),(1321,1,'en','packages/widget/widget','save_success','Save widget successfully!','2023-11-19 00:36:33','2023-11-19 00:36:33'),(1322,1,'en','packages/widget/widget','delete_success','Delete widget successfully!','2023-11-19 00:36:33','2023-11-19 00:36:33'),(1323,1,'en','packages/widget/widget','primary_sidebar_name','Primary sidebar','2023-11-19 00:36:33','2023-11-19 00:36:33'),(1324,1,'en','packages/widget/widget','primary_sidebar_description','Primary sidebar section','2023-11-19 00:36:33','2023-11-19 00:36:33'),(1325,1,'en','plugins/ads/ads','name','Ads','2023-11-19 00:36:33','2023-11-19 00:36:33'),(1326,1,'en','plugins/ads/ads','create','New ads','2023-11-19 00:36:33','2023-11-19 00:36:33'),(1327,1,'en','plugins/ads/ads','edit','Edit ads','2023-11-19 00:36:33','2023-11-19 00:36:33'),(1328,1,'en','plugins/ads/ads','location','Location','2023-11-19 00:36:33','2023-11-19 00:36:33'),(1329,1,'en','plugins/ads/ads','url','URL','2023-11-19 00:36:33','2023-11-19 00:36:33'),(1330,1,'en','plugins/ads/ads','expired_at','Expired at','2023-11-19 00:36:33','2023-11-19 00:36:33'),(1331,1,'en','plugins/ads/ads','key','Key','2023-11-19 00:36:33','2023-11-19 00:36:33'),(1332,1,'en','plugins/ads/ads','shortcode','Shortcode','2023-11-19 00:36:33','2023-11-19 00:36:33'),(1333,1,'en','plugins/ads/ads','clicked','Clicked','2023-11-19 00:36:33','2023-11-19 00:36:33'),(1334,1,'en','plugins/ads/ads','not_set','Not set','2023-11-19 00:36:33','2023-11-19 00:36:33'),(1335,1,'en','plugins/ads/ads','adblock_warning','If you are using Adblock browser extension, you need to disable this extension on your site first. It may block your ads if it is enabled on your site! <br /> Tips: Image name SHOULD NOT contain some ads keywords (ad, promotion...)','2023-11-19 00:36:33','2023-11-19 00:36:33'),(1336,1,'en','plugins/ads/ads','select_ad','Select Ad','2023-11-19 00:36:33','2023-11-19 00:36:33'),(1337,1,'en','plugins/ads/ads','open_in_new_tab','Open in new tab?','2023-11-19 00:36:33','2023-11-19 00:36:33'),(1338,1,'en','plugins/analytics/analytics','sessions','Sessions','2023-11-19 00:36:33','2023-11-19 00:36:33'),(1339,1,'en','plugins/analytics/analytics','visitors','Visitors','2023-11-19 00:36:33','2023-11-19 00:36:33'),(1340,1,'en','plugins/analytics/analytics','pageviews','Pageviews','2023-11-19 00:36:33','2023-11-19 00:36:33'),(1341,1,'en','plugins/analytics/analytics','bounce_rate','Bounce Rate','2023-11-19 00:36:33','2023-11-19 00:36:33'),(1342,1,'en','plugins/analytics/analytics','page_session','Pages/Session','2023-11-19 00:36:33','2023-11-19 00:36:33'),(1343,1,'en','plugins/analytics/analytics','avg_duration','Avg. Duration','2023-11-19 00:36:33','2023-11-19 00:36:33'),(1344,1,'en','plugins/analytics/analytics','percent_new_session','Percent new session','2023-11-19 00:36:33','2023-11-19 00:36:33'),(1345,1,'en','plugins/analytics/analytics','new_users','New visitors','2023-11-19 00:36:33','2023-11-19 00:36:33'),(1346,1,'en','plugins/analytics/analytics','visits','visits','2023-11-19 00:36:33','2023-11-19 00:36:33'),(1347,1,'en','plugins/analytics/analytics','views','views','2023-11-19 00:36:33','2023-11-19 00:36:33'),(1348,1,'en','plugins/analytics/analytics','property_id_not_specified','You must provide a valid view id. The document here: <a href=\"https://docs.botble.com/cms/master/plugin-analytics\" target=\"_blank\">https://docs.botble.com/cms/master/plugin-analytics</a>','2023-11-19 00:36:33','2023-11-19 00:36:33'),(1349,1,'en','plugins/analytics/analytics','credential_is_not_valid','Analytics credentials is not valid. The document here: <a href=\"https://docs.botble.com/cms/master/plugin-analytics\" target=\"_blank\">https://docs.botble.com/cms/master/plugin-analytics</a>','2023-11-19 00:36:33','2023-11-19 00:36:33'),(1350,1,'en','plugins/analytics/analytics','start_date_can_not_before_end_date','Start date :start_date cannot be after end date :end_date','2023-11-19 00:36:33','2023-11-19 00:36:33'),(1351,1,'en','plugins/analytics/analytics','wrong_configuration','To view analytics you\'ll need to get a Google Analytics client id and add it to your settings. <br /> You also need JSON credential data. <br /> The document here: <a href=\"https://docs.botble.com/cms/master/plugin-analytics\" target=\"_blank\">https://docs.botble.com/cms/master/plugin-analytics</a>','2023-11-19 00:36:33','2023-11-19 00:36:33'),(1352,1,'en','plugins/analytics/analytics','property_id_is_invalid','Property ID is invalid. Check this: https://developers.google.com/analytics/devguides/reporting/data/v1/property-id','2023-11-19 00:36:33','2023-11-19 00:36:33'),(1353,1,'en','plugins/analytics/analytics','settings.title','Google Analytics','2023-11-19 00:36:33','2023-11-19 00:36:33'),(1354,1,'en','plugins/analytics/analytics','settings.description','Config Credentials for Google Analytics','2023-11-19 00:36:33','2023-11-19 00:36:33'),(1355,1,'en','plugins/analytics/analytics','settings.google_tag_id','Google tag ID','2023-11-19 00:36:33','2023-11-19 00:36:33'),(1356,1,'en','plugins/analytics/analytics','settings.google_tag_id_placeholder','Example: G-76NX8HY29D','2023-11-19 00:36:33','2023-11-19 00:36:33'),(1357,1,'en','plugins/analytics/analytics','settings.analytics_property_id','Property ID for GA4','2023-11-19 00:36:33','2023-11-19 00:36:33'),(1358,1,'en','plugins/analytics/analytics','settings.analytics_property_id_description','Google Analytics Property ID (GA4)','2023-11-19 00:36:33','2023-11-19 00:36:33'),(1359,1,'en','plugins/analytics/analytics','settings.json_credential','Service Account Credentials','2023-11-19 00:36:33','2023-11-19 00:36:33'),(1360,1,'en','plugins/analytics/analytics','settings.json_credential_description','Service Account Credentials','2023-11-19 00:36:33','2023-11-19 00:36:33'),(1361,1,'en','plugins/analytics/analytics','widget_analytics_page','Top Most Visit Pages','2023-11-19 00:36:33','2023-11-19 00:36:33'),(1362,1,'en','plugins/analytics/analytics','widget_analytics_browser','Top Browsers','2023-11-19 00:36:33','2023-11-19 00:36:33'),(1363,1,'en','plugins/analytics/analytics','widget_analytics_referrer','Top Referrers','2023-11-19 00:36:33','2023-11-19 00:36:33'),(1364,1,'en','plugins/analytics/analytics','widget_analytics_general','Site Analytics','2023-11-19 00:36:33','2023-11-19 00:36:33'),(1365,1,'en','plugins/analytics/analytics','missing_library_warning','Analytics plugin error: Missing third-party libraries, please run \"composer update\" to install them.','2023-11-19 00:36:33','2023-11-19 00:36:33'),(1366,1,'en','plugins/audit-log/history','name','Activities Logs','2023-11-19 00:36:33','2023-11-19 00:36:33'),(1367,1,'en','plugins/audit-log/history','created','created','2023-11-19 00:36:33','2023-11-19 00:36:33'),(1368,1,'en','plugins/audit-log/history','updated','updated','2023-11-19 00:36:33','2023-11-19 00:36:33'),(1369,1,'en','plugins/audit-log/history','deleted','deleted','2023-11-19 00:36:33','2023-11-19 00:36:33'),(1370,1,'en','plugins/audit-log/history','logged in','logged in','2023-11-19 00:36:33','2023-11-19 00:36:33'),(1371,1,'en','plugins/audit-log/history','logged out','logged out','2023-11-19 00:36:33','2023-11-19 00:36:33'),(1372,1,'en','plugins/audit-log/history','changed password','changed password','2023-11-19 00:36:33','2023-11-19 00:36:33'),(1373,1,'en','plugins/audit-log/history','updated profile','updated profile','2023-11-19 00:36:33','2023-11-19 00:36:33'),(1374,1,'en','plugins/audit-log/history','attached','attached','2023-11-19 00:36:33','2023-11-19 00:36:33'),(1375,1,'en','plugins/audit-log/history','shared','shared','2023-11-19 00:36:33','2023-11-19 00:36:33'),(1376,1,'en','plugins/audit-log/history','to the system','to the system','2023-11-19 00:36:34','2023-11-19 00:36:34'),(1377,1,'en','plugins/audit-log/history','of the system','of the system','2023-11-19 00:36:34','2023-11-19 00:36:34'),(1378,1,'en','plugins/audit-log/history','menu','menu','2023-11-19 00:36:34','2023-11-19 00:36:34'),(1379,1,'en','plugins/audit-log/history','post','post','2023-11-19 00:36:34','2023-11-19 00:36:34'),(1380,1,'en','plugins/audit-log/history','page','page','2023-11-19 00:36:34','2023-11-19 00:36:34'),(1381,1,'en','plugins/audit-log/history','category','category','2023-11-19 00:36:34','2023-11-19 00:36:34'),(1382,1,'en','plugins/audit-log/history','tag','tag','2023-11-19 00:36:34','2023-11-19 00:36:34'),(1383,1,'en','plugins/audit-log/history','user','user','2023-11-19 00:36:34','2023-11-19 00:36:34'),(1384,1,'en','plugins/audit-log/history','contact','contact','2023-11-19 00:36:34','2023-11-19 00:36:34'),(1385,1,'en','plugins/audit-log/history','backup','backup','2023-11-19 00:36:34','2023-11-19 00:36:34'),(1386,1,'en','plugins/audit-log/history','custom-field','custom field','2023-11-19 00:36:34','2023-11-19 00:36:34'),(1387,1,'en','plugins/audit-log/history','widget_audit_logs','Activities Logs','2023-11-19 00:36:34','2023-11-19 00:36:34'),(1388,1,'en','plugins/audit-log/history','action','Action','2023-11-19 00:36:34','2023-11-19 00:36:34'),(1389,1,'en','plugins/audit-log/history','user_agent','User Agent','2023-11-19 00:36:34','2023-11-19 00:36:34'),(1390,1,'en','plugins/audit-log/history','system','System','2023-11-19 00:36:34','2023-11-19 00:36:34'),(1391,1,'en','plugins/audit-log/history','delete_all','Delete all records','2023-11-19 00:36:34','2023-11-19 00:36:34'),(1392,1,'en','plugins/backup/backup','name','Backup','2023-11-19 00:36:34','2023-11-19 00:36:34'),(1393,1,'en','plugins/backup/backup','backup_description','Backup database and uploads folder.','2023-11-19 00:36:34','2023-11-19 00:36:34'),(1394,1,'en','plugins/backup/backup','create_backup_success','Created backup successfully!','2023-11-19 00:36:34','2023-11-19 00:36:34'),(1395,1,'en','plugins/backup/backup','delete_backup_success','Delete backup successfully!','2023-11-19 00:36:34','2023-11-19 00:36:34'),(1396,1,'en','plugins/backup/backup','restore_backup_success','Restore backup successfully!','2023-11-19 00:36:34','2023-11-19 00:36:34'),(1397,1,'en','plugins/backup/backup','generate_btn','Generate backup','2023-11-19 00:36:34','2023-11-19 00:36:34'),(1398,1,'en','plugins/backup/backup','create','Create a backup','2023-11-19 00:36:34','2023-11-19 00:36:34'),(1399,1,'en','plugins/backup/backup','restore','Restore a backup','2023-11-19 00:36:34','2023-11-19 00:36:34'),(1400,1,'en','plugins/backup/backup','create_btn','Create','2023-11-19 00:36:34','2023-11-19 00:36:34'),(1401,1,'en','plugins/backup/backup','restore_btn','Restore','2023-11-19 00:36:34','2023-11-19 00:36:34'),(1402,1,'en','plugins/backup/backup','restore_confirm_msg','Do you really want to restore this revision?','2023-11-19 00:36:34','2023-11-19 00:36:34'),(1403,1,'en','plugins/backup/backup','download_uploads_folder','Download backup of uploads folder','2023-11-19 00:36:34','2023-11-19 00:36:34'),(1404,1,'en','plugins/backup/backup','download_database','Download backup of database','2023-11-19 00:36:34','2023-11-19 00:36:34'),(1405,1,'en','plugins/backup/backup','restore_tooltip','Restore this backup','2023-11-19 00:36:34','2023-11-19 00:36:34'),(1406,1,'en','plugins/backup/backup','demo_alert','Hi guest, if you see demo site is destroyed, please help me <a href=\":link\">go here</a> and restore demo site to the latest revision! Thank you so much!','2023-11-19 00:36:34','2023-11-19 00:36:34'),(1407,1,'en','plugins/backup/backup','menu_name','Backups','2023-11-19 00:36:34','2023-11-19 00:36:34'),(1408,1,'en','plugins/backup/backup','size','Size','2023-11-19 00:36:34','2023-11-19 00:36:34'),(1409,1,'en','plugins/backup/backup','no_backups','There is no backup now!','2023-11-19 00:36:34','2023-11-19 00:36:34'),(1410,1,'en','plugins/backup/backup','proc_open_disabled_error','Function <strong>proc_open()</strong> has been disabled so the system cannot backup the database. Please contact your hosting provider to enable it.','2023-11-19 00:36:34','2023-11-19 00:36:34'),(1411,1,'en','plugins/backup/backup','database_backup_not_existed','Backup database is not existed!','2023-11-19 00:36:34','2023-11-19 00:36:34'),(1412,1,'en','plugins/backup/backup','uploads_folder_backup_not_existed','Backup uploads folder is not existed!','2023-11-19 00:36:34','2023-11-19 00:36:34'),(1413,1,'en','plugins/backup/backup','important_message1','This is a simple backup feature, it is a solution for you if your site has < 1GB data and can be used for quickly backup your site.','2023-11-19 00:36:34','2023-11-19 00:36:34'),(1414,1,'en','plugins/backup/backup','important_message2','If you have more than 1GB images/files in local storage, you should use backup feature of your hosting or VPS.','2023-11-19 00:36:34','2023-11-19 00:36:34'),(1415,1,'en','plugins/backup/backup','important_message3','To backup your database, function <strong>proc_open()</strong> or <strong>system()</strong> must be enabled. Contact your hosting provider to enable it if it is disabled.','2023-11-19 00:36:34','2023-11-19 00:36:34'),(1416,1,'en','plugins/backup/backup','important_message4','It is not a full backup, it is just back up uploaded files and your database.','2023-11-19 00:36:34','2023-11-19 00:36:34'),(1417,1,'en','plugins/backup/backup','important_message_pgsql1','Currently, we cannot backup <strong>PostgreSQL</strong> database on the web due to PostgreSQL doesnt have option to enter database password directly when exporting database.','2023-11-19 00:36:34','2023-11-19 00:36:34'),(1418,1,'en','plugins/backup/backup','important_message_pgsql2','You can run a command <strong>php artisan cms:backup:create {name}</strong> to generate the backup or <strong>php artisan cms:backup:restore</strong> to restore the latest backup.','2023-11-19 00:36:34','2023-11-19 00:36:34'),(1419,1,'en','plugins/backup/backup','cannot_restore_database','Cannot restore database. The database backup is missing!','2023-11-19 00:36:34','2023-11-19 00:36:34'),(1420,1,'en','plugins/backup/backup','database_driver_not_supported','Database driver is not supported.','2023-11-19 00:36:34','2023-11-19 00:36:34'),(1421,1,'en','plugins/blog/base','menu_name','Blog','2023-11-19 00:36:34','2023-11-19 00:36:34'),(1422,1,'en','plugins/blog/base','blog_page','Blog Page','2023-11-19 00:36:34','2023-11-19 00:36:34'),(1423,1,'en','plugins/blog/base','select','-- Select --','2023-11-19 00:36:34','2023-11-19 00:36:34'),(1424,1,'en','plugins/blog/base','blog_page_id','Blog page','2023-11-19 00:36:34','2023-11-19 00:36:34'),(1425,1,'en','plugins/blog/base','number_posts_per_page','Number posts per page','2023-11-19 00:36:34','2023-11-19 00:36:34'),(1426,1,'en','plugins/blog/base','write_some_tags','Write some tags','2023-11-19 00:36:34','2023-11-19 00:36:34'),(1427,1,'en','plugins/blog/base','short_code_name','Blog posts','2023-11-19 00:36:34','2023-11-19 00:36:34'),(1428,1,'en','plugins/blog/base','short_code_description','Add blog posts','2023-11-19 00:36:34','2023-11-19 00:36:34'),(1429,1,'en','plugins/blog/base','number_posts_per_page_in_category','Number of posts per page in a category','2023-11-19 00:36:34','2023-11-19 00:36:34'),(1430,1,'en','plugins/blog/base','number_posts_per_page_in_tag','Number of posts per page in a tag','2023-11-19 00:36:34','2023-11-19 00:36:34'),(1431,1,'en','plugins/blog/base','settings.title','Blog','2023-11-19 00:36:34','2023-11-19 00:36:34'),(1432,1,'en','plugins/blog/base','settings.description','Settings for Blog','2023-11-19 00:36:34','2023-11-19 00:36:34'),(1433,1,'en','plugins/blog/base','settings.enable_blog_post_schema','Enable Blog Post Schema?','2023-11-19 00:36:34','2023-11-19 00:36:34'),(1434,1,'en','plugins/blog/base','settings.enable_blog_post_schema_description','Learn more: https://schema.org/Article','2023-11-19 00:36:34','2023-11-19 00:36:34'),(1435,1,'en','plugins/blog/base','settings.schema_type','Schema type','2023-11-19 00:36:34','2023-11-19 00:36:34'),(1436,1,'en','plugins/blog/categories','create','Create new category','2023-11-19 00:36:34','2023-11-19 00:36:34'),(1437,1,'en','plugins/blog/categories','menu','Categories','2023-11-19 00:36:34','2023-11-19 00:36:34'),(1438,1,'en','plugins/blog/categories','edit_this_category','Edit this category','2023-11-19 00:36:34','2023-11-19 00:36:34'),(1439,1,'en','plugins/blog/categories','menu_name','Categories','2023-11-19 00:36:34','2023-11-19 00:36:34'),(1440,1,'en','plugins/blog/categories','none','None','2023-11-19 00:36:34','2023-11-19 00:36:34'),(1441,1,'en','plugins/blog/categories','total_posts','Total posts: :total','2023-11-19 00:36:34','2023-11-19 00:36:34'),(1442,1,'en','plugins/blog/member','dob','Born :date','2023-11-19 00:36:34','2023-11-19 00:36:34'),(1443,1,'en','plugins/blog/member','draft_posts','Draft Posts','2023-11-19 00:36:34','2023-11-19 00:36:34'),(1444,1,'en','plugins/blog/member','pending_posts','Pending Posts','2023-11-19 00:36:34','2023-11-19 00:36:34'),(1445,1,'en','plugins/blog/member','published_posts','Published Posts','2023-11-19 00:36:34','2023-11-19 00:36:34'),(1446,1,'en','plugins/blog/member','posts','Posts','2023-11-19 00:36:34','2023-11-19 00:36:34'),(1447,1,'en','plugins/blog/member','write_post','Write a post','2023-11-19 00:36:34','2023-11-19 00:36:34'),(1448,1,'en','plugins/blog/posts','create','Create new post','2023-11-19 00:36:34','2023-11-19 00:36:34'),(1449,1,'en','plugins/blog/posts','form.name','Name','2023-11-19 00:36:34','2023-11-19 00:36:34'),(1450,1,'en','plugins/blog/posts','form.name_placeholder','Post\'s name (Maximum :c characters)','2023-11-19 00:36:34','2023-11-19 00:36:34'),(1451,1,'en','plugins/blog/posts','form.description','Description','2023-11-19 00:36:34','2023-11-19 00:36:34'),(1452,1,'en','plugins/blog/posts','form.description_placeholder','Short description for post (Maximum :c characters)','2023-11-19 00:36:34','2023-11-19 00:36:34'),(1453,1,'en','plugins/blog/posts','form.categories','Categories','2023-11-19 00:36:34','2023-11-19 00:36:34'),(1454,1,'en','plugins/blog/posts','form.tags','Tags','2023-11-19 00:36:34','2023-11-19 00:36:34'),(1455,1,'en','plugins/blog/posts','form.tags_placeholder','Tags','2023-11-19 00:36:34','2023-11-19 00:36:34'),(1456,1,'en','plugins/blog/posts','form.content','Content','2023-11-19 00:36:34','2023-11-19 00:36:34'),(1457,1,'en','plugins/blog/posts','form.is_featured','Is featured?','2023-11-19 00:36:34','2023-11-19 00:36:34'),(1458,1,'en','plugins/blog/posts','form.note','Note content','2023-11-19 00:36:34','2023-11-19 00:36:34'),(1459,1,'en','plugins/blog/posts','form.format_type','Format','2023-11-19 00:36:34','2023-11-19 00:36:34'),(1460,1,'en','plugins/blog/posts','cannot_delete','Post could not be deleted','2023-11-19 00:36:34','2023-11-19 00:36:34'),(1461,1,'en','plugins/blog/posts','post_deleted','Post deleted','2023-11-19 00:36:34','2023-11-19 00:36:34'),(1462,1,'en','plugins/blog/posts','posts','Posts','2023-11-19 00:36:34','2023-11-19 00:36:34'),(1463,1,'en','plugins/blog/posts','post','Post','2023-11-19 00:36:34','2023-11-19 00:36:34'),(1464,1,'en','plugins/blog/posts','edit_this_post','Edit this post','2023-11-19 00:36:34','2023-11-19 00:36:34'),(1465,1,'en','plugins/blog/posts','no_new_post_now','There is no new post now!','2023-11-19 00:36:34','2023-11-19 00:36:34'),(1466,1,'en','plugins/blog/posts','menu_name','Posts','2023-11-19 00:36:34','2023-11-19 00:36:34'),(1467,1,'en','plugins/blog/posts','widget_posts_recent','Recent Posts','2023-11-19 00:36:34','2023-11-19 00:36:34'),(1468,1,'en','plugins/blog/posts','categories','Categories','2023-11-19 00:36:34','2023-11-19 00:36:34'),(1469,1,'en','plugins/blog/posts','category','Category','2023-11-19 00:36:34','2023-11-19 00:36:34'),(1470,1,'en','plugins/blog/posts','author','Author','2023-11-19 00:36:34','2023-11-19 00:36:34'),(1471,1,'en','plugins/blog/tags','form.name','Name','2023-11-19 00:36:34','2023-11-19 00:36:34'),(1472,1,'en','plugins/blog/tags','form.name_placeholder','Tag\'s name (Maximum 120 characters)','2023-11-19 00:36:34','2023-11-19 00:36:34'),(1473,1,'en','plugins/blog/tags','form.description','Description','2023-11-19 00:36:34','2023-11-19 00:36:34'),(1474,1,'en','plugins/blog/tags','form.description_placeholder','Short description for tag (Maximum 400 characters)','2023-11-19 00:36:34','2023-11-19 00:36:34'),(1475,1,'en','plugins/blog/tags','form.categories','Categories','2023-11-19 00:36:34','2023-11-19 00:36:34'),(1476,1,'en','plugins/blog/tags','notices.no_select','Please select at least one tag to take this action!','2023-11-19 00:36:34','2023-11-19 00:36:34'),(1477,1,'en','plugins/blog/tags','create','Create new tag','2023-11-19 00:36:34','2023-11-19 00:36:34'),(1478,1,'en','plugins/blog/tags','cannot_delete','Tag could not be deleted','2023-11-19 00:36:34','2023-11-19 00:36:34'),(1479,1,'en','plugins/blog/tags','deleted','Tag deleted','2023-11-19 00:36:34','2023-11-19 00:36:34'),(1480,1,'en','plugins/blog/tags','menu','Tags','2023-11-19 00:36:34','2023-11-19 00:36:34'),(1481,1,'en','plugins/blog/tags','edit_this_tag','Edit this tag','2023-11-19 00:36:34','2023-11-19 00:36:34'),(1482,1,'en','plugins/blog/tags','menu_name','Tags','2023-11-19 00:36:34','2023-11-19 00:36:34'),(1483,1,'en','plugins/captcha/captcha','settings.title','Captcha','2023-11-19 00:36:34','2023-11-19 00:36:34'),(1484,1,'en','plugins/captcha/captcha','settings.description','Settings for Google Captcha','2023-11-19 00:36:34','2023-11-19 00:36:34'),(1485,1,'en','plugins/captcha/captcha','settings.captcha_site_key','Captcha Site Key','2023-11-19 00:36:34','2023-11-19 00:36:34'),(1486,1,'en','plugins/captcha/captcha','settings.captcha_secret','Captcha Secret','2023-11-19 00:36:34','2023-11-19 00:36:34'),(1487,1,'en','plugins/captcha/captcha','settings.enable_captcha','Enable Captcha?','2023-11-19 00:36:34','2023-11-19 00:36:34'),(1488,1,'en','plugins/captcha/captcha','settings.helper','Go here to get credentials https://www.google.com/recaptcha/admin#list.','2023-11-19 00:36:34','2023-11-19 00:36:34'),(1489,1,'en','plugins/captcha/captcha','settings.hide_badge','Hide recaptcha badge (for v3)','2023-11-19 00:36:34','2023-11-19 00:36:34'),(1490,1,'en','plugins/captcha/captcha','settings.type','Type','2023-11-19 00:36:34','2023-11-19 00:36:34'),(1491,1,'en','plugins/captcha/captcha','settings.v2_description','V2 (Verify requests with a challenge)','2023-11-19 00:36:34','2023-11-19 00:36:34'),(1492,1,'en','plugins/captcha/captcha','settings.v3_description','V3 (Verify requests with a score)','2023-11-19 00:36:34','2023-11-19 00:36:34'),(1493,1,'en','plugins/captcha/captcha','numbers.0','Zero','2023-11-19 00:36:34','2023-11-19 00:36:34'),(1494,1,'en','plugins/captcha/captcha','numbers.1','One','2023-11-19 00:36:34','2023-11-19 00:36:34'),(1495,1,'en','plugins/captcha/captcha','numbers.2','Two','2023-11-19 00:36:34','2023-11-19 00:36:34'),(1496,1,'en','plugins/captcha/captcha','numbers.3','Three','2023-11-19 00:36:34','2023-11-19 00:36:34'),(1497,1,'en','plugins/captcha/captcha','numbers.4','Four','2023-11-19 00:36:34','2023-11-19 00:36:34'),(1498,1,'en','plugins/captcha/captcha','numbers.5','Five','2023-11-19 00:36:34','2023-11-19 00:36:34'),(1499,1,'en','plugins/captcha/captcha','numbers.6','Six','2023-11-19 00:36:34','2023-11-19 00:36:34'),(1500,1,'en','plugins/captcha/captcha','numbers.7','Seven','2023-11-19 00:36:34','2023-11-19 00:36:34'),(1501,1,'en','plugins/captcha/captcha','numbers.8','Eight','2023-11-19 00:36:34','2023-11-19 00:36:34'),(1502,1,'en','plugins/captcha/captcha','numbers.9','Nine','2023-11-19 00:36:34','2023-11-19 00:36:34'),(1503,1,'en','plugins/captcha/captcha','numbers.10','Ten','2023-11-19 00:36:34','2023-11-19 00:36:34'),(1504,1,'en','plugins/captcha/captcha','numbers.11','Eleven','2023-11-19 00:36:34','2023-11-19 00:36:34'),(1505,1,'en','plugins/captcha/captcha','numbers.12','Twelve','2023-11-19 00:36:34','2023-11-19 00:36:34'),(1506,1,'en','plugins/captcha/captcha','operands.+','plus','2023-11-19 00:36:34','2023-11-19 00:36:34'),(1507,1,'en','plugins/captcha/captcha','operands.-','minus','2023-11-19 00:36:34','2023-11-19 00:36:34'),(1508,1,'en','plugins/captcha/captcha','operands.*','times','2023-11-19 00:36:34','2023-11-19 00:36:34'),(1509,1,'en','plugins/captcha/captcha','operands./','divided by','2023-11-19 00:36:34','2023-11-19 00:36:34'),(1510,1,'en','plugins/contact/contact','menu','Contact','2023-11-19 00:36:34','2023-11-19 00:36:34'),(1511,1,'en','plugins/contact/contact','edit','View contact','2023-11-19 00:36:34','2023-11-19 00:36:34'),(1512,1,'en','plugins/contact/contact','tables.phone','Phone','2023-11-19 00:36:34','2023-11-19 00:36:34'),(1513,1,'en','plugins/contact/contact','tables.email','Email','2023-11-19 00:36:34','2023-11-19 00:36:34'),(1514,1,'en','plugins/contact/contact','tables.full_name','Full Name','2023-11-19 00:36:34','2023-11-19 00:36:34'),(1515,1,'en','plugins/contact/contact','tables.time','Time','2023-11-19 00:36:34','2023-11-19 00:36:34'),(1516,1,'en','plugins/contact/contact','tables.address','Address','2023-11-19 00:36:34','2023-11-19 00:36:34'),(1517,1,'en','plugins/contact/contact','tables.subject','Subject','2023-11-19 00:36:34','2023-11-19 00:36:34'),(1518,1,'en','plugins/contact/contact','tables.content','Content','2023-11-19 00:36:34','2023-11-19 00:36:34'),(1519,1,'en','plugins/contact/contact','contact_information','Contact information','2023-11-19 00:36:34','2023-11-19 00:36:34'),(1520,1,'en','plugins/contact/contact','replies','Replies','2023-11-19 00:36:34','2023-11-19 00:36:34'),(1521,1,'en','plugins/contact/contact','email.header','Email','2023-11-19 00:36:34','2023-11-19 00:36:34'),(1522,1,'en','plugins/contact/contact','email.title','New contact from your site','2023-11-19 00:36:34','2023-11-19 00:36:34'),(1523,1,'en','plugins/contact/contact','form.name.required','Name is required','2023-11-19 00:36:34','2023-11-19 00:36:34'),(1524,1,'en','plugins/contact/contact','form.email.required','Email is required','2023-11-19 00:36:34','2023-11-19 00:36:34'),(1525,1,'en','plugins/contact/contact','form.email.email','The email address is not valid','2023-11-19 00:36:34','2023-11-19 00:36:34'),(1526,1,'en','plugins/contact/contact','form.content.required','Content is required','2023-11-19 00:36:34','2023-11-19 00:36:34'),(1527,1,'en','plugins/contact/contact','contact_sent_from','This contact information sent from','2023-11-19 00:36:35','2023-11-19 00:36:35'),(1528,1,'en','plugins/contact/contact','sender','Sender','2023-11-19 00:36:35','2023-11-19 00:36:35'),(1529,1,'en','plugins/contact/contact','sender_email','Email','2023-11-19 00:36:35','2023-11-19 00:36:35'),(1530,1,'en','plugins/contact/contact','sender_address','Address','2023-11-19 00:36:35','2023-11-19 00:36:35'),(1531,1,'en','plugins/contact/contact','sender_phone','Phone','2023-11-19 00:36:35','2023-11-19 00:36:35'),(1532,1,'en','plugins/contact/contact','message_content','Message content','2023-11-19 00:36:35','2023-11-19 00:36:35'),(1533,1,'en','plugins/contact/contact','sent_from','Email sent from','2023-11-19 00:36:35','2023-11-19 00:36:35'),(1534,1,'en','plugins/contact/contact','form_name','Name','2023-11-19 00:36:35','2023-11-19 00:36:35'),(1535,1,'en','plugins/contact/contact','form_email','Email','2023-11-19 00:36:35','2023-11-19 00:36:35'),(1536,1,'en','plugins/contact/contact','form_address','Address','2023-11-19 00:36:35','2023-11-19 00:36:35'),(1537,1,'en','plugins/contact/contact','form_subject','Subject','2023-11-19 00:36:35','2023-11-19 00:36:35'),(1538,1,'en','plugins/contact/contact','form_phone','Phone','2023-11-19 00:36:35','2023-11-19 00:36:35'),(1539,1,'en','plugins/contact/contact','form_message','Message','2023-11-19 00:36:35','2023-11-19 00:36:35'),(1540,1,'en','plugins/contact/contact','required_field','The field with (<span style=\"color: red\">*</span>) is required.','2023-11-19 00:36:35','2023-11-19 00:36:35'),(1541,1,'en','plugins/contact/contact','send_btn','Send message','2023-11-19 00:36:35','2023-11-19 00:36:35'),(1542,1,'en','plugins/contact/contact','new_msg_notice','You have <span class=\"bold\">:count</span> New Messages','2023-11-19 00:36:35','2023-11-19 00:36:35'),(1543,1,'en','plugins/contact/contact','view_all','View all','2023-11-19 00:36:35','2023-11-19 00:36:35'),(1544,1,'en','plugins/contact/contact','statuses.read','Read','2023-11-19 00:36:35','2023-11-19 00:36:35'),(1545,1,'en','plugins/contact/contact','statuses.unread','Unread','2023-11-19 00:36:35','2023-11-19 00:36:35'),(1546,1,'en','plugins/contact/contact','phone','Phone','2023-11-19 00:36:35','2023-11-19 00:36:35'),(1547,1,'en','plugins/contact/contact','address','Address','2023-11-19 00:36:35','2023-11-19 00:36:35'),(1548,1,'en','plugins/contact/contact','message','Message','2023-11-19 00:36:35','2023-11-19 00:36:35'),(1549,1,'en','plugins/contact/contact','settings.email.title','Contact','2023-11-19 00:36:35','2023-11-19 00:36:35'),(1550,1,'en','plugins/contact/contact','settings.email.description','Contact email configuration','2023-11-19 00:36:35','2023-11-19 00:36:35'),(1551,1,'en','plugins/contact/contact','settings.email.templates.notice_title','Send notice to administrator','2023-11-19 00:36:35','2023-11-19 00:36:35'),(1552,1,'en','plugins/contact/contact','settings.email.templates.notice_description','Email template to send notice to administrator when system get new contact','2023-11-19 00:36:35','2023-11-19 00:36:35'),(1553,1,'en','plugins/contact/contact','settings.title','Contact','2023-11-19 00:36:35','2023-11-19 00:36:35'),(1554,1,'en','plugins/contact/contact','settings.description','Settings for contact plugin','2023-11-19 00:36:35','2023-11-19 00:36:35'),(1555,1,'en','plugins/contact/contact','settings.blacklist_keywords','Blacklist keywords','2023-11-19 00:36:35','2023-11-19 00:36:35'),(1556,1,'en','plugins/contact/contact','settings.blacklist_keywords_placeholder','keywords...','2023-11-19 00:36:35','2023-11-19 00:36:35'),(1557,1,'en','plugins/contact/contact','settings.blacklist_keywords_helper','Blacklist contact requests if it includes those keywords in the content field (separate by comma).','2023-11-19 00:36:35','2023-11-19 00:36:35'),(1558,1,'en','plugins/contact/contact','settings.blacklist_email_domains','Blacklist email domains','2023-11-19 00:36:35','2023-11-19 00:36:35'),(1559,1,'en','plugins/contact/contact','settings.blacklist_email_domains_placeholder','domain...','2023-11-19 00:36:35','2023-11-19 00:36:35'),(1560,1,'en','plugins/contact/contact','settings.blacklist_email_domains_helper','Blacklist contact requests if the email domain is in blacklist domains (separate by comma).','2023-11-19 00:36:35','2023-11-19 00:36:35'),(1561,1,'en','plugins/contact/contact','settings.enable_math_captcha','Enable math captcha?','2023-11-19 00:36:35','2023-11-19 00:36:35'),(1562,1,'en','plugins/contact/contact','no_reply','No reply yet!','2023-11-19 00:36:35','2023-11-19 00:36:35'),(1563,1,'en','plugins/contact/contact','reply','Reply','2023-11-19 00:36:35','2023-11-19 00:36:35'),(1564,1,'en','plugins/contact/contact','send','Send','2023-11-19 00:36:35','2023-11-19 00:36:35'),(1565,1,'en','plugins/contact/contact','shortcode_name','Contact form','2023-11-19 00:36:35','2023-11-19 00:36:35'),(1566,1,'en','plugins/contact/contact','shortcode_description','Add a contact form','2023-11-19 00:36:35','2023-11-19 00:36:35'),(1567,1,'en','plugins/contact/contact','shortcode_content_description','Add shortcode [contact-form][/contact-form] to editor?','2023-11-19 00:36:35','2023-11-19 00:36:35'),(1568,1,'en','plugins/contact/contact','message_sent_success','Message sent successfully!','2023-11-19 00:36:35','2023-11-19 00:36:35'),(1569,1,'en','plugins/cookie-consent/cookie-consent','theme_options.name','Cookie Consent','2023-11-19 00:36:35','2023-11-19 00:36:35'),(1570,1,'en','plugins/cookie-consent/cookie-consent','theme_options.description','Cookie consent settings','2023-11-19 00:36:35','2023-11-19 00:36:35'),(1571,1,'en','plugins/cookie-consent/cookie-consent','theme_options.enable','Enable cookie consent?','2023-11-19 00:36:35','2023-11-19 00:36:35'),(1572,1,'en','plugins/cookie-consent/cookie-consent','theme_options.message','Message','2023-11-19 00:36:35','2023-11-19 00:36:35'),(1573,1,'en','plugins/cookie-consent/cookie-consent','theme_options.button_text','Button text','2023-11-19 00:36:35','2023-11-19 00:36:35'),(1574,1,'en','plugins/cookie-consent/cookie-consent','theme_options.max_width','Max width (px)','2023-11-19 00:36:35','2023-11-19 00:36:35'),(1575,1,'en','plugins/cookie-consent/cookie-consent','theme_options.background_color','Background color','2023-11-19 00:36:35','2023-11-19 00:36:35'),(1576,1,'en','plugins/cookie-consent/cookie-consent','theme_options.text_color','Text color','2023-11-19 00:36:35','2023-11-19 00:36:35'),(1577,1,'en','plugins/cookie-consent/cookie-consent','theme_options.learn_more_url','Learn more URL','2023-11-19 00:36:35','2023-11-19 00:36:35'),(1578,1,'en','plugins/cookie-consent/cookie-consent','theme_options.learn_more_text','Learn more text','2023-11-19 00:36:35','2023-11-19 00:36:35'),(1579,1,'en','plugins/cookie-consent/cookie-consent','theme_options.style','Style','2023-11-19 00:36:35','2023-11-19 00:36:35'),(1580,1,'en','plugins/cookie-consent/cookie-consent','theme_options.full_width','Full width','2023-11-19 00:36:35','2023-11-19 00:36:35'),(1581,1,'en','plugins/cookie-consent/cookie-consent','theme_options.minimal','Minimal','2023-11-19 00:36:35','2023-11-19 00:36:35'),(1582,1,'en','plugins/cookie-consent/cookie-consent','message','Your experience on this site will be improved by allowing cookies.','2023-11-19 00:36:35','2023-11-19 00:36:35'),(1583,1,'en','plugins/cookie-consent/cookie-consent','button_text','Allow cookies','2023-11-19 00:36:35','2023-11-19 00:36:35'),(1584,1,'en','plugins/ecommerce/addresses','address','Address','2023-11-19 00:36:35','2023-11-19 00:36:35'),(1585,1,'en','plugins/ecommerce/addresses','addresses','Addresses','2023-11-19 00:36:35','2023-11-19 00:36:35'),(1586,1,'en','plugins/ecommerce/addresses','address_placeholder','Enter address','2023-11-19 00:36:35','2023-11-19 00:36:35'),(1587,1,'en','plugins/ecommerce/addresses','zip','Zip code','2023-11-19 00:36:35','2023-11-19 00:36:35'),(1588,1,'en','plugins/ecommerce/addresses','zip_placeholder','Enter zip code','2023-11-19 00:36:35','2023-11-19 00:36:35'),(1589,1,'en','plugins/ecommerce/addresses','city','City','2023-11-19 00:36:35','2023-11-19 00:36:35'),(1590,1,'en','plugins/ecommerce/addresses','city_placeholder','Enter city','2023-11-19 00:36:35','2023-11-19 00:36:35'),(1591,1,'en','plugins/ecommerce/addresses','state','State','2023-11-19 00:36:35','2023-11-19 00:36:35'),(1592,1,'en','plugins/ecommerce/addresses','state_placeholder','Enter state','2023-11-19 00:36:35','2023-11-19 00:36:35'),(1593,1,'en','plugins/ecommerce/addresses','country','Country','2023-11-19 00:36:35','2023-11-19 00:36:35'),(1594,1,'en','plugins/ecommerce/addresses','use_this_address_as_default','Use this address as default','2023-11-19 00:36:35','2023-11-19 00:36:35'),(1595,1,'en','plugins/ecommerce/addresses','name','Full name','2023-11-19 00:36:35','2023-11-19 00:36:35'),(1596,1,'en','plugins/ecommerce/addresses','name_placeholder','Enter name','2023-11-19 00:36:35','2023-11-19 00:36:35'),(1597,1,'en','plugins/ecommerce/addresses','phone','Phone','2023-11-19 00:36:35','2023-11-19 00:36:35'),(1598,1,'en','plugins/ecommerce/addresses','phone_placeholder','Enter phone','2023-11-19 00:36:35','2023-11-19 00:36:35'),(1599,1,'en','plugins/ecommerce/addresses','email','Email','2023-11-19 00:36:35','2023-11-19 00:36:35'),(1600,1,'en','plugins/ecommerce/addresses','email_placeholder','Enter email','2023-11-19 00:36:35','2023-11-19 00:36:35'),(1601,1,'en','plugins/ecommerce/addresses','select_state','Select state...','2023-11-19 00:36:35','2023-11-19 00:36:35'),(1602,1,'en','plugins/ecommerce/addresses','select_city','Select city...','2023-11-19 00:36:35','2023-11-19 00:36:35'),(1603,1,'en','plugins/ecommerce/addresses','select_country','Select country...','2023-11-19 00:36:35','2023-11-19 00:36:35'),(1604,1,'en','plugins/ecommerce/addresses','add_address','Add Address','2023-11-19 00:36:35','2023-11-19 00:36:35'),(1605,1,'en','plugins/ecommerce/addresses','new_address','New address','2023-11-19 00:36:35','2023-11-19 00:36:35'),(1606,1,'en','plugins/ecommerce/addresses','edit_address','Edit address','2023-11-19 00:36:35','2023-11-19 00:36:35'),(1607,1,'en','plugins/ecommerce/addresses','action','Action','2023-11-19 00:36:35','2023-11-19 00:36:35'),(1608,1,'en','plugins/ecommerce/addresses','add','Add','2023-11-19 00:36:35','2023-11-19 00:36:35'),(1609,1,'en','plugins/ecommerce/addresses','save','Save','2023-11-19 00:36:35','2023-11-19 00:36:35'),(1610,1,'en','plugins/ecommerce/addresses','no_data','No data to display','2023-11-19 00:36:35','2023-11-19 00:36:35'),(1611,1,'en','plugins/ecommerce/addresses','no_option','No option','2023-11-19 00:36:35','2023-11-19 00:36:35'),(1612,1,'en','plugins/ecommerce/brands','name','Brands','2023-11-19 00:36:35','2023-11-19 00:36:35'),(1613,1,'en','plugins/ecommerce/brands','create','New brand','2023-11-19 00:36:35','2023-11-19 00:36:35'),(1614,1,'en','plugins/ecommerce/brands','edit','Edit brand','2023-11-19 00:36:35','2023-11-19 00:36:35'),(1615,1,'en','plugins/ecommerce/brands','form.name','Name','2023-11-19 00:36:35','2023-11-19 00:36:35'),(1616,1,'en','plugins/ecommerce/brands','form.name_placeholder','Brand\'s name (Maximum 255 characters)','2023-11-19 00:36:35','2023-11-19 00:36:35'),(1617,1,'en','plugins/ecommerce/brands','form.description','Description','2023-11-19 00:36:35','2023-11-19 00:36:35'),(1618,1,'en','plugins/ecommerce/brands','form.description_placeholder','Short description for brand (Maximum 400 characters)','2023-11-19 00:36:35','2023-11-19 00:36:35'),(1619,1,'en','plugins/ecommerce/brands','form.website','Website','2023-11-19 00:36:35','2023-11-19 00:36:35'),(1620,1,'en','plugins/ecommerce/brands','form.logo','Logo','2023-11-19 00:36:35','2023-11-19 00:36:35'),(1621,1,'en','plugins/ecommerce/brands','form.is_featured','Is featured','2023-11-19 00:36:35','2023-11-19 00:36:35'),(1622,1,'en','plugins/ecommerce/brands','logo','Logo','2023-11-19 00:36:35','2023-11-19 00:36:35'),(1623,1,'en','plugins/ecommerce/brands','website','Website','2023-11-19 00:36:35','2023-11-19 00:36:35'),(1624,1,'en','plugins/ecommerce/brands','notices.no_select','Please select at least one record to take this action!','2023-11-19 00:36:35','2023-11-19 00:36:35'),(1625,1,'en','plugins/ecommerce/brands','notices.update_success_message','Update successfully','2023-11-19 00:36:35','2023-11-19 00:36:35'),(1626,1,'en','plugins/ecommerce/brands','cannot_delete','Brand could not be deleted','2023-11-19 00:36:35','2023-11-19 00:36:35'),(1627,1,'en','plugins/ecommerce/brands','brand_deleted','Brand deleted','2023-11-19 00:36:35','2023-11-19 00:36:35'),(1628,1,'en','plugins/ecommerce/brands','menu','Brands','2023-11-19 00:36:35','2023-11-19 00:36:35'),(1629,1,'en','plugins/ecommerce/brands','no_brand','No brand','2023-11-19 00:36:35','2023-11-19 00:36:35'),(1630,1,'en','plugins/ecommerce/brands','intro.title','Manage brands','2023-11-19 00:36:35','2023-11-19 00:36:35'),(1631,1,'en','plugins/ecommerce/brands','intro.description','Manage product brands such as Nike, Adidas, Bitis ...','2023-11-19 00:36:35','2023-11-19 00:36:35'),(1632,1,'en','plugins/ecommerce/brands','intro.button_text','Create brand','2023-11-19 00:36:35','2023-11-19 00:36:35'),(1633,1,'en','plugins/ecommerce/bulk-import','name','Bulk Import','2023-11-19 00:36:35','2023-11-19 00:36:35'),(1634,1,'en','plugins/ecommerce/bulk-import','loading_text','Importing','2023-11-19 00:36:35','2023-11-19 00:36:35'),(1635,1,'en','plugins/ecommerce/bulk-import','imported_successfully','Imported successfully.','2023-11-19 00:36:35','2023-11-19 00:36:35'),(1636,1,'en','plugins/ecommerce/bulk-import','please_choose_the_file_mime','Please choose the file mime :types','2023-11-19 00:36:35','2023-11-19 00:36:35'),(1637,1,'en','plugins/ecommerce/bulk-import','please_choose_the_file','Please choose the file','2023-11-19 00:36:35','2023-11-19 00:36:35'),(1638,1,'en','plugins/ecommerce/bulk-import','start_import','Start Import','2023-11-19 00:36:35','2023-11-19 00:36:35'),(1639,1,'en','plugins/ecommerce/bulk-import','note','Note!','2023-11-19 00:36:35','2023-11-19 00:36:35'),(1640,1,'en','plugins/ecommerce/bulk-import','warning_before_importing','If this is your first time using this feature, please read the documentation or contact the Administrator for access to the correct functionality!','2023-11-19 00:36:35','2023-11-19 00:36:35'),(1641,1,'en','plugins/ecommerce/bulk-import','results','Result: :success successes, :failed failures','2023-11-19 00:36:35','2023-11-19 00:36:35'),(1642,1,'en','plugins/ecommerce/bulk-import','failures','Failures','2023-11-19 00:36:35','2023-11-19 00:36:35'),(1643,1,'en','plugins/ecommerce/bulk-import','tables.import','Import','2023-11-19 00:36:35','2023-11-19 00:36:35'),(1644,1,'en','plugins/ecommerce/bulk-import','template','Template','2023-11-19 00:36:35','2023-11-19 00:36:35'),(1645,1,'en','plugins/ecommerce/bulk-import','rules','Rules','2023-11-19 00:36:35','2023-11-19 00:36:35'),(1646,1,'en','plugins/ecommerce/bulk-import','choose_file_with_mime','Choose file with mime: (:types)','2023-11-19 00:36:35','2023-11-19 00:36:35'),(1647,1,'en','plugins/ecommerce/bulk-import','choose_file','Choose file','2023-11-19 00:36:35','2023-11-19 00:36:35'),(1648,1,'en','plugins/ecommerce/bulk-import','menu','Import products','2023-11-19 00:36:35','2023-11-19 00:36:35'),(1649,1,'en','plugins/ecommerce/bulk-import','download-csv-file','Download CSV template','2023-11-19 00:36:35','2023-11-19 00:36:35'),(1650,1,'en','plugins/ecommerce/bulk-import','download-excel-file','Download Excel template','2023-11-19 00:36:35','2023-11-19 00:36:35'),(1651,1,'en','plugins/ecommerce/bulk-import','downloading','Downloading...','2023-11-19 00:36:35','2023-11-19 00:36:35'),(1652,1,'en','plugins/ecommerce/bulk-import','export.template.input_error','Input error','2023-11-19 00:36:35','2023-11-19 00:36:35'),(1653,1,'en','plugins/ecommerce/bulk-import','export.template.number_not_allowed','Number is not allowed!','2023-11-19 00:36:35','2023-11-19 00:36:35'),(1654,1,'en','plugins/ecommerce/bulk-import','export.template.allowed_input','Allowed input','2023-11-19 00:36:35','2023-11-19 00:36:35'),(1655,1,'en','plugins/ecommerce/bulk-import','export.template.prompt_decimal','Only numbers or decimals are accepted and greater than or equal to :min.','2023-11-19 00:36:35','2023-11-19 00:36:35'),(1656,1,'en','plugins/ecommerce/bulk-import','export.template.prompt_whole_number','Only numbers are accepted and greater than or equal to :min.','2023-11-19 00:36:35','2023-11-19 00:36:35'),(1657,1,'en','plugins/ecommerce/bulk-import','export.template.prompt_list','Please pick a value from the drop-down list.','2023-11-19 00:36:35','2023-11-19 00:36:35'),(1658,1,'en','plugins/ecommerce/bulk-import','export.template.pick_from_list','Pick from list','2023-11-19 00:36:36','2023-11-19 00:36:36'),(1659,1,'en','plugins/ecommerce/bulk-import','export.template.value_not_in_list','Value is not in list.','2023-11-19 00:36:36','2023-11-19 00:36:36'),(1660,1,'en','plugins/ecommerce/bulk-import','import_failed_description','Import failed, please check the errors below!','2023-11-19 00:36:36','2023-11-19 00:36:36'),(1661,1,'en','plugins/ecommerce/bulk-import','column','Column','2023-11-19 00:36:36','2023-11-19 00:36:36'),(1662,1,'en','plugins/ecommerce/bulk-import','row','Row','2023-11-19 00:36:36','2023-11-19 00:36:36'),(1663,1,'en','plugins/ecommerce/bulk-import','attribute','Attribute','2023-11-19 00:36:36','2023-11-19 00:36:36'),(1664,1,'en','plugins/ecommerce/bulk-import','errors','Errors','2023-11-19 00:36:36','2023-11-19 00:36:36'),(1665,1,'en','plugins/ecommerce/bulk-import','import_types.name','Import type','2023-11-19 00:36:36','2023-11-19 00:36:36'),(1666,1,'en','plugins/ecommerce/bulk-import','import_types.all','All','2023-11-19 00:36:36','2023-11-19 00:36:36'),(1667,1,'en','plugins/ecommerce/bulk-import','import_types.products','Products','2023-11-19 00:36:36','2023-11-19 00:36:36'),(1668,1,'en','plugins/ecommerce/bulk-import','import_types.variations','Variations','2023-11-19 00:36:36','2023-11-19 00:36:36'),(1669,1,'en','plugins/ecommerce/bulk-import','import_products','Import products','2023-11-19 00:36:36','2023-11-19 00:36:36'),(1670,1,'en','plugins/ecommerce/currency','currencies','Currencies','2023-11-19 00:36:36','2023-11-19 00:36:36'),(1671,1,'en','plugins/ecommerce/currency','setting_description','List of currencies using on website','2023-11-19 00:36:36','2023-11-19 00:36:36'),(1672,1,'en','plugins/ecommerce/currency','name','Name','2023-11-19 00:36:36','2023-11-19 00:36:36'),(1673,1,'en','plugins/ecommerce/currency','symbol','Symbol','2023-11-19 00:36:36','2023-11-19 00:36:36'),(1674,1,'en','plugins/ecommerce/currency','number_of_decimals','Number of decimals','2023-11-19 00:36:36','2023-11-19 00:36:36'),(1675,1,'en','plugins/ecommerce/currency','exchange_rate','Exchange rate','2023-11-19 00:36:36','2023-11-19 00:36:36'),(1676,1,'en','plugins/ecommerce/currency','is_prefix_symbol','Position of symbol','2023-11-19 00:36:36','2023-11-19 00:36:36'),(1677,1,'en','plugins/ecommerce/currency','is_default','Is default?','2023-11-19 00:36:36','2023-11-19 00:36:36'),(1678,1,'en','plugins/ecommerce/currency','remove','Remove','2023-11-19 00:36:36','2023-11-19 00:36:36'),(1679,1,'en','plugins/ecommerce/currency','new_currency','Add a new currency','2023-11-19 00:36:36','2023-11-19 00:36:36'),(1680,1,'en','plugins/ecommerce/currency','save_settings','Save settings','2023-11-19 00:36:36','2023-11-19 00:36:36'),(1681,1,'en','plugins/ecommerce/currency','before_number','Before number','2023-11-19 00:36:36','2023-11-19 00:36:36'),(1682,1,'en','plugins/ecommerce/currency','after_number','After number','2023-11-19 00:36:36','2023-11-19 00:36:36'),(1683,1,'en','plugins/ecommerce/currency','require_at_least_one_currency','The system requires at least one currency!','2023-11-19 00:36:36','2023-11-19 00:36:36'),(1684,1,'en','plugins/ecommerce/currency','enable_auto_detect_visitor_currency','Enable auto-detect visitor currency?','2023-11-19 00:36:36','2023-11-19 00:36:36'),(1685,1,'en','plugins/ecommerce/currency','auto_detect_visitor_currency_description','It detects visitor currency based on browser language. It will override default currency selection.','2023-11-19 00:36:36','2023-11-19 00:36:36'),(1686,1,'en','plugins/ecommerce/currency','add_space_between_price_and_currency','Add a space between price and currency?','2023-11-19 00:36:36','2023-11-19 00:36:36'),(1687,1,'en','plugins/ecommerce/currency','invalid_currency_name','Invalid currency code, it must be in :currencies.','2023-11-19 00:36:36','2023-11-19 00:36:36'),(1688,1,'en','plugins/ecommerce/currency','instruction','Please check list currency code here: https://en.wikipedia.org/wiki/ISO_4217','2023-11-19 00:36:36','2023-11-19 00:36:36'),(1689,1,'en','plugins/ecommerce/currency','code','Code','2023-11-19 00:36:36','2023-11-19 00:36:36'),(1690,1,'en','plugins/ecommerce/currency','api_key','API exchange rates key','2023-11-19 00:36:36','2023-11-19 00:36:36'),(1691,1,'en','plugins/ecommerce/currency','update_currency_rates','Update currency rates','2023-11-19 00:36:36','2023-11-19 00:36:36'),(1692,1,'en','plugins/ecommerce/currency','clear_cache_rates','Clear cache rates','2023-11-19 00:36:36','2023-11-19 00:36:36'),(1693,1,'en','plugins/ecommerce/currency','no_api_key','No API key','2023-11-19 00:36:36','2023-11-19 00:36:36'),(1694,1,'en','plugins/ecommerce/currency','api_key_helper','Get exchange rate API key on :link','2023-11-19 00:36:36','2023-11-19 00:36:36'),(1695,1,'en','plugins/ecommerce/currency','use_exchange_rate_from_api','Use exchange rate from API?','2023-11-19 00:36:36','2023-11-19 00:36:36'),(1696,1,'en','plugins/ecommerce/currency','clear_cache_rates_successfully','Clear cache currency rates successfully.','2023-11-19 00:36:36','2023-11-19 00:36:36'),(1697,1,'en','plugins/ecommerce/customer','name','Customers','2023-11-19 00:36:36','2023-11-19 00:36:36'),(1698,1,'en','plugins/ecommerce/customer','create','Create a customer','2023-11-19 00:36:36','2023-11-19 00:36:36'),(1699,1,'en','plugins/ecommerce/customer','edit','Edit customer \":name\"','2023-11-19 00:36:36','2023-11-19 00:36:36'),(1700,1,'en','plugins/ecommerce/customer','email','Email','2023-11-19 00:36:36','2023-11-19 00:36:36'),(1701,1,'en','plugins/ecommerce/customer','email_placeholder','Ex: example@gmail.com','2023-11-19 00:36:36','2023-11-19 00:36:36'),(1702,1,'en','plugins/ecommerce/customer','password','Password','2023-11-19 00:36:36','2023-11-19 00:36:36'),(1703,1,'en','plugins/ecommerce/customer','change_password','Change password?','2023-11-19 00:36:36','2023-11-19 00:36:36'),(1704,1,'en','plugins/ecommerce/customer','password_confirmation','Password confirmation','2023-11-19 00:36:36','2023-11-19 00:36:36'),(1705,1,'en','plugins/ecommerce/customer','intro.title','Manage customers','2023-11-19 00:36:36','2023-11-19 00:36:36'),(1706,1,'en','plugins/ecommerce/customer','intro.description','When a customer buy your product(s), you will know their order histories.','2023-11-19 00:36:36','2023-11-19 00:36:36'),(1707,1,'en','plugins/ecommerce/customer','intro.button_text','Create customer','2023-11-19 00:36:36','2023-11-19 00:36:36'),(1708,1,'en','plugins/ecommerce/customer','phone','Phone','2023-11-19 00:36:36','2023-11-19 00:36:36'),(1709,1,'en','plugins/ecommerce/customer','phone_placeholder','Phone','2023-11-19 00:36:36','2023-11-19 00:36:36'),(1710,1,'en','plugins/ecommerce/customer','avatar','Avatar','2023-11-19 00:36:36','2023-11-19 00:36:36'),(1711,1,'en','plugins/ecommerce/customer','dob','Date of birth','2023-11-19 00:36:36','2023-11-19 00:36:36'),(1712,1,'en','plugins/ecommerce/customer','statuses.activated','Activated','2023-11-19 00:36:36','2023-11-19 00:36:36'),(1713,1,'en','plugins/ecommerce/customer','statuses.locked','Locked','2023-11-19 00:36:36','2023-11-19 00:36:36'),(1714,1,'en','plugins/ecommerce/customer','email_verified','Email verified?','2023-11-19 00:36:36','2023-11-19 00:36:36'),(1715,1,'en','plugins/ecommerce/customer','verify_email.confirm_heading','Verify email confirmation','2023-11-19 00:36:36','2023-11-19 00:36:36'),(1716,1,'en','plugins/ecommerce/customer','verify_email.confirm_description','Are you sure you want to verify email this customer?','2023-11-19 00:36:36','2023-11-19 00:36:36'),(1717,1,'en','plugins/ecommerce/customer','verify_email.notification','This customer is not verified email yet? :approve_link to verify email.','2023-11-19 00:36:36','2023-11-19 00:36:36'),(1718,1,'en','plugins/ecommerce/customer','verify_email.approve_here','click here','2023-11-19 00:36:36','2023-11-19 00:36:36'),(1719,1,'en','plugins/ecommerce/customer','verify_email.confirm_button','Verify','2023-11-19 00:36:36','2023-11-19 00:36:36'),(1720,1,'en','plugins/ecommerce/discount','name','Discounts','2023-11-19 00:36:36','2023-11-19 00:36:36'),(1721,1,'en','plugins/ecommerce/discount','create','Create discount','2023-11-19 00:36:36','2023-11-19 00:36:36'),(1722,1,'en','plugins/ecommerce/discount','edit','Edit discount','2023-11-19 00:36:36','2023-11-19 00:36:36'),(1723,1,'en','plugins/ecommerce/discount','invalid_coupon','This coupon is invalid or expired!','2023-11-19 00:36:36','2023-11-19 00:36:36'),(1724,1,'en','plugins/ecommerce/discount','cannot_use_same_time_with_other_discount_program','Cannot use this coupon in the same time with other discount program!','2023-11-19 00:36:36','2023-11-19 00:36:36'),(1725,1,'en','plugins/ecommerce/discount','not_used','This coupon is not used yet!','2023-11-19 00:36:36','2023-11-19 00:36:36'),(1726,1,'en','plugins/ecommerce/discount','detail','Detail','2023-11-19 00:36:36','2023-11-19 00:36:36'),(1727,1,'en','plugins/ecommerce/discount','used','Used','2023-11-19 00:36:36','2023-11-19 00:36:36'),(1728,1,'en','plugins/ecommerce/discount','intro.title','Manage discount/coupon code','2023-11-19 00:36:36','2023-11-19 00:36:36'),(1729,1,'en','plugins/ecommerce/discount','intro.description','Create coupon code or promotion for your products.','2023-11-19 00:36:36','2023-11-19 00:36:36'),(1730,1,'en','plugins/ecommerce/discount','intro.button_text','Create discount','2023-11-19 00:36:36','2023-11-19 00:36:36'),(1731,1,'en','plugins/ecommerce/discount','expired','Expired','2023-11-19 00:36:36','2023-11-19 00:36:36'),(1732,1,'en','plugins/ecommerce/discount','discount_promotion','Discount promotion','2023-11-19 00:36:36','2023-11-19 00:36:36'),(1733,1,'en','plugins/ecommerce/discount','can','can','2023-11-19 00:36:36','2023-11-19 00:36:36'),(1734,1,'en','plugins/ecommerce/discount','cannot','cannot','2023-11-19 00:36:36','2023-11-19 00:36:36'),(1735,1,'en','plugins/ecommerce/discount','use_with_promotion','be used with promotion','2023-11-19 00:36:36','2023-11-19 00:36:36'),(1736,1,'en','plugins/ecommerce/discount','create_discount_validate_title_required_if','Please enter the name of the promotion','2023-11-19 00:36:36','2023-11-19 00:36:36'),(1737,1,'en','plugins/ecommerce/discount','create_discount_validate_code_required_if','Please enter the promotion code','2023-11-19 00:36:36','2023-11-19 00:36:36'),(1738,1,'en','plugins/ecommerce/discount','create_discount_validate_value_required','Amount must be greater than 0','2023-11-19 00:36:36','2023-11-19 00:36:36'),(1739,1,'en','plugins/ecommerce/discount','create_discount_validate_target_required','No object selected for promotion','2023-11-19 00:36:36','2023-11-19 00:36:36'),(1740,1,'en','plugins/ecommerce/discount','enums.type-options.amount','Amount - Fixed','2023-11-19 00:36:36','2023-11-19 00:36:36'),(1741,1,'en','plugins/ecommerce/discount','enums.type-options.percentage','Discount %','2023-11-19 00:36:36','2023-11-19 00:36:36'),(1742,1,'en','plugins/ecommerce/discount','enums.type-options.shipping','Free shipping','2023-11-19 00:36:36','2023-11-19 00:36:36'),(1743,1,'en','plugins/ecommerce/discount','enums.type-options.same-price','Same price','2023-11-19 00:36:36','2023-11-19 00:36:36'),(1744,1,'en','plugins/ecommerce/discount','enums.types.coupon','Coupon','2023-11-19 00:36:36','2023-11-19 00:36:36'),(1745,1,'en','plugins/ecommerce/discount','enums.types.promotion','Promotion','2023-11-19 00:36:36','2023-11-19 00:36:36'),(1746,1,'en','plugins/ecommerce/discount','enums.targets.all-orders','All orders','2023-11-19 00:36:36','2023-11-19 00:36:36'),(1747,1,'en','plugins/ecommerce/discount','enums.targets.customer','Customer','2023-11-19 00:36:36','2023-11-19 00:36:36'),(1748,1,'en','plugins/ecommerce/discount','enums.targets.amount-minimum-order','Minimum order amount','2023-11-19 00:36:36','2023-11-19 00:36:36'),(1749,1,'en','plugins/ecommerce/discount','enums.targets.product-variant','Product variant','2023-11-19 00:36:36','2023-11-19 00:36:36'),(1750,1,'en','plugins/ecommerce/discount','enums.targets.group-products','Product collections','2023-11-19 00:36:36','2023-11-19 00:36:36'),(1751,1,'en','plugins/ecommerce/discount','enums.targets.specific-product','Specific product','2023-11-19 00:36:36','2023-11-19 00:36:36'),(1752,1,'en','plugins/ecommerce/discount','discount','Discount','2023-11-19 00:36:36','2023-11-19 00:36:36'),(1753,1,'en','plugins/ecommerce/discount','create_coupon_code','Create coupon code','2023-11-19 00:36:36','2023-11-19 00:36:36'),(1754,1,'en','plugins/ecommerce/discount','create_discount_promotion','Create discount promotion','2023-11-19 00:36:36','2023-11-19 00:36:36'),(1755,1,'en','plugins/ecommerce/discount','generate_coupon_code','Generate coupon code','2023-11-19 00:36:36','2023-11-19 00:36:36'),(1756,1,'en','plugins/ecommerce/discount','customers_will_enter_this_coupon_code_when_they_checkout','Customers will enter this coupon code when they checkout','2023-11-19 00:36:36','2023-11-19 00:36:36'),(1757,1,'en','plugins/ecommerce/discount','select_type_of_discount','Select type of discount','2023-11-19 00:36:36','2023-11-19 00:36:36'),(1758,1,'en','plugins/ecommerce/discount','coupon_code','Coupon code','2023-11-19 00:36:36','2023-11-19 00:36:36'),(1759,1,'en','plugins/ecommerce/discount','promotion','Promotion','2023-11-19 00:36:36','2023-11-19 00:36:36'),(1760,1,'en','plugins/ecommerce/discount','can_be_used_with_promotion','Can be used with promotion?','2023-11-19 00:36:36','2023-11-19 00:36:36'),(1761,1,'en','plugins/ecommerce/discount','unlimited_coupon','Unlimited coupon?','2023-11-19 00:36:36','2023-11-19 00:36:36'),(1762,1,'en','plugins/ecommerce/discount','enter_number','Enter number','2023-11-19 00:36:36','2023-11-19 00:36:36'),(1763,1,'en','plugins/ecommerce/discount','coupon_type','Coupon type','2023-11-19 00:36:36','2023-11-19 00:36:36'),(1764,1,'en','plugins/ecommerce/discount','percentage_discount','Percentage discount (%)','2023-11-19 00:36:36','2023-11-19 00:36:36'),(1765,1,'en','plugins/ecommerce/discount','free_shipping','Free shipping','2023-11-19 00:36:36','2023-11-19 00:36:36'),(1766,1,'en','plugins/ecommerce/discount','same_price','Same price','2023-11-19 00:36:36','2023-11-19 00:36:36'),(1767,1,'en','plugins/ecommerce/discount','apply_for','apply for','2023-11-19 00:36:36','2023-11-19 00:36:36'),(1768,1,'en','plugins/ecommerce/discount','all_orders','All orders','2023-11-19 00:36:36','2023-11-19 00:36:36'),(1769,1,'en','plugins/ecommerce/discount','order_amount_from','Order amount from','2023-11-19 00:36:36','2023-11-19 00:36:36'),(1770,1,'en','plugins/ecommerce/discount','product_collection','Product collection','2023-11-19 00:36:36','2023-11-19 00:36:36'),(1771,1,'en','plugins/ecommerce/discount','product_category','Product category','2023-11-19 00:36:36','2023-11-19 00:36:36'),(1772,1,'en','plugins/ecommerce/discount','product','Product','2023-11-19 00:36:36','2023-11-19 00:36:36'),(1773,1,'en','plugins/ecommerce/discount','customer','Customer','2023-11-19 00:36:36','2023-11-19 00:36:36'),(1774,1,'en','plugins/ecommerce/discount','variant','Variant','2023-11-19 00:36:37','2023-11-19 00:36:37'),(1775,1,'en','plugins/ecommerce/discount','search_product','Search product','2023-11-19 00:36:37','2023-11-19 00:36:37'),(1776,1,'en','plugins/ecommerce/discount','no_products_found','No products found!','2023-11-19 00:36:37','2023-11-19 00:36:37'),(1777,1,'en','plugins/ecommerce/discount','search_customer','Search customer','2023-11-19 00:36:37','2023-11-19 00:36:37'),(1778,1,'en','plugins/ecommerce/discount','no_customer_found','No customer found!','2023-11-19 00:36:37','2023-11-19 00:36:37'),(1779,1,'en','plugins/ecommerce/discount','one_time_per_order','One time per order','2023-11-19 00:36:37','2023-11-19 00:36:37'),(1780,1,'en','plugins/ecommerce/discount','one_time_per_product_in_cart','One time per product in cart','2023-11-19 00:36:37','2023-11-19 00:36:37'),(1781,1,'en','plugins/ecommerce/discount','number_of_products','Number of products required to apply','2023-11-19 00:36:37','2023-11-19 00:36:37'),(1782,1,'en','plugins/ecommerce/discount','selected_products','Selected products','2023-11-19 00:36:37','2023-11-19 00:36:37'),(1783,1,'en','plugins/ecommerce/discount','selected_customers','Selected customers','2023-11-19 00:36:37','2023-11-19 00:36:37'),(1784,1,'en','plugins/ecommerce/discount','time','Time','2023-11-19 00:36:37','2023-11-19 00:36:37'),(1785,1,'en','plugins/ecommerce/discount','start_date','Start date','2023-11-19 00:36:37','2023-11-19 00:36:37'),(1786,1,'en','plugins/ecommerce/discount','end_date','End date','2023-11-19 00:36:37','2023-11-19 00:36:37'),(1787,1,'en','plugins/ecommerce/discount','never_expired','Never expired?','2023-11-19 00:36:37','2023-11-19 00:36:37'),(1788,1,'en','plugins/ecommerce/discount','save','Save','2023-11-19 00:36:37','2023-11-19 00:36:37'),(1789,1,'en','plugins/ecommerce/discount','enter_promotion_name','Enter promotion name','2023-11-19 00:36:37','2023-11-19 00:36:37'),(1790,1,'en','plugins/ecommerce/discount','enter_coupon_name','Enter coupon name','2023-11-19 00:36:37','2023-11-19 00:36:37'),(1791,1,'en','plugins/ecommerce/discount','cancel','Cancel','2023-11-19 00:36:37','2023-11-19 00:36:37'),(1792,1,'en','plugins/ecommerce/discount','is','Is','2023-11-19 00:36:37','2023-11-19 00:36:37'),(1793,1,'en','plugins/ecommerce/discount','when_shipping_fee_less_than','when shipping fee less than','2023-11-19 00:36:37','2023-11-19 00:36:37'),(1794,1,'en','plugins/ecommerce/discount','minimum_order_amount_error','You are under :minimum_amount to apply the coupon, you must add :add_more more items to your cart','2023-11-19 00:36:37','2023-11-19 00:36:37'),(1795,1,'en','plugins/ecommerce/discount','once_per_customer','Once per customer','2023-11-19 00:36:37','2023-11-19 00:36:37'),(1796,1,'en','plugins/ecommerce/discount','you_need_login_to_use_coupon_code','You need to login to use this coupon code','2023-11-19 00:36:37','2023-11-19 00:36:37'),(1797,1,'en','plugins/ecommerce/discount','you_used_coupon_code','You have already used this coupon code','2023-11-19 00:36:37','2023-11-19 00:36:37'),(1798,1,'en','plugins/ecommerce/discount','customer_used_coupon_code','Customers who have used this discount code','2023-11-19 00:36:37','2023-11-19 00:36:37'),(1799,1,'en','plugins/ecommerce/discount','apply_via_url','Apply via URL?','2023-11-19 00:36:37','2023-11-19 00:36:37'),(1800,1,'en','plugins/ecommerce/discount','apply_via_url_description','This setting will apply coupon code when customers access the URL with the parameter \"?coupon=code\".','2023-11-19 00:36:37','2023-11-19 00:36:37'),(1801,1,'en','plugins/ecommerce/ecommerce','settings','Settings','2023-11-19 00:36:37','2023-11-19 00:36:37'),(1802,1,'en','plugins/ecommerce/ecommerce','name','Ecommerce','2023-11-19 00:36:37','2023-11-19 00:36:37'),(1803,1,'en','plugins/ecommerce/ecommerce','setting.email.title','E-commerce','2023-11-19 00:36:37','2023-11-19 00:36:37'),(1804,1,'en','plugins/ecommerce/ecommerce','setting.email.description','Ecommerce email config','2023-11-19 00:36:37','2023-11-19 00:36:37'),(1805,1,'en','plugins/ecommerce/ecommerce','setting.email.order_confirm_subject','Subject of order confirmation email','2023-11-19 00:36:37','2023-11-19 00:36:37'),(1806,1,'en','plugins/ecommerce/ecommerce','setting.email.order_confirm_subject_placeholder','The subject of email confirmation send to the customer','2023-11-19 00:36:37','2023-11-19 00:36:37'),(1807,1,'en','plugins/ecommerce/ecommerce','setting.email.order_confirm_content','Content of order confirmation email','2023-11-19 00:36:37','2023-11-19 00:36:37'),(1808,1,'en','plugins/ecommerce/ecommerce','setting.email.order_status_change_subject','Subject of email when changing order\'s status','2023-11-19 00:36:37','2023-11-19 00:36:37'),(1809,1,'en','plugins/ecommerce/ecommerce','setting.email.order_status_change_subject_placeholder','Subject of email when changing order\'s status send to customer','2023-11-19 00:36:37','2023-11-19 00:36:37'),(1810,1,'en','plugins/ecommerce/ecommerce','setting.email.order_status_change_content','Content of email when changing order\'s status','2023-11-19 00:36:37','2023-11-19 00:36:37'),(1811,1,'en','plugins/ecommerce/ecommerce','setting.email.from_email','Email from','2023-11-19 00:36:37','2023-11-19 00:36:37'),(1812,1,'en','plugins/ecommerce/ecommerce','setting.email.from_email_placeholder','Email from address to display in mail. Ex: example@gmail.com','2023-11-19 00:36:37','2023-11-19 00:36:37'),(1813,1,'en','plugins/ecommerce/ecommerce','setting.title','Basic information','2023-11-19 00:36:37','2023-11-19 00:36:37'),(1814,1,'en','plugins/ecommerce/ecommerce','setting.state','State','2023-11-19 00:36:37','2023-11-19 00:36:37'),(1815,1,'en','plugins/ecommerce/ecommerce','setting.city','City','2023-11-19 00:36:37','2023-11-19 00:36:37'),(1816,1,'en','plugins/ecommerce/ecommerce','setting.country','Country','2023-11-19 00:36:37','2023-11-19 00:36:37'),(1817,1,'en','plugins/ecommerce/ecommerce','setting.weight_unit_gram','Gram (g)','2023-11-19 00:36:37','2023-11-19 00:36:37'),(1818,1,'en','plugins/ecommerce/ecommerce','setting.weight_unit_kilogram','Kilogram (kg)','2023-11-19 00:36:37','2023-11-19 00:36:37'),(1819,1,'en','plugins/ecommerce/ecommerce','setting.weight_unit_lb','Pound (lb)','2023-11-19 00:36:37','2023-11-19 00:36:37'),(1820,1,'en','plugins/ecommerce/ecommerce','setting.weight_unit_oz','Ounce (oz)','2023-11-19 00:36:37','2023-11-19 00:36:37'),(1821,1,'en','plugins/ecommerce/ecommerce','setting.height_unit_cm','Centimeter (cm)','2023-11-19 00:36:37','2023-11-19 00:36:37'),(1822,1,'en','plugins/ecommerce/ecommerce','setting.height_unit_m','Meter (m)','2023-11-19 00:36:37','2023-11-19 00:36:37'),(1823,1,'en','plugins/ecommerce/ecommerce','setting.height_unit_inch','Inch','2023-11-19 00:36:37','2023-11-19 00:36:37'),(1824,1,'en','plugins/ecommerce/ecommerce','setting.store_locator_title','Store locators','2023-11-19 00:36:37','2023-11-19 00:36:37'),(1825,1,'en','plugins/ecommerce/ecommerce','setting.store_locator_description','All the lists of your chains, main stores, branches, etc. The locations can be used to track sales and to help us configure tax rates to charge when selling products.','2023-11-19 00:36:37','2023-11-19 00:36:37'),(1826,1,'en','plugins/ecommerce/ecommerce','setting.phone','Phone','2023-11-19 00:36:37','2023-11-19 00:36:37'),(1827,1,'en','plugins/ecommerce/ecommerce','setting.email_address','Email','2023-11-19 00:36:37','2023-11-19 00:36:37'),(1828,1,'en','plugins/ecommerce/ecommerce','setting.address','Address','2023-11-19 00:36:37','2023-11-19 00:36:37'),(1829,1,'en','plugins/ecommerce/ecommerce','setting.is_primary','Primary?','2023-11-19 00:36:37','2023-11-19 00:36:37'),(1830,1,'en','plugins/ecommerce/ecommerce','setting.add_new','Add new','2023-11-19 00:36:37','2023-11-19 00:36:37'),(1831,1,'en','plugins/ecommerce/ecommerce','setting.or','Or','2023-11-19 00:36:37','2023-11-19 00:36:37'),(1832,1,'en','plugins/ecommerce/ecommerce','setting.change_primary_store','change default store locator','2023-11-19 00:36:37','2023-11-19 00:36:37'),(1833,1,'en','plugins/ecommerce/ecommerce','setting.other_settings','Other settings','2023-11-19 00:36:37','2023-11-19 00:36:37'),(1834,1,'en','plugins/ecommerce/ecommerce','setting.other_settings_description','Settings for cart, review...','2023-11-19 00:36:37','2023-11-19 00:36:37'),(1835,1,'en','plugins/ecommerce/ecommerce','setting.enable_cart','Enable shopping cart?','2023-11-19 00:36:37','2023-11-19 00:36:37'),(1836,1,'en','plugins/ecommerce/ecommerce','setting.enable_tax','Enable tax?','2023-11-19 00:36:37','2023-11-19 00:36:37'),(1837,1,'en','plugins/ecommerce/ecommerce','setting.display_product_price_including_taxes','Display product price including taxes?','2023-11-19 00:36:37','2023-11-19 00:36:37'),(1838,1,'en','plugins/ecommerce/ecommerce','setting.enable_review','Enable review?','2023-11-19 00:36:37','2023-11-19 00:36:37'),(1839,1,'en','plugins/ecommerce/ecommerce','setting.enable_quick_buy_button','Enable quick buy button?','2023-11-19 00:36:37','2023-11-19 00:36:37'),(1840,1,'en','plugins/ecommerce/ecommerce','setting.quick_buy_target','Quick buy target page?','2023-11-19 00:36:37','2023-11-19 00:36:37'),(1841,1,'en','plugins/ecommerce/ecommerce','setting.checkout_page','Checkout page','2023-11-19 00:36:37','2023-11-19 00:36:37'),(1842,1,'en','plugins/ecommerce/ecommerce','setting.cart_page','Cart page','2023-11-19 00:36:37','2023-11-19 00:36:37'),(1843,1,'en','plugins/ecommerce/ecommerce','setting.add_location','Add location','2023-11-19 00:36:37','2023-11-19 00:36:37'),(1844,1,'en','plugins/ecommerce/ecommerce','setting.edit_location','Edit location','2023-11-19 00:36:37','2023-11-19 00:36:37'),(1845,1,'en','plugins/ecommerce/ecommerce','setting.delete_location','Delete location','2023-11-19 00:36:37','2023-11-19 00:36:37'),(1846,1,'en','plugins/ecommerce/ecommerce','setting.change_primary_location','Change primary location','2023-11-19 00:36:37','2023-11-19 00:36:37'),(1847,1,'en','plugins/ecommerce/ecommerce','setting.delete_location_confirmation','Are you sure you want to delete this location? This action cannot be undo.','2023-11-19 00:36:37','2023-11-19 00:36:37'),(1848,1,'en','plugins/ecommerce/ecommerce','setting.save_location','Save location','2023-11-19 00:36:37','2023-11-19 00:36:37'),(1849,1,'en','plugins/ecommerce/ecommerce','setting.accept','Accept','2023-11-19 00:36:37','2023-11-19 00:36:37'),(1850,1,'en','plugins/ecommerce/ecommerce','setting.select_country','Select country...','2023-11-19 00:36:37','2023-11-19 00:36:37'),(1851,1,'en','plugins/ecommerce/ecommerce','setting.zip_code_enabled','Enable Zip Code?','2023-11-19 00:36:37','2023-11-19 00:36:37'),(1852,1,'en','plugins/ecommerce/ecommerce','setting.thousands_separator','Thousands separator','2023-11-19 00:36:37','2023-11-19 00:36:37'),(1853,1,'en','plugins/ecommerce/ecommerce','setting.decimal_separator','Decimal separator','2023-11-19 00:36:37','2023-11-19 00:36:37'),(1854,1,'en','plugins/ecommerce/ecommerce','setting.separator_period','Period (.)','2023-11-19 00:36:37','2023-11-19 00:36:37'),(1855,1,'en','plugins/ecommerce/ecommerce','setting.separator_comma','Comma (,)','2023-11-19 00:36:37','2023-11-19 00:36:37'),(1856,1,'en','plugins/ecommerce/ecommerce','setting.separator_space','Space ( )','2023-11-19 00:36:37','2023-11-19 00:36:37'),(1857,1,'en','plugins/ecommerce/ecommerce','setting.available_countries','Available countries','2023-11-19 00:36:37','2023-11-19 00:36:37'),(1858,1,'en','plugins/ecommerce/ecommerce','setting.all','All','2023-11-19 00:36:37','2023-11-19 00:36:37'),(1859,1,'en','plugins/ecommerce/ecommerce','setting.verify_customer_email','Verify customer\'s email?','2023-11-19 00:36:37','2023-11-19 00:36:37'),(1860,1,'en','plugins/ecommerce/ecommerce','setting.minimum_order_amount','Minimum order amount to place an order (:currency).','2023-11-19 00:36:37','2023-11-19 00:36:37'),(1861,1,'en','plugins/ecommerce/ecommerce','setting.enable_guest_checkout','Enable guest checkout?','2023-11-19 00:36:37','2023-11-19 00:36:37'),(1862,1,'en','plugins/ecommerce/ecommerce','setting.show_number_of_products','Show number of products in the product single','2023-11-19 00:36:37','2023-11-19 00:36:37'),(1863,1,'en','plugins/ecommerce/ecommerce','setting.payment_method_cod_minimum_amount','Minimum order amount - :currency (Optional)','2023-11-19 00:36:37','2023-11-19 00:36:37'),(1864,1,'en','plugins/ecommerce/ecommerce','setting.review.max_file_size','Review max file size (MB)','2023-11-19 00:36:37','2023-11-19 00:36:37'),(1865,1,'en','plugins/ecommerce/ecommerce','setting.review.max_file_number','Review max file number','2023-11-19 00:36:37','2023-11-19 00:36:37'),(1866,1,'en','plugins/ecommerce/ecommerce','setting.using_custom_font_for_invoice','Using custom font for invoice?','2023-11-19 00:36:37','2023-11-19 00:36:37'),(1867,1,'en','plugins/ecommerce/ecommerce','setting.invoice_font_family','Invoice font family (Only work for Latin language)','2023-11-19 00:36:37','2023-11-19 00:36:37'),(1868,1,'en','plugins/ecommerce/ecommerce','setting.enable_invoice_stamp','Enable invoice stamp?','2023-11-19 00:36:37','2023-11-19 00:36:37'),(1869,1,'en','plugins/ecommerce/ecommerce','setting.invoice_support_arabic_language','Support Arabic language in invoice?','2023-11-19 00:36:37','2023-11-19 00:36:37'),(1870,1,'en','plugins/ecommerce/ecommerce','setting.disable_order_invoice_until_order_confirmed','Disable order invoice until order confirmed?','2023-11-19 00:36:37','2023-11-19 00:36:37'),(1871,1,'en','plugins/ecommerce/ecommerce','setting.vat_number','VAT number','2023-11-19 00:36:37','2023-11-19 00:36:37'),(1872,1,'en','plugins/ecommerce/ecommerce','setting.tax_id','Tax ID','2023-11-19 00:36:37','2023-11-19 00:36:37'),(1873,1,'en','plugins/ecommerce/ecommerce','setting.enable_recaptcha_in_register_page','Enable Recaptcha in the registration page?','2023-11-19 00:36:37','2023-11-19 00:36:37'),(1874,1,'en','plugins/ecommerce/ecommerce','setting.enable_math_captcha_in_register_page','Enable Math captcha in the registration page?','2023-11-19 00:36:37','2023-11-19 00:36:37'),(1875,1,'en','plugins/ecommerce/ecommerce','setting.enable_recaptcha_in_register_page_description','Need to setup Captcha in Admin -> Settings -> General first.','2023-11-19 00:36:37','2023-11-19 00:36:37'),(1876,1,'en','plugins/ecommerce/ecommerce','setting.show_out_of_stock_products','Show out of stock products?','2023-11-19 00:36:37','2023-11-19 00:36:37'),(1877,1,'en','plugins/ecommerce/ecommerce','setting.default_tax_rate','Default tax rate','2023-11-19 00:36:37','2023-11-19 00:36:37'),(1878,1,'en','plugins/ecommerce/ecommerce','setting.default_tax_rate_description','Important: it will be applied if no tax selected in product.','2023-11-19 00:36:37','2023-11-19 00:36:37'),(1879,1,'en','plugins/ecommerce/ecommerce','setting.how_to_display_product_variation_images','How to display product variation images?','2023-11-19 00:36:37','2023-11-19 00:36:37'),(1880,1,'en','plugins/ecommerce/ecommerce','setting.only_variation_images','Only variation images','2023-11-19 00:36:37','2023-11-19 00:36:37'),(1881,1,'en','plugins/ecommerce/ecommerce','setting.variation_images_and_main_product_images','Variation images + main product images','2023-11-19 00:36:37','2023-11-19 00:36:37'),(1882,1,'en','plugins/ecommerce/ecommerce','setting.load_countries_states_cities_from_location_plugin','Load countries, states, cities from plugin location?','2023-11-19 00:36:37','2023-11-19 00:36:37'),(1883,1,'en','plugins/ecommerce/ecommerce','setting.load_countries_states_cities_from_location_plugin_placeholder','After changing this option, you need to update all addresses again. You should set it once.','2023-11-19 00:36:37','2023-11-19 00:36:37'),(1884,1,'en','plugins/ecommerce/ecommerce','setting.enable_wishlist','Enable wishlist?','2023-11-19 00:36:37','2023-11-19 00:36:37'),(1885,1,'en','plugins/ecommerce/ecommerce','setting.enable_compare','Enable compare?','2023-11-19 00:36:37','2023-11-19 00:36:37'),(1886,1,'en','plugins/ecommerce/ecommerce','setting.enable_order_tracking','Enable order tracking?','2023-11-19 00:36:37','2023-11-19 00:36:37'),(1887,1,'en','plugins/ecommerce/ecommerce','setting.recently_viewed.enable','Enable customer recently viewed products?','2023-11-19 00:36:37','2023-11-19 00:36:37'),(1888,1,'en','plugins/ecommerce/ecommerce','setting.recently_viewed.max','Maximum number of customer recently viewed products','2023-11-19 00:36:37','2023-11-19 00:36:37'),(1889,1,'en','plugins/ecommerce/ecommerce','setting.recently_viewed.max_helper','If you set 0, it will save all products.','2023-11-19 00:36:37','2023-11-19 00:36:37'),(1890,1,'en','plugins/ecommerce/ecommerce','setting.search_products','Search products','2023-11-19 00:36:37','2023-11-19 00:36:37'),(1891,1,'en','plugins/ecommerce/ecommerce','setting.search_products_description','Config rules to search products','2023-11-19 00:36:37','2023-11-19 00:36:37'),(1892,1,'en','plugins/ecommerce/ecommerce','setting.search_for_an_exact_phrase','Search for an exact phrase?','2023-11-19 00:36:37','2023-11-19 00:36:37'),(1893,1,'en','plugins/ecommerce/ecommerce','setting.search_products_by','Search products by:','2023-11-19 00:36:37','2023-11-19 00:36:37'),(1894,1,'en','plugins/ecommerce/ecommerce','setting.tracking_settings','Tracking settings','2023-11-19 00:36:37','2023-11-19 00:36:37'),(1895,1,'en','plugins/ecommerce/ecommerce','setting.tracking_settings_description','Manage tracking: UTM, Facebook, Google Tag Manager...','2023-11-19 00:36:37','2023-11-19 00:36:37'),(1896,1,'en','plugins/ecommerce/ecommerce','setting.enable_facebook_pixel','Enable Facebook Pixel (Meta Pixel)?','2023-11-19 00:36:37','2023-11-19 00:36:37'),(1897,1,'en','plugins/ecommerce/ecommerce','setting.facebook_pixel_id','Facebook Pixel ID','2023-11-19 00:36:37','2023-11-19 00:36:37'),(1898,1,'en','plugins/ecommerce/ecommerce','setting.facebook_pixel_helper','Go to https://developers.facebook.com/docs/meta-pixel to create Facebook Pixel.','2023-11-19 00:36:37','2023-11-19 00:36:37'),(1899,1,'en','plugins/ecommerce/ecommerce','setting.enable_google_tag_manager','Enable Google Tag Manager?','2023-11-19 00:36:38','2023-11-19 00:36:38'),(1900,1,'en','plugins/ecommerce/ecommerce','setting.google_tag_manager_code','Google Tag Manager code','2023-11-19 00:36:38','2023-11-19 00:36:38'),(1901,1,'en','plugins/ecommerce/ecommerce','setting.google_tag_manager_helper','Go to https://ads.google.com/aw/conversions to create Google Ads Conversions.','2023-11-19 00:36:38','2023-11-19 00:36:38'),(1902,1,'en','plugins/ecommerce/ecommerce','setting.webhook','Webhook','2023-11-19 00:36:38','2023-11-19 00:36:38'),(1903,1,'en','plugins/ecommerce/ecommerce','setting.webhook_description','Send webhook when order placed.','2023-11-19 00:36:38','2023-11-19 00:36:38'),(1904,1,'en','plugins/ecommerce/ecommerce','setting.shipping','Shipping','2023-11-19 00:36:38','2023-11-19 00:36:38'),(1905,1,'en','plugins/ecommerce/ecommerce','setting.shipping_description','Settings for shipping','2023-11-19 00:36:38','2023-11-19 00:36:38'),(1906,1,'en','plugins/ecommerce/ecommerce','setting.hide_other_shipping_options_if_it_has_free_shipping','Hide other shipping options if it has free shipping in the list?','2023-11-19 00:36:38','2023-11-19 00:36:38'),(1907,1,'en','plugins/ecommerce/ecommerce','setting.order_placed_webhook_url','Order placed webhook URL (method: POST)','2023-11-19 00:36:38','2023-11-19 00:36:38'),(1908,1,'en','plugins/ecommerce/ecommerce','setting.return_request','Return Request','2023-11-19 00:36:38','2023-11-19 00:36:38'),(1909,1,'en','plugins/ecommerce/ecommerce','setting.return_request_description','Number of days a customer can request a return after the order is completed.','2023-11-19 00:36:38','2023-11-19 00:36:38'),(1910,1,'en','plugins/ecommerce/ecommerce','setting.returnable_days','Refundable days','2023-11-19 00:36:38','2023-11-19 00:36:38'),(1911,1,'en','plugins/ecommerce/ecommerce','setting.billing_address_enabled','Enable billing address?','2023-11-19 00:36:38','2023-11-19 00:36:38'),(1912,1,'en','plugins/ecommerce/ecommerce','setting.activate_custom_return_product_quantity','Activate custom return product quantity?','2023-11-19 00:36:38','2023-11-19 00:36:38'),(1913,1,'en','plugins/ecommerce/ecommerce','setting.allow_partial_return','Allow partial return?','2023-11-19 00:36:38','2023-11-19 00:36:38'),(1914,1,'en','plugins/ecommerce/ecommerce','setting.allow_partial_return_description','Customer can return a few products, do not need to return all products in an order.','2023-11-19 00:36:38','2023-11-19 00:36:38'),(1915,1,'en','plugins/ecommerce/ecommerce','setting.activate_custom_return_product_quantity_description','Allow customer to change the quantity of the product they want to return.','2023-11-19 00:36:38','2023-11-19 00:36:38'),(1916,1,'en','plugins/ecommerce/ecommerce','setting.digital_product','Digital product','2023-11-19 00:36:38','2023-11-19 00:36:38'),(1917,1,'en','plugins/ecommerce/ecommerce','setting.digital_product_title','Is enabled to support the digital products?','2023-11-19 00:36:38','2023-11-19 00:36:38'),(1918,1,'en','plugins/ecommerce/ecommerce','setting.allow_guest_checkout_for_digital_products','Allow guest checkout for digital products?','2023-11-19 00:36:38','2023-11-19 00:36:38'),(1919,1,'en','plugins/ecommerce/ecommerce','setting.company_settings','Company settings','2023-11-19 00:36:38','2023-11-19 00:36:38'),(1920,1,'en','plugins/ecommerce/ecommerce','setting.company_settings_description','Settings Company information for invoicing','2023-11-19 00:36:38','2023-11-19 00:36:38'),(1921,1,'en','plugins/ecommerce/ecommerce','setting.company_name','Company name','2023-11-19 00:36:38','2023-11-19 00:36:38'),(1922,1,'en','plugins/ecommerce/ecommerce','setting.company_address','Company address','2023-11-19 00:36:38','2023-11-19 00:36:38'),(1923,1,'en','plugins/ecommerce/ecommerce','setting.company_zipcode','Company zipcode','2023-11-19 00:36:38','2023-11-19 00:36:38'),(1924,1,'en','plugins/ecommerce/ecommerce','setting.company_email','Company email','2023-11-19 00:36:38','2023-11-19 00:36:38'),(1925,1,'en','plugins/ecommerce/ecommerce','setting.company_phone','Company phone','2023-11-19 00:36:38','2023-11-19 00:36:38'),(1926,1,'en','plugins/ecommerce/ecommerce','setting.company_logo','Company logo','2023-11-19 00:36:38','2023-11-19 00:36:38'),(1927,1,'en','plugins/ecommerce/ecommerce','setting.company_tax_id','Company tax ID','2023-11-19 00:36:38','2023-11-19 00:36:38'),(1928,1,'en','plugins/ecommerce/ecommerce','setting.invoice_code_prefix','Invoice code prefix','2023-11-19 00:36:38','2023-11-19 00:36:38'),(1929,1,'en','plugins/ecommerce/ecommerce','setting.only_allow_customers_purchased_to_review','Only customers who have purchased the product can review the product?','2023-11-19 00:36:38','2023-11-19 00:36:38'),(1930,1,'en','plugins/ecommerce/ecommerce','setting.enable_order_auto_confirmed','Auto confirm order?','2023-11-19 00:36:38','2023-11-19 00:36:38'),(1931,1,'en','plugins/ecommerce/ecommerce','setting.is_enabled_order_return','Is enabled order return?','2023-11-19 00:36:38','2023-11-19 00:36:38'),(1932,1,'en','plugins/ecommerce/ecommerce','setting.is_enabled_product_options','Is enabled product options?','2023-11-19 00:36:38','2023-11-19 00:36:38'),(1933,1,'en','plugins/ecommerce/ecommerce','setting.exchange_rate.choose_api_provider','Choose API provider','2023-11-19 00:36:38','2023-11-19 00:36:38'),(1934,1,'en','plugins/ecommerce/ecommerce','setting.exchange_rate.select','-- Select --','2023-11-19 00:36:38','2023-11-19 00:36:38'),(1935,1,'en','plugins/ecommerce/ecommerce','setting.exchange_rate.provider.api_layer','API Layer','2023-11-19 00:36:38','2023-11-19 00:36:38'),(1936,1,'en','plugins/ecommerce/ecommerce','setting.exchange_rate.provider.open_exchange_rate','Open Exchange Rates','2023-11-19 00:36:38','2023-11-19 00:36:38'),(1937,1,'en','plugins/ecommerce/ecommerce','setting.exchange_rate.open_exchange_app_id','Open Exchange Rates App ID','2023-11-19 00:36:38','2023-11-19 00:36:38'),(1938,1,'en','plugins/ecommerce/ecommerce','setting.display_bank_info_at_the_checkout_success_page','Display bank info at the checkout success page?','2023-11-19 00:36:38','2023-11-19 00:36:38'),(1939,1,'en','plugins/ecommerce/ecommerce','setting.mandatory_form_fields_at_checkout','Mandatory fields at the checkout page:','2023-11-19 00:36:38','2023-11-19 00:36:38'),(1940,1,'en','plugins/ecommerce/ecommerce','setting.hide_form_fields_at_checkout','Hide customer fields at checkout page:','2023-11-19 00:36:38','2023-11-19 00:36:38'),(1941,1,'en','plugins/ecommerce/ecommerce','setting.display_tax_fields_at_checkout_page','Display tax information fields at the checkout page?','2023-11-19 00:36:38','2023-11-19 00:36:38'),(1942,1,'en','plugins/ecommerce/ecommerce','setting.enable_filter_products_by_brands','Enable filter products by brands?','2023-11-19 00:36:38','2023-11-19 00:36:38'),(1943,1,'en','plugins/ecommerce/ecommerce','setting.enable_filter_products_by_tags','Enable filter products by tags?','2023-11-19 00:36:38','2023-11-19 00:36:38'),(1944,1,'en','plugins/ecommerce/ecommerce','setting.enable_filter_products_by_attributes','Enable filter products by attributes?','2023-11-19 00:36:38','2023-11-19 00:36:38'),(1945,1,'en','plugins/ecommerce/ecommerce','setting.use_city_field_as_field_text','Use city field as a free text field?','2023-11-19 00:36:38','2023-11-19 00:36:38'),(1946,1,'en','plugins/ecommerce/ecommerce','setting.auto_generate_product_sku','Auto generate SKU when creating product?','2023-11-19 00:36:38','2023-11-19 00:36:38'),(1947,1,'en','plugins/ecommerce/ecommerce','setting.product_sku_format','SKU format','2023-11-19 00:36:38','2023-11-19 00:36:38'),(1948,1,'en','plugins/ecommerce/ecommerce','setting.product_sku_format_helper','You can use %s (1 string character) or %d (1 digit) in the format to generate random string. Ex: SKU-%s%s%s-HN-%d%d%d','2023-11-19 00:36:38','2023-11-19 00:36:38'),(1949,1,'en','plugins/ecommerce/ecommerce','store_address','Store address','2023-11-19 00:36:38','2023-11-19 00:36:38'),(1950,1,'en','plugins/ecommerce/ecommerce','store_phone','Store phone','2023-11-19 00:36:38','2023-11-19 00:36:38'),(1951,1,'en','plugins/ecommerce/ecommerce','order_id','Order ID','2023-11-19 00:36:38','2023-11-19 00:36:38'),(1952,1,'en','plugins/ecommerce/ecommerce','order_token','Order token','2023-11-19 00:36:38','2023-11-19 00:36:38'),(1953,1,'en','plugins/ecommerce/ecommerce','customer_name','Customer name','2023-11-19 00:36:38','2023-11-19 00:36:38'),(1954,1,'en','plugins/ecommerce/ecommerce','customer_email','Customer email','2023-11-19 00:36:38','2023-11-19 00:36:38'),(1955,1,'en','plugins/ecommerce/ecommerce','customer_phone','Customer phone','2023-11-19 00:36:38','2023-11-19 00:36:38'),(1956,1,'en','plugins/ecommerce/ecommerce','customer_address','Customer address','2023-11-19 00:36:38','2023-11-19 00:36:38'),(1957,1,'en','plugins/ecommerce/ecommerce','product_list','List products in order','2023-11-19 00:36:38','2023-11-19 00:36:38'),(1958,1,'en','plugins/ecommerce/ecommerce','order_note','Order note','2023-11-19 00:36:38','2023-11-19 00:36:38'),(1959,1,'en','plugins/ecommerce/ecommerce','payment_detail','Payment detail','2023-11-19 00:36:38','2023-11-19 00:36:38'),(1960,1,'en','plugins/ecommerce/ecommerce','shipping_method','Shipping method','2023-11-19 00:36:38','2023-11-19 00:36:38'),(1961,1,'en','plugins/ecommerce/ecommerce','payment_method','Payment method','2023-11-19 00:36:38','2023-11-19 00:36:38'),(1962,1,'en','plugins/ecommerce/ecommerce','standard_and_format','Standard & Format','2023-11-19 00:36:38','2023-11-19 00:36:38'),(1963,1,'en','plugins/ecommerce/ecommerce','standard_and_format_description','Standards and formats are used to calculate things like product prices, shipping weights, and order times.','2023-11-19 00:36:38','2023-11-19 00:36:38'),(1964,1,'en','plugins/ecommerce/ecommerce','change_order_format','Edit order code format (optional)','2023-11-19 00:36:38','2023-11-19 00:36:38'),(1965,1,'en','plugins/ecommerce/ecommerce','change_order_format_description','The default order code starts at: number. You can change the start or end string to create the order code you want, for example \"DH-: number\" or \": number-A\"','2023-11-19 00:36:38','2023-11-19 00:36:38'),(1966,1,'en','plugins/ecommerce/ecommerce','start_with','Start with','2023-11-19 00:36:38','2023-11-19 00:36:38'),(1967,1,'en','plugins/ecommerce/ecommerce','end_with','End with','2023-11-19 00:36:38','2023-11-19 00:36:38'),(1968,1,'en','plugins/ecommerce/ecommerce','order_will_be_shown','Your order code will be shown','2023-11-19 00:36:38','2023-11-19 00:36:38'),(1969,1,'en','plugins/ecommerce/ecommerce','weight_unit','Unit of weight','2023-11-19 00:36:38','2023-11-19 00:36:38'),(1970,1,'en','plugins/ecommerce/ecommerce','height_unit','Unit length / height','2023-11-19 00:36:38','2023-11-19 00:36:38'),(1971,1,'en','plugins/ecommerce/ecommerce','theme_options.name','Ecommerce','2023-11-19 00:36:38','2023-11-19 00:36:38'),(1972,1,'en','plugins/ecommerce/ecommerce','theme_options.description','Theme options for Ecommerce','2023-11-19 00:36:38','2023-11-19 00:36:38'),(1973,1,'en','plugins/ecommerce/ecommerce','theme_options.number_products_per_page','Number of products per page','2023-11-19 00:36:38','2023-11-19 00:36:38'),(1974,1,'en','plugins/ecommerce/ecommerce','theme_options.number_of_cross_sale_product','Number of cross sale products in product detail page','2023-11-19 00:36:38','2023-11-19 00:36:38'),(1975,1,'en','plugins/ecommerce/ecommerce','theme_options.max_price_filter','Maximum price to filter','2023-11-19 00:36:38','2023-11-19 00:36:38'),(1976,1,'en','plugins/ecommerce/ecommerce','theme_options.logo_in_the_checkout_page','Logo in the checkout page (Default is the main logo)','2023-11-19 00:36:38','2023-11-19 00:36:38'),(1977,1,'en','plugins/ecommerce/ecommerce','basic_settings','Basic settings','2023-11-19 00:36:38','2023-11-19 00:36:38'),(1978,1,'en','plugins/ecommerce/ecommerce','advanced_settings','Advanced settings','2023-11-19 00:36:38','2023-11-19 00:36:38'),(1979,1,'en','plugins/ecommerce/ecommerce','product_review_list','Product review list','2023-11-19 00:36:38','2023-11-19 00:36:38'),(1980,1,'en','plugins/ecommerce/ecommerce','forms.duplicate','Duplicate','2023-11-19 00:36:38','2023-11-19 00:36:38'),(1981,1,'en','plugins/ecommerce/ecommerce','forms.duplicate_success_message','Duplicate product successfully!','2023-11-19 00:36:38','2023-11-19 00:36:38'),(1982,1,'en','plugins/ecommerce/ecommerce','duplicate_modal','Duplicate product','2023-11-19 00:36:38','2023-11-19 00:36:38'),(1983,1,'en','plugins/ecommerce/ecommerce','duplicate_modal_description','Are you sure you want to duplicate this product?','2023-11-19 00:36:38','2023-11-19 00:36:38'),(1984,1,'en','plugins/ecommerce/email','customer_new_order_title','Order confirmation','2023-11-19 00:36:38','2023-11-19 00:36:38'),(1985,1,'en','plugins/ecommerce/email','customer_new_order_description','Send email confirmation to customer when an order placed','2023-11-19 00:36:38','2023-11-19 00:36:38'),(1986,1,'en','plugins/ecommerce/email','order_cancellation_title','Order cancellation','2023-11-19 00:36:38','2023-11-19 00:36:38'),(1987,1,'en','plugins/ecommerce/email','order_cancellation_description','Send to custom when they cancelled order','2023-11-19 00:36:38','2023-11-19 00:36:38'),(1988,1,'en','plugins/ecommerce/email','delivery_confirmation_title','Delivering confirmation','2023-11-19 00:36:38','2023-11-19 00:36:38'),(1989,1,'en','plugins/ecommerce/email','delivery_confirmation_description','Send to customer when order is delivering','2023-11-19 00:36:38','2023-11-19 00:36:38'),(1990,1,'en','plugins/ecommerce/email','order_delivered_title','Order delivered','2023-11-19 00:36:38','2023-11-19 00:36:38'),(1991,1,'en','plugins/ecommerce/email','order_delivered_description','Send to customer when order is delivered','2023-11-19 00:36:38','2023-11-19 00:36:38'),(1992,1,'en','plugins/ecommerce/email','admin_new_order_title','Notice about new order','2023-11-19 00:36:38','2023-11-19 00:36:38'),(1993,1,'en','plugins/ecommerce/email','admin_new_order_description','Send to administrators when an order placed','2023-11-19 00:36:38','2023-11-19 00:36:38'),(1994,1,'en','plugins/ecommerce/email','order_confirmation_title','Order confirmation','2023-11-19 00:36:38','2023-11-19 00:36:38'),(1995,1,'en','plugins/ecommerce/email','order_confirmation_description','Send to customer when they order was confirmed by admins','2023-11-19 00:36:38','2023-11-19 00:36:38'),(1996,1,'en','plugins/ecommerce/email','payment_confirmation_title','Payment confirmation','2023-11-19 00:36:38','2023-11-19 00:36:38'),(1997,1,'en','plugins/ecommerce/email','payment_confirmation_description','Send to customer when their payment was confirmed','2023-11-19 00:36:38','2023-11-19 00:36:38'),(1998,1,'en','plugins/ecommerce/email','order_recover_title','Incomplete order','2023-11-19 00:36:38','2023-11-19 00:36:38'),(1999,1,'en','plugins/ecommerce/email','order_recover_description','Send to custom to remind them about incomplete orders','2023-11-19 00:36:38','2023-11-19 00:36:38'),(2000,1,'en','plugins/ecommerce/email','view_order','View order','2023-11-19 00:36:38','2023-11-19 00:36:38'),(2001,1,'en','plugins/ecommerce/email','link_go_to_our_shop','or <a href=\":link\">Go to our shop</a>','2023-11-19 00:36:38','2023-11-19 00:36:38'),(2002,1,'en','plugins/ecommerce/email','order_number','Order number: <strong>:order_id</strong>','2023-11-19 00:36:38','2023-11-19 00:36:38'),(2003,1,'en','plugins/ecommerce/email','order_information','Order information:','2023-11-19 00:36:38','2023-11-19 00:36:38'),(2004,1,'en','plugins/ecommerce/email','order_return_request_title','Order return request','2023-11-19 00:36:38','2023-11-19 00:36:38'),(2005,1,'en','plugins/ecommerce/email','order_return_request_description','Send to customer when they return order','2023-11-19 00:36:38','2023-11-19 00:36:38'),(2006,1,'en','plugins/ecommerce/export','products.name','Export products','2023-11-19 00:36:38','2023-11-19 00:36:38'),(2007,1,'en','plugins/ecommerce/export','products.title','Export Products (CSV)','2023-11-19 00:36:38','2023-11-19 00:36:38'),(2008,1,'en','plugins/ecommerce/export','products.total_products','Total products','2023-11-19 00:36:38','2023-11-19 00:36:38'),(2009,1,'en','plugins/ecommerce/export','products.total_variations','Total variations','2023-11-19 00:36:38','2023-11-19 00:36:38'),(2010,1,'en','plugins/ecommerce/export','start_export','Start export','2023-11-19 00:36:38','2023-11-19 00:36:38'),(2011,1,'en','plugins/ecommerce/export','exporting','Exporting...','2023-11-19 00:36:38','2023-11-19 00:36:38'),(2012,1,'en','plugins/ecommerce/export','export','Export','2023-11-19 00:36:38','2023-11-19 00:36:38'),(2013,1,'en','plugins/ecommerce/flash-sale','name','Flash sales','2023-11-19 00:36:38','2023-11-19 00:36:38'),(2014,1,'en','plugins/ecommerce/flash-sale','create','New flash sale','2023-11-19 00:36:38','2023-11-19 00:36:38'),(2015,1,'en','plugins/ecommerce/flash-sale','edit','Edit flash sale','2023-11-19 00:36:38','2023-11-19 00:36:38'),(2016,1,'en','plugins/ecommerce/flash-sale','products','Products','2023-11-19 00:36:38','2023-11-19 00:36:38'),(2017,1,'en','plugins/ecommerce/invoice-template','name','Invoice template','2023-11-19 00:36:39','2023-11-19 00:36:39'),(2018,1,'en','plugins/ecommerce/invoice-template','setting','Invoice Settings','2023-11-19 00:36:39','2023-11-19 00:36:39'),(2019,1,'en','plugins/ecommerce/invoice-template','setting_description','Settings for Invoice template','2023-11-19 00:36:39','2023-11-19 00:36:39'),(2020,1,'en','plugins/ecommerce/invoice-template','setting_content','Content','2023-11-19 00:36:39','2023-11-19 00:36:39'),(2021,1,'en','plugins/ecommerce/invoice-template','preview','Preview','2023-11-19 00:36:39','2023-11-19 00:36:39'),(2022,1,'en','plugins/ecommerce/invoice-template','preview_heading','Preview Invoice template','2023-11-19 00:36:39','2023-11-19 00:36:39'),(2023,1,'en','plugins/ecommerce/invoice','name','Invoices','2023-11-19 00:36:39','2023-11-19 00:36:39'),(2024,1,'en','plugins/ecommerce/invoice','create','New invoice','2023-11-19 00:36:39','2023-11-19 00:36:39'),(2025,1,'en','plugins/ecommerce/invoice','edit','Edit invoice','2023-11-19 00:36:39','2023-11-19 00:36:39'),(2026,1,'en','plugins/ecommerce/invoice','print','Print Invoice','2023-11-19 00:36:39','2023-11-19 00:36:39'),(2027,1,'en','plugins/ecommerce/invoice','download','Download Invoice','2023-11-19 00:36:39','2023-11-19 00:36:39'),(2028,1,'en','plugins/ecommerce/invoice','heading','Invoice','2023-11-19 00:36:39','2023-11-19 00:36:39'),(2029,1,'en','plugins/ecommerce/invoice','invoice_for_job','','2023-11-19 00:36:39','2023-11-19 00:36:39'),(2030,1,'en','plugins/ecommerce/invoice','table.code','Code','2023-11-19 00:36:39','2023-11-19 00:36:39'),(2031,1,'en','plugins/ecommerce/invoice','table.amount','Amount','2023-11-19 00:36:39','2023-11-19 00:36:39'),(2032,1,'en','plugins/ecommerce/invoice','detail.invoice_for','Invoice For','2023-11-19 00:36:39','2023-11-19 00:36:39'),(2033,1,'en','plugins/ecommerce/invoice','detail.invoice_to','Invoice To','2023-11-19 00:36:39','2023-11-19 00:36:39'),(2034,1,'en','plugins/ecommerce/invoice','detail.tax_id','Tax ID','2023-11-19 00:36:39','2023-11-19 00:36:39'),(2035,1,'en','plugins/ecommerce/invoice','detail.code','Invoice Code','2023-11-19 00:36:39','2023-11-19 00:36:39'),(2036,1,'en','plugins/ecommerce/invoice','detail.issue_at','Issue At','2023-11-19 00:36:39','2023-11-19 00:36:39'),(2037,1,'en','plugins/ecommerce/invoice','detail.description','Description','2023-11-19 00:36:39','2023-11-19 00:36:39'),(2038,1,'en','plugins/ecommerce/invoice','detail.qty','Qty','2023-11-19 00:36:39','2023-11-19 00:36:39'),(2039,1,'en','plugins/ecommerce/invoice','detail.quantity','Quantity','2023-11-19 00:36:39','2023-11-19 00:36:39'),(2040,1,'en','plugins/ecommerce/invoice','detail.amount','Amount','2023-11-19 00:36:39','2023-11-19 00:36:39'),(2041,1,'en','plugins/ecommerce/invoice','detail.discount','Discount','2023-11-19 00:36:39','2023-11-19 00:36:39'),(2042,1,'en','plugins/ecommerce/invoice','detail.grand_total','Grand Total','2023-11-19 00:36:39','2023-11-19 00:36:39'),(2043,1,'en','plugins/ecommerce/invoice','detail.shipping_fee','Shipping Fee','2023-11-19 00:36:39','2023-11-19 00:36:39'),(2044,1,'en','plugins/ecommerce/invoice','detail.sub_total','Sub Total','2023-11-19 00:36:39','2023-11-19 00:36:39'),(2045,1,'en','plugins/ecommerce/invoice','detail.tax','Tax','2023-11-19 00:36:39','2023-11-19 00:36:39'),(2046,1,'en','plugins/ecommerce/invoice','detail.total','Total','2023-11-19 00:36:39','2023-11-19 00:36:39'),(2047,1,'en','plugins/ecommerce/invoice','detail.attributes','Attributes','2023-11-19 00:36:39','2023-11-19 00:36:39'),(2048,1,'en','plugins/ecommerce/invoice','detail.product_options','Product options','2023-11-19 00:36:39','2023-11-19 00:36:39'),(2049,1,'en','plugins/ecommerce/invoice','detail.license_code','License code','2023-11-19 00:36:39','2023-11-19 00:36:39'),(2050,1,'en','plugins/ecommerce/invoice','total_amount','Total Amount','2023-11-19 00:36:39','2023-11-19 00:36:39'),(2051,1,'en','plugins/ecommerce/invoice','payment_info','Payment Info','2023-11-19 00:36:39','2023-11-19 00:36:39'),(2052,1,'en','plugins/ecommerce/invoice','payment_method','Payment Method','2023-11-19 00:36:39','2023-11-19 00:36:39'),(2053,1,'en','plugins/ecommerce/invoice','payment_status','Payment Status','2023-11-19 00:36:39','2023-11-19 00:36:39'),(2054,1,'en','plugins/ecommerce/invoice','generate_invoices','Generate Invoices','2023-11-19 00:36:39','2023-11-19 00:36:39'),(2055,1,'en','plugins/ecommerce/invoice','generate_success_message','Generated :count invoices successfully','2023-11-19 00:36:39','2023-11-19 00:36:39'),(2056,1,'en','plugins/ecommerce/invoice','generate_invoice','Generate invoice','2023-11-19 00:36:39','2023-11-19 00:36:39'),(2057,1,'en','plugins/ecommerce/invoice','order','Order','2023-11-19 00:36:39','2023-11-19 00:36:39'),(2058,1,'en','plugins/ecommerce/order','statuses.pending','Pending','2023-11-19 00:36:39','2023-11-19 00:36:39'),(2059,1,'en','plugins/ecommerce/order','statuses.processing','Processing','2023-11-19 00:36:39','2023-11-19 00:36:39'),(2060,1,'en','plugins/ecommerce/order','statuses.completed','Completed','2023-11-19 00:36:39','2023-11-19 00:36:39'),(2061,1,'en','plugins/ecommerce/order','statuses.canceled','Canceled','2023-11-19 00:36:39','2023-11-19 00:36:39'),(2062,1,'en','plugins/ecommerce/order','statuses.partial_returned','Partial returned','2023-11-19 00:36:39','2023-11-19 00:36:39'),(2063,1,'en','plugins/ecommerce/order','statuses.returned','Returned','2023-11-19 00:36:39','2023-11-19 00:36:39'),(2064,1,'en','plugins/ecommerce/order','return_statuses.pending','Pending','2023-11-19 00:36:39','2023-11-19 00:36:39'),(2065,1,'en','plugins/ecommerce/order','return_statuses.processing','Processing','2023-11-19 00:36:39','2023-11-19 00:36:39'),(2066,1,'en','plugins/ecommerce/order','return_statuses.completed','Completed','2023-11-19 00:36:39','2023-11-19 00:36:39'),(2067,1,'en','plugins/ecommerce/order','return_statuses.canceled','Canceled','2023-11-19 00:36:39','2023-11-19 00:36:39'),(2068,1,'en','plugins/ecommerce/order','menu','Orders','2023-11-19 00:36:39','2023-11-19 00:36:39'),(2069,1,'en','plugins/ecommerce/order','create','Create an order','2023-11-19 00:36:39','2023-11-19 00:36:39'),(2070,1,'en','plugins/ecommerce/order','cancel_error','The order is delivering or not completed','2023-11-19 00:36:39','2023-11-19 00:36:39'),(2071,1,'en','plugins/ecommerce/order','cancel_success','You do cancel the order successful','2023-11-19 00:36:39','2023-11-19 00:36:39'),(2072,1,'en','plugins/ecommerce/order','return_error','The order is delivering or not completed','2023-11-19 00:36:39','2023-11-19 00:36:39'),(2073,1,'en','plugins/ecommerce/order','return_success','Requested product(s) return successfully!','2023-11-19 00:36:39','2023-11-19 00:36:39'),(2074,1,'en','plugins/ecommerce/order','incomplete_order','Incomplete orders','2023-11-19 00:36:39','2023-11-19 00:36:39'),(2075,1,'en','plugins/ecommerce/order','order_id','Order ID','2023-11-19 00:36:39','2023-11-19 00:36:39'),(2076,1,'en','plugins/ecommerce/order','product_id','Product ID','2023-11-19 00:36:39','2023-11-19 00:36:39'),(2077,1,'en','plugins/ecommerce/order','customer_label','Customer','2023-11-19 00:36:39','2023-11-19 00:36:39'),(2078,1,'en','plugins/ecommerce/order','tax_amount','Tax Amount','2023-11-19 00:36:39','2023-11-19 00:36:39'),(2079,1,'en','plugins/ecommerce/order','shipping_amount','Shipping amount','2023-11-19 00:36:39','2023-11-19 00:36:39'),(2080,1,'en','plugins/ecommerce/order','payment_method','Payment method','2023-11-19 00:36:39','2023-11-19 00:36:39'),(2081,1,'en','plugins/ecommerce/order','payment_status_label','Payment status','2023-11-19 00:36:39','2023-11-19 00:36:39'),(2082,1,'en','plugins/ecommerce/order','manage_orders','Manage orders','2023-11-19 00:36:39','2023-11-19 00:36:39'),(2083,1,'en','plugins/ecommerce/order','order_intro_description','Once your store has orders, this is where you will process and track those orders.','2023-11-19 00:36:39','2023-11-19 00:36:39'),(2084,1,'en','plugins/ecommerce/order','create_new_order','Create a new order','2023-11-19 00:36:39','2023-11-19 00:36:39'),(2085,1,'en','plugins/ecommerce/order','manage_incomplete_orders','Manage incomplete orders','2023-11-19 00:36:39','2023-11-19 00:36:39'),(2086,1,'en','plugins/ecommerce/order','incomplete_orders_intro_description','Incomplete order is an order created when a customer adds a product to the cart, proceeds to fill out the purchase information but does not complete the checkout process.','2023-11-19 00:36:39','2023-11-19 00:36:39'),(2087,1,'en','plugins/ecommerce/order','invoice_for_order','Invoice for order','2023-11-19 00:36:39','2023-11-19 00:36:39'),(2088,1,'en','plugins/ecommerce/order','created','Created','2023-11-19 00:36:39','2023-11-19 00:36:39'),(2089,1,'en','plugins/ecommerce/order','invoice','Invoice','2023-11-19 00:36:39','2023-11-19 00:36:39'),(2090,1,'en','plugins/ecommerce/order','return','Order Return Request','2023-11-19 00:36:39','2023-11-19 00:36:39'),(2091,1,'en','plugins/ecommerce/order','is_return','Return checkbox','2023-11-19 00:36:39','2023-11-19 00:36:39'),(2092,1,'en','plugins/ecommerce/order','total_refund_amount','Total refund amount','2023-11-19 00:36:39','2023-11-19 00:36:39'),(2093,1,'en','plugins/ecommerce/order','total_amount_can_be_refunded','Total amount can be refunded','2023-11-19 00:36:39','2023-11-19 00:36:39'),(2094,1,'en','plugins/ecommerce/order','refund_reason','Refund reason','2023-11-19 00:36:39','2023-11-19 00:36:39'),(2095,1,'en','plugins/ecommerce/order','products','product(s)','2023-11-19 00:36:39','2023-11-19 00:36:39'),(2096,1,'en','plugins/ecommerce/order','default','Default','2023-11-19 00:36:39','2023-11-19 00:36:39'),(2097,1,'en','plugins/ecommerce/order','system','System','2023-11-19 00:36:39','2023-11-19 00:36:39'),(2098,1,'en','plugins/ecommerce/order','new_order_from','New order :order_id from :customer','2023-11-19 00:36:39','2023-11-19 00:36:39'),(2099,1,'en','plugins/ecommerce/order','confirmation_email_was_sent_to_customer','The email confirmation was sent to customer','2023-11-19 00:36:39','2023-11-19 00:36:39'),(2100,1,'en','plugins/ecommerce/order','create_order_from_payment_page','Order was created from checkout page','2023-11-19 00:36:39','2023-11-19 00:36:39'),(2101,1,'en','plugins/ecommerce/order','create_order_from_admin_page','Order was created from admin page','2023-11-19 00:36:39','2023-11-19 00:36:39'),(2102,1,'en','plugins/ecommerce/order','order_was_verified_by','Order was verified by %user_name%','2023-11-19 00:36:39','2023-11-19 00:36:39'),(2103,1,'en','plugins/ecommerce/order','new_order','New order :order_id','2023-11-19 00:36:39','2023-11-19 00:36:39'),(2104,1,'en','plugins/ecommerce/order','payment_was_confirmed_by','Payment was confirmed (amount :money) by %user_name%','2023-11-19 00:36:39','2023-11-19 00:36:39'),(2105,1,'en','plugins/ecommerce/order','edit_order','Edit order :code','2023-11-19 00:36:39','2023-11-19 00:36:39'),(2106,1,'en','plugins/ecommerce/order','confirm_order_success','Confirm order successfully!','2023-11-19 00:36:39','2023-11-19 00:36:39'),(2107,1,'en','plugins/ecommerce/order','error_when_sending_email','There is an error when sending email','2023-11-19 00:36:39','2023-11-19 00:36:39'),(2108,1,'en','plugins/ecommerce/order','sent_confirmation_email_success','Sent confirmation email successfully!','2023-11-19 00:36:39','2023-11-19 00:36:39'),(2109,1,'en','plugins/ecommerce/order','order_was_sent_to_shipping_team','Order was sent to shipping team','2023-11-19 00:36:39','2023-11-19 00:36:39'),(2110,1,'en','plugins/ecommerce/order','by_username','by %user_name%','2023-11-19 00:36:39','2023-11-19 00:36:39'),(2111,1,'en','plugins/ecommerce/order','shipping_was_created_from','Shipping was created from order %order_id%','2023-11-19 00:36:39','2023-11-19 00:36:39'),(2112,1,'en','plugins/ecommerce/order','shipping_was_canceled_success','Shipping was cancelled successfully!','2023-11-19 00:36:39','2023-11-19 00:36:39'),(2113,1,'en','plugins/ecommerce/order','shipping_was_canceled_by','Shipping was cancelled by %user_name%','2023-11-19 00:36:39','2023-11-19 00:36:39'),(2114,1,'en','plugins/ecommerce/order','update_shipping_address_success','Update shipping address successfully!','2023-11-19 00:36:39','2023-11-19 00:36:39'),(2115,1,'en','plugins/ecommerce/order','order_was_canceled_by','Order was cancelled by %user_name%','2023-11-19 00:36:39','2023-11-19 00:36:39'),(2116,1,'en','plugins/ecommerce/order','order_was_returned_by','Order was returned by %user_name%','2023-11-19 00:36:39','2023-11-19 00:36:39'),(2117,1,'en','plugins/ecommerce/order','confirm_payment_success','Confirm payment successfully!','2023-11-19 00:36:39','2023-11-19 00:36:39'),(2118,1,'en','plugins/ecommerce/order','refund_amount_invalid','Refund amount must be lower or equal :price','2023-11-19 00:36:39','2023-11-19 00:36:39'),(2119,1,'en','plugins/ecommerce/order','number_of_products_invalid','Number of products refund is not valid!','2023-11-19 00:36:39','2023-11-19 00:36:39'),(2120,1,'en','plugins/ecommerce/order','cannot_found_payment_for_this_order','Cannot found payment for this order!','2023-11-19 00:36:39','2023-11-19 00:36:39'),(2121,1,'en','plugins/ecommerce/order','refund_success_with_price','Refund success :price','2023-11-19 00:36:39','2023-11-19 00:36:39'),(2122,1,'en','plugins/ecommerce/order','refund_success','Refund successfully!','2023-11-19 00:36:39','2023-11-19 00:36:39'),(2123,1,'en','plugins/ecommerce/order','order_is_not_existed','Order is not existed!','2023-11-19 00:36:39','2023-11-19 00:36:39'),(2124,1,'en','plugins/ecommerce/order','reorder','Reorder','2023-11-19 00:36:39','2023-11-19 00:36:39'),(2125,1,'en','plugins/ecommerce/order','sent_email_incomplete_order_success','Sent email to remind about incomplete order successfully!','2023-11-19 00:36:39','2023-11-19 00:36:39'),(2126,1,'en','plugins/ecommerce/order','applied_coupon_success','Applied coupon \":code\" successfully!','2023-11-19 00:36:39','2023-11-19 00:36:39'),(2127,1,'en','plugins/ecommerce/order','new_order_notice','You have <span class=\"bold\">:count</span> New Order(s)','2023-11-19 00:36:39','2023-11-19 00:36:39'),(2128,1,'en','plugins/ecommerce/order','view_all','View all','2023-11-19 00:36:39','2023-11-19 00:36:39'),(2129,1,'en','plugins/ecommerce/order','cancel_order','Cancel order','2023-11-19 00:36:39','2023-11-19 00:36:39'),(2130,1,'en','plugins/ecommerce/order','order_canceled','Order canceled','2023-11-19 00:36:39','2023-11-19 00:36:39'),(2131,1,'en','plugins/ecommerce/order','order_was_canceled_at','Order was canceled at','2023-11-19 00:36:39','2023-11-19 00:36:39'),(2132,1,'en','plugins/ecommerce/order','return_order','Return order','2023-11-19 00:36:39','2023-11-19 00:36:39'),(2133,1,'en','plugins/ecommerce/order','order_returned','Order returned','2023-11-19 00:36:39','2023-11-19 00:36:39'),(2134,1,'en','plugins/ecommerce/order','order_was_returned_at','Order was returned at','2023-11-19 00:36:39','2023-11-19 00:36:39'),(2135,1,'en','plugins/ecommerce/order','completed','Completed','2023-11-19 00:36:39','2023-11-19 00:36:39'),(2136,1,'en','plugins/ecommerce/order','uncompleted','Uncompleted','2023-11-19 00:36:39','2023-11-19 00:36:39'),(2137,1,'en','plugins/ecommerce/order','sku','SKU','2023-11-19 00:36:39','2023-11-19 00:36:39'),(2138,1,'en','plugins/ecommerce/order','warehouse','Warehouse','2023-11-19 00:36:39','2023-11-19 00:36:39'),(2139,1,'en','plugins/ecommerce/order','sub_amount','Sub amount','2023-11-19 00:36:39','2023-11-19 00:36:39'),(2140,1,'en','plugins/ecommerce/order','coupon_code','Coupon code: \":code\"','2023-11-19 00:36:39','2023-11-19 00:36:39'),(2141,1,'en','plugins/ecommerce/order','shipping_fee','Shipping fee','2023-11-19 00:36:39','2023-11-19 00:36:39'),(2142,1,'en','plugins/ecommerce/order','tax','Tax','2023-11-19 00:36:39','2023-11-19 00:36:39'),(2143,1,'en','plugins/ecommerce/order','refunded_amount','Refunded amount','2023-11-19 00:36:39','2023-11-19 00:36:39'),(2144,1,'en','plugins/ecommerce/order','amount_received','The amount actually received','2023-11-19 00:36:39','2023-11-19 00:36:39'),(2145,1,'en','plugins/ecommerce/order','download_invoice','Download invoice','2023-11-19 00:36:39','2023-11-19 00:36:39'),(2146,1,'en','plugins/ecommerce/order','print_invoice','Print invoice','2023-11-19 00:36:39','2023-11-19 00:36:39'),(2147,1,'en','plugins/ecommerce/order','add_note','Add note...','2023-11-19 00:36:39','2023-11-19 00:36:39'),(2148,1,'en','plugins/ecommerce/order','order_was_confirmed','Order was confirmed','2023-11-19 00:36:40','2023-11-19 00:36:40'),(2149,1,'en','plugins/ecommerce/order','confirm_order','Confirm order','2023-11-19 00:36:40','2023-11-19 00:36:40'),(2150,1,'en','plugins/ecommerce/order','confirm','Confirm','2023-11-19 00:36:40','2023-11-19 00:36:40'),(2151,1,'en','plugins/ecommerce/order','order_was_canceled','Order was canceled','2023-11-19 00:36:40','2023-11-19 00:36:40'),(2152,1,'en','plugins/ecommerce/order','order_was_returned','Order was returned','2023-11-19 00:36:40','2023-11-19 00:36:40'),(2153,1,'en','plugins/ecommerce/order','pending_payment','Pending payment','2023-11-19 00:36:40','2023-11-19 00:36:40'),(2154,1,'en','plugins/ecommerce/order','payment_was_accepted','Payment :money was accepted','2023-11-19 00:36:40','2023-11-19 00:36:40'),(2155,1,'en','plugins/ecommerce/order','payment_was_refunded','Payment was refunded','2023-11-19 00:36:40','2023-11-19 00:36:40'),(2156,1,'en','plugins/ecommerce/order','confirm_payment','Confirm payment','2023-11-19 00:36:40','2023-11-19 00:36:40'),(2157,1,'en','plugins/ecommerce/order','refund','Refund','2023-11-19 00:36:40','2023-11-19 00:36:40'),(2158,1,'en','plugins/ecommerce/order','all_products_are_not_delivered','All products are not delivered','2023-11-19 00:36:40','2023-11-19 00:36:40'),(2159,1,'en','plugins/ecommerce/order','delivery','Delivery','2023-11-19 00:36:40','2023-11-19 00:36:40'),(2160,1,'en','plugins/ecommerce/order','history','History','2023-11-19 00:36:40','2023-11-19 00:36:40'),(2161,1,'en','plugins/ecommerce/order','order_number','Order number','2023-11-19 00:36:40','2023-11-19 00:36:40'),(2162,1,'en','plugins/ecommerce/order','from','from','2023-11-19 00:36:40','2023-11-19 00:36:40'),(2163,1,'en','plugins/ecommerce/order','status','Status','2023-11-19 00:36:40','2023-11-19 00:36:40'),(2164,1,'en','plugins/ecommerce/order','successfully','Successfully','2023-11-19 00:36:40','2023-11-19 00:36:40'),(2165,1,'en','plugins/ecommerce/order','transaction_type','Transaction\'s type','2023-11-19 00:36:40','2023-11-19 00:36:40'),(2166,1,'en','plugins/ecommerce/order','staff','Staff','2023-11-19 00:36:40','2023-11-19 00:36:40'),(2167,1,'en','plugins/ecommerce/order','refund_date','Refund date','2023-11-19 00:36:40','2023-11-19 00:36:40'),(2168,1,'en','plugins/ecommerce/order','n_a','N\\A','2023-11-19 00:36:40','2023-11-19 00:36:40'),(2169,1,'en','plugins/ecommerce/order','payment_date','Payment date','2023-11-19 00:36:40','2023-11-19 00:36:40'),(2170,1,'en','plugins/ecommerce/order','payment_gateway','Payment gateway','2023-11-19 00:36:40','2023-11-19 00:36:40'),(2171,1,'en','plugins/ecommerce/order','transaction_amount','Transaction amount','2023-11-19 00:36:40','2023-11-19 00:36:40'),(2172,1,'en','plugins/ecommerce/order','resend','Resend','2023-11-19 00:36:40','2023-11-19 00:36:40'),(2173,1,'en','plugins/ecommerce/order','default_store','Default store','2023-11-19 00:36:40','2023-11-19 00:36:40'),(2174,1,'en','plugins/ecommerce/order','update_address','Update address','2023-11-19 00:36:40','2023-11-19 00:36:40'),(2175,1,'en','plugins/ecommerce/order','have_an_account_already','Have an account already','2023-11-19 00:36:40','2023-11-19 00:36:40'),(2176,1,'en','plugins/ecommerce/order','dont_have_an_account_yet','Don\'t have an account yet','2023-11-19 00:36:40','2023-11-19 00:36:40'),(2177,1,'en','plugins/ecommerce/order','mark_payment_as_confirmed','Mark <span>:method</span> as confirmed','2023-11-19 00:36:40','2023-11-19 00:36:40'),(2178,1,'en','plugins/ecommerce/order','resend_order_confirmation','Resend order confirmation','2023-11-19 00:36:40','2023-11-19 00:36:40'),(2179,1,'en','plugins/ecommerce/order','resend_order_confirmation_description','Confirmation email will be sent to <strong>:email</strong>?','2023-11-19 00:36:40','2023-11-19 00:36:40'),(2180,1,'en','plugins/ecommerce/order','send','Send','2023-11-19 00:36:40','2023-11-19 00:36:40'),(2181,1,'en','plugins/ecommerce/order','update','Update','2023-11-19 00:36:40','2023-11-19 00:36:40'),(2182,1,'en','plugins/ecommerce/order','cancel_shipping_confirmation','Cancel shipping confirmation?','2023-11-19 00:36:40','2023-11-19 00:36:40'),(2183,1,'en','plugins/ecommerce/order','cancel_shipping_confirmation_description','Cancel shipping confirmation?','2023-11-19 00:36:40','2023-11-19 00:36:40'),(2184,1,'en','plugins/ecommerce/order','cancel_order_confirmation','Cancel order confirmation?','2023-11-19 00:36:40','2023-11-19 00:36:40'),(2185,1,'en','plugins/ecommerce/order','cancel_order_confirmation_description','Are you sure you want to cancel this order? This action cannot rollback','2023-11-19 00:36:40','2023-11-19 00:36:40'),(2186,1,'en','plugins/ecommerce/order','return_order_confirmation','Return order confirmation?','2023-11-19 00:36:40','2023-11-19 00:36:40'),(2187,1,'en','plugins/ecommerce/order','return_order_confirmation_description','Are you sure you want to return this order? This action cannot rollback','2023-11-19 00:36:40','2023-11-19 00:36:40'),(2188,1,'en','plugins/ecommerce/order','confirm_payment_confirmation_description','Processed by <strong>:method</strong>. Did you receive payment outside the system? This payment won\'t be saved into system and cannot be refunded','2023-11-19 00:36:40','2023-11-19 00:36:40'),(2189,1,'en','plugins/ecommerce/order','save_note','Save note','2023-11-19 00:36:40','2023-11-19 00:36:40'),(2190,1,'en','plugins/ecommerce/order','order_note','Order note','2023-11-19 00:36:40','2023-11-19 00:36:40'),(2191,1,'en','plugins/ecommerce/order','order_note_placeholder','Note about order, ex: time or shipping instruction.','2023-11-19 00:36:40','2023-11-19 00:36:40'),(2192,1,'en','plugins/ecommerce/order','order_amount','Order amount','2023-11-19 00:36:40','2023-11-19 00:36:40'),(2193,1,'en','plugins/ecommerce/order','additional_information','Additional information','2023-11-19 00:36:40','2023-11-19 00:36:40'),(2194,1,'en','plugins/ecommerce/order','notice_about_incomplete_order','Notice about incomplete order','2023-11-19 00:36:40','2023-11-19 00:36:40'),(2195,1,'en','plugins/ecommerce/order','notice_about_incomplete_order_description','Remind email about uncompleted order will be send to <strong>:email</strong>?','2023-11-19 00:36:40','2023-11-19 00:36:40'),(2196,1,'en','plugins/ecommerce/order','incomplete_order_description_1','An incomplete order is when a potential customer places items in their shopping cart, and goes all the way through to the payment page, but then doesn\'t complete the transaction.','2023-11-19 00:36:40','2023-11-19 00:36:40'),(2197,1,'en','plugins/ecommerce/order','incomplete_order_description_2','If you have contacted customers and they want to continue buying, you can help them complete their order by following the link:','2023-11-19 00:36:40','2023-11-19 00:36:40'),(2198,1,'en','plugins/ecommerce/order','send_an_email_to_recover_this_order','Send an email to customer to recover this order','2023-11-19 00:36:40','2023-11-19 00:36:40'),(2199,1,'en','plugins/ecommerce/order','see_maps','See maps','2023-11-19 00:36:40','2023-11-19 00:36:40'),(2200,1,'en','plugins/ecommerce/order','one_or_more_products_dont_have_enough_quantity','One or more products don\'t have enough quantity!','2023-11-19 00:36:40','2023-11-19 00:36:40'),(2201,1,'en','plugins/ecommerce/order','cannot_send_order_recover_to_mail','The email could not be found so it can\'t send a recovery email to the customer.','2023-11-19 00:36:40','2023-11-19 00:36:40'),(2202,1,'en','plugins/ecommerce/order','payment_info','Payment Info','2023-11-19 00:36:40','2023-11-19 00:36:40'),(2203,1,'en','plugins/ecommerce/order','payment_method_refund_automatic','Your customer will be refunded using :method automatically.','2023-11-19 00:36:40','2023-11-19 00:36:40'),(2204,1,'en','plugins/ecommerce/order','order','Order','2023-11-19 00:36:40','2023-11-19 00:36:40'),(2205,1,'en','plugins/ecommerce/order','order_information','Order information','2023-11-19 00:36:40','2023-11-19 00:36:40'),(2206,1,'en','plugins/ecommerce/order','create_a_new_product','Create a new product','2023-11-19 00:36:40','2023-11-19 00:36:40'),(2207,1,'en','plugins/ecommerce/order','out_of_stock','Out of stock','2023-11-19 00:36:40','2023-11-19 00:36:40'),(2208,1,'en','plugins/ecommerce/order','products_available','product(s) available','2023-11-19 00:36:40','2023-11-19 00:36:40'),(2209,1,'en','plugins/ecommerce/order','no_products_found','No products found!','2023-11-19 00:36:40','2023-11-19 00:36:40'),(2210,1,'en','plugins/ecommerce/order','note','Note','2023-11-19 00:36:40','2023-11-19 00:36:40'),(2211,1,'en','plugins/ecommerce/order','note_for_order','Note for order...','2023-11-19 00:36:40','2023-11-19 00:36:40'),(2212,1,'en','plugins/ecommerce/order','amount','Amount','2023-11-19 00:36:40','2023-11-19 00:36:40'),(2213,1,'en','plugins/ecommerce/order','add_discount','Add discount','2023-11-19 00:36:40','2023-11-19 00:36:40'),(2214,1,'en','plugins/ecommerce/order','discount','Discount','2023-11-19 00:36:40','2023-11-19 00:36:40'),(2215,1,'en','plugins/ecommerce/order','add_shipping_fee','Add shipping fee','2023-11-19 00:36:40','2023-11-19 00:36:40'),(2216,1,'en','plugins/ecommerce/order','shipping','Shipping','2023-11-19 00:36:40','2023-11-19 00:36:40'),(2217,1,'en','plugins/ecommerce/order','total_amount','Total amount','2023-11-19 00:36:40','2023-11-19 00:36:40'),(2218,1,'en','plugins/ecommerce/order','confirm_payment_and_create_order','Confirm payment and create order','2023-11-19 00:36:40','2023-11-19 00:36:40'),(2219,1,'en','plugins/ecommerce/order','paid','Paid','2023-11-19 00:36:40','2023-11-19 00:36:40'),(2220,1,'en','plugins/ecommerce/order','pay_later','Pay later','2023-11-19 00:36:40','2023-11-19 00:36:40'),(2221,1,'en','plugins/ecommerce/order','customer_information','Customer information','2023-11-19 00:36:40','2023-11-19 00:36:40'),(2222,1,'en','plugins/ecommerce/order','create_new_customer','Create new customer','2023-11-19 00:36:40','2023-11-19 00:36:40'),(2223,1,'en','plugins/ecommerce/order','no_customer_found','No customer found!','2023-11-19 00:36:40','2023-11-19 00:36:40'),(2224,1,'en','plugins/ecommerce/order','customer','Customer','2023-11-19 00:36:40','2023-11-19 00:36:40'),(2225,1,'en','plugins/ecommerce/order','orders','order(s)','2023-11-19 00:36:40','2023-11-19 00:36:40'),(2226,1,'en','plugins/ecommerce/order','shipping_address','Shipping Address','2023-11-19 00:36:40','2023-11-19 00:36:40'),(2227,1,'en','plugins/ecommerce/order','shipping_info','Shipping information','2023-11-19 00:36:41','2023-11-19 00:36:41'),(2228,1,'en','plugins/ecommerce/order','billing_address','Billing Address','2023-11-19 00:36:41','2023-11-19 00:36:41'),(2229,1,'en','plugins/ecommerce/order','see_on_maps','See on maps','2023-11-19 00:36:41','2023-11-19 00:36:41'),(2230,1,'en','plugins/ecommerce/order','name','Name','2023-11-19 00:36:41','2023-11-19 00:36:41'),(2231,1,'en','plugins/ecommerce/order','price','Price','2023-11-19 00:36:41','2023-11-19 00:36:41'),(2232,1,'en','plugins/ecommerce/order','product_name','Product name','2023-11-19 00:36:41','2023-11-19 00:36:41'),(2233,1,'en','plugins/ecommerce/order','total','Total','2023-11-19 00:36:41','2023-11-19 00:36:41'),(2234,1,'en','plugins/ecommerce/order','action','Action','2023-11-19 00:36:41','2023-11-19 00:36:41'),(2235,1,'en','plugins/ecommerce/order','add_product','Add product','2023-11-19 00:36:41','2023-11-19 00:36:41'),(2236,1,'en','plugins/ecommerce/order','enter_free_text','Enter free text','2023-11-19 00:36:41','2023-11-19 00:36:41'),(2237,1,'en','plugins/ecommerce/order','promotion_discount_amount','Promotion amount','2023-11-19 00:36:41','2023-11-19 00:36:41'),(2238,1,'en','plugins/ecommerce/order','add','Add','2023-11-19 00:36:41','2023-11-19 00:36:41'),(2239,1,'en','plugins/ecommerce/order','store','Store','2023-11-19 00:36:41','2023-11-19 00:36:41'),(2240,1,'en','plugins/ecommerce/order','please_choose_product_option','Please choose product option','2023-11-19 00:36:41','2023-11-19 00:36:41'),(2241,1,'en','plugins/ecommerce/order','sku_optional','SKU (optional)','2023-11-19 00:36:41','2023-11-19 00:36:41'),(2242,1,'en','plugins/ecommerce/order','with_storehouse_management','With storehouse management?','2023-11-19 00:36:41','2023-11-19 00:36:41'),(2243,1,'en','plugins/ecommerce/order','quantity','Quantity','2023-11-19 00:36:41','2023-11-19 00:36:41'),(2244,1,'en','plugins/ecommerce/order','allow_customer_checkout_when_this_product_out_of_stock','Allow customer checkout when this product out of stock?','2023-11-19 00:36:41','2023-11-19 00:36:41'),(2245,1,'en','plugins/ecommerce/order','address','Address','2023-11-19 00:36:41','2023-11-19 00:36:41'),(2246,1,'en','plugins/ecommerce/order','phone','Phone','2023-11-19 00:36:41','2023-11-19 00:36:41'),(2247,1,'en','plugins/ecommerce/order','country','Country','2023-11-19 00:36:41','2023-11-19 00:36:41'),(2248,1,'en','plugins/ecommerce/order','state','State','2023-11-19 00:36:41','2023-11-19 00:36:41'),(2249,1,'en','plugins/ecommerce/order','city','City','2023-11-19 00:36:41','2023-11-19 00:36:41'),(2250,1,'en','plugins/ecommerce/order','zip_code','Zip code','2023-11-19 00:36:41','2023-11-19 00:36:41'),(2251,1,'en','plugins/ecommerce/order','discount_based_on','Discount based on','2023-11-19 00:36:41','2023-11-19 00:36:41'),(2252,1,'en','plugins/ecommerce/order','or_coupon_code','Or coupon code','2023-11-19 00:36:41','2023-11-19 00:36:41'),(2253,1,'en','plugins/ecommerce/order','description','Description','2023-11-19 00:36:41','2023-11-19 00:36:41'),(2254,1,'en','plugins/ecommerce/order','how_to_select_configured_shipping','How to select configured shipping?','2023-11-19 00:36:41','2023-11-19 00:36:41'),(2255,1,'en','plugins/ecommerce/order','please_add_customer_information_with_the_complete_shipping_address_to_see_the_configured_shipping_rates','Please add customer information with the complete shipping address to see the configured shipping rates','2023-11-19 00:36:41','2023-11-19 00:36:41'),(2256,1,'en','plugins/ecommerce/order','please_products_and_customer_address_to_see_the_shipping_rates','Please add products and customer information with the complete shipping address to see the configured shipping rates','2023-11-19 00:36:41','2023-11-19 00:36:41'),(2257,1,'en','plugins/ecommerce/order','shipping_method_not_found','Shipping method not found','2023-11-19 00:36:41','2023-11-19 00:36:41'),(2258,1,'en','plugins/ecommerce/order','free_shipping','Free shipping','2023-11-19 00:36:41','2023-11-19 00:36:41'),(2259,1,'en','plugins/ecommerce/order','custom','Custom','2023-11-19 00:36:41','2023-11-19 00:36:41'),(2260,1,'en','plugins/ecommerce/order','email','Email','2023-11-19 00:36:41','2023-11-19 00:36:41'),(2261,1,'en','plugins/ecommerce/order','create_order','Create order','2023-11-19 00:36:41','2023-11-19 00:36:41'),(2262,1,'en','plugins/ecommerce/order','close','Close','2023-11-19 00:36:41','2023-11-19 00:36:41'),(2263,1,'en','plugins/ecommerce/order','confirm_payment_is_paid_for_this_order','Confirm payment is paid for this order','2023-11-19 00:36:41','2023-11-19 00:36:41'),(2264,1,'en','plugins/ecommerce/order','payment_status_of_the_order_is_paid_once_the_order_has_been_created_you_cannot_change_the_payment_method_or_status','Payment status of the order is Paid. Once the order has been created, you cannot change the payment method or status','2023-11-19 00:36:41','2023-11-19 00:36:41'),(2265,1,'en','plugins/ecommerce/order','select_payment_method','Select payment method','2023-11-19 00:36:41','2023-11-19 00:36:41'),(2266,1,'en','plugins/ecommerce/order','cash_on_delivery_cod','Cash on delivery (COD)','2023-11-19 00:36:41','2023-11-19 00:36:41'),(2267,1,'en','plugins/ecommerce/order','bank_transfer','Bank transfer','2023-11-19 00:36:41','2023-11-19 00:36:41'),(2268,1,'en','plugins/ecommerce/order','paid_amount','Paid amount','2023-11-19 00:36:41','2023-11-19 00:36:41'),(2269,1,'en','plugins/ecommerce/order','confirm_that_payment_for_this_order_will_be_paid_later','Confirm that payment for this order will be paid later','2023-11-19 00:36:41','2023-11-19 00:36:41'),(2270,1,'en','plugins/ecommerce/order','payment_status_of_the_order_is_pending_once_the_order_has_been_created_you_cannot_change_the_payment_method_or_status','Payment status of the order is Pending. Once the order has been created, you cannot change the payment method or status','2023-11-19 00:36:41','2023-11-19 00:36:41'),(2271,1,'en','plugins/ecommerce/order','pending_amount','Pending amount','2023-11-19 00:36:41','2023-11-19 00:36:41'),(2272,1,'en','plugins/ecommerce/order','update_email','Update email','2023-11-19 00:36:41','2023-11-19 00:36:41'),(2273,1,'en','plugins/ecommerce/order','save','Save','2023-11-19 00:36:41','2023-11-19 00:36:41'),(2274,1,'en','plugins/ecommerce/order','cancel','Cancel','2023-11-19 00:36:41','2023-11-19 00:36:41'),(2275,1,'en','plugins/ecommerce/order','create_a_new_order','Create a new order','2023-11-19 00:36:41','2023-11-19 00:36:41'),(2276,1,'en','plugins/ecommerce/order','search_or_create_new_product','Search or create a new product','2023-11-19 00:36:41','2023-11-19 00:36:41'),(2277,1,'en','plugins/ecommerce/order','search_or_create_new_customer','Search or create a new customer','2023-11-19 00:36:41','2023-11-19 00:36:41'),(2278,1,'en','plugins/ecommerce/order','discount_description','Discount description','2023-11-19 00:36:41','2023-11-19 00:36:41'),(2279,1,'en','plugins/ecommerce/order','cant_select_out_of_stock_product','Cannot select out of stock product!','2023-11-19 00:36:41','2023-11-19 00:36:41'),(2280,1,'en','plugins/ecommerce/order','referral','Referral','2023-11-19 00:36:41','2023-11-19 00:36:41'),(2281,1,'en','plugins/ecommerce/order','return_order_unique','Same :attribute already exists in a previous return request.','2023-11-19 00:36:41','2023-11-19 00:36:41'),(2282,1,'en','plugins/ecommerce/order','total_return_amount','Total return amount','2023-11-19 00:36:41','2023-11-19 00:36:41'),(2283,1,'en','plugins/ecommerce/order','change_return_order_status','Change return order status','2023-11-19 00:36:41','2023-11-19 00:36:41'),(2284,1,'en','plugins/ecommerce/order','return_reason','Return reason','2023-11-19 00:36:41','2023-11-19 00:36:41'),(2285,1,'en','plugins/ecommerce/order','referral_data.ip','IP','2023-11-19 00:36:41','2023-11-19 00:36:41'),(2286,1,'en','plugins/ecommerce/order','referral_data.landing_domain','Landing domain','2023-11-19 00:36:41','2023-11-19 00:36:41'),(2287,1,'en','plugins/ecommerce/order','referral_data.landing_page','Landing page','2023-11-19 00:36:41','2023-11-19 00:36:41'),(2288,1,'en','plugins/ecommerce/order','referral_data.landing_params','Landing params','2023-11-19 00:36:41','2023-11-19 00:36:41'),(2289,1,'en','plugins/ecommerce/order','referral_data.gclid','Gclid','2023-11-19 00:36:41','2023-11-19 00:36:41'),(2290,1,'en','plugins/ecommerce/order','referral_data.fclid','Fclid','2023-11-19 00:36:41','2023-11-19 00:36:41'),(2291,1,'en','plugins/ecommerce/order','referral_data.utm_source','UTM source','2023-11-19 00:36:41','2023-11-19 00:36:41'),(2292,1,'en','plugins/ecommerce/order','referral_data.utm_campaign','UTM campaign','2023-11-19 00:36:41','2023-11-19 00:36:41'),(2293,1,'en','plugins/ecommerce/order','referral_data.utm_medium','UTM medium','2023-11-19 00:36:41','2023-11-19 00:36:41'),(2294,1,'en','plugins/ecommerce/order','referral_data.utm_term','UTM term','2023-11-19 00:36:41','2023-11-19 00:36:41'),(2295,1,'en','plugins/ecommerce/order','referral_data.utm_content','UTM content','2023-11-19 00:36:41','2023-11-19 00:36:41'),(2296,1,'en','plugins/ecommerce/order','referral_data.referral','Referral','2023-11-19 00:36:41','2023-11-19 00:36:41'),(2297,1,'en','plugins/ecommerce/order','referral_data.referrer_url','Referral URL','2023-11-19 00:36:41','2023-11-19 00:36:41'),(2298,1,'en','plugins/ecommerce/order','referral_data.referrer_domain','Referral domain','2023-11-19 00:36:41','2023-11-19 00:36:41'),(2299,1,'en','plugins/ecommerce/order','order_address_types.shipping_address','Shipping address','2023-11-19 00:36:41','2023-11-19 00:36:41'),(2300,1,'en','plugins/ecommerce/order','order_address_types.billing_address','Billing address','2023-11-19 00:36:41','2023-11-19 00:36:41'),(2301,1,'en','plugins/ecommerce/order','order_return_reasons.damaged','Damaged product','2023-11-19 00:36:41','2023-11-19 00:36:41'),(2302,1,'en','plugins/ecommerce/order','order_return_reasons.defective','Defective','2023-11-19 00:36:41','2023-11-19 00:36:41'),(2303,1,'en','plugins/ecommerce/order','order_return_reasons.incorrect_item','Incorrect item','2023-11-19 00:36:41','2023-11-19 00:36:41'),(2304,1,'en','plugins/ecommerce/order','order_return_reasons.arrived_late','Arrived late','2023-11-19 00:36:41','2023-11-19 00:36:41'),(2305,1,'en','plugins/ecommerce/order','order_return_reasons.not_as_described','Not as described','2023-11-19 00:36:41','2023-11-19 00:36:41'),(2306,1,'en','plugins/ecommerce/order','order_return_reasons.no_longer_want','No longer want','2023-11-19 00:36:41','2023-11-19 00:36:41'),(2307,1,'en','plugins/ecommerce/order','order_return_reasons.other','Other','2023-11-19 00:36:41','2023-11-19 00:36:41'),(2308,1,'en','plugins/ecommerce/order','order_return_reason','Return reason','2023-11-19 00:36:41','2023-11-19 00:36:41'),(2309,1,'en','plugins/ecommerce/order','notices.update_return_order_status_error','Cannot update return order status! Maybe the return order status is not valid.','2023-11-19 00:36:41','2023-11-19 00:36:41'),(2310,1,'en','plugins/ecommerce/order','notices.update_return_order_status_success','Update return order status successfully!','2023-11-19 00:36:41','2023-11-19 00:36:41'),(2311,1,'en','plugins/ecommerce/order','order_return','Order returns','2023-11-19 00:36:42','2023-11-19 00:36:42'),(2312,1,'en','plugins/ecommerce/order','edit_order_return','Edit order return :code','2023-11-19 00:36:42','2023-11-19 00:36:42'),(2313,1,'en','plugins/ecommerce/order','order_return_items_count','Product item(s)','2023-11-19 00:36:42','2023-11-19 00:36:42'),(2314,1,'en','plugins/ecommerce/order','new_order_notifications.new_order','New order','2023-11-19 00:36:42','2023-11-19 00:36:42'),(2315,1,'en','plugins/ecommerce/order','new_order_notifications.view','View','2023-11-19 00:36:42','2023-11-19 00:36:42'),(2316,1,'en','plugins/ecommerce/order','new_order_notifications.description',':customer ordered :quantity :product','2023-11-19 00:36:42','2023-11-19 00:36:42'),(2317,1,'en','plugins/ecommerce/order','confirm_payment_notifications.confirm_payment','Confirm payment','2023-11-19 00:36:42','2023-11-19 00:36:42'),(2318,1,'en','plugins/ecommerce/order','confirm_payment_notifications.description','Order :order Payment was confirmed (amount :amount) by :by','2023-11-19 00:36:42','2023-11-19 00:36:42'),(2319,1,'en','plugins/ecommerce/order','update_shipping_status_notifications.update_shipping_status','Update shipping status','2023-11-19 00:36:42','2023-11-19 00:36:42'),(2320,1,'en','plugins/ecommerce/order','update_shipping_status_notifications.description','Order :order had changed shipping status :description','2023-11-19 00:36:42','2023-11-19 00:36:42'),(2321,1,'en','plugins/ecommerce/order','cancel_order_notifications.cancel_order','Cancel order','2023-11-19 00:36:42','2023-11-19 00:36:42'),(2322,1,'en','plugins/ecommerce/order','cancel_order_notifications.description','Order :order was cancelled by custom :customer','2023-11-19 00:36:42','2023-11-19 00:36:42'),(2323,1,'en','plugins/ecommerce/order','return_order_notifications.return_order','Return order','2023-11-19 00:36:42','2023-11-19 00:36:42'),(2324,1,'en','plugins/ecommerce/order','return_order_notifications.description',':customer has requested return product(s)','2023-11-19 00:36:42','2023-11-19 00:36:42'),(2325,1,'en','plugins/ecommerce/order','order_completed_notifications.order_completed','Order Completed','2023-11-19 00:36:42','2023-11-19 00:36:42'),(2326,1,'en','plugins/ecommerce/order','order_completed_notifications.description','Order :order has been completed','2023-11-19 00:36:42','2023-11-19 00:36:42'),(2327,1,'en','plugins/ecommerce/order','tax_info.name','Tax Information','2023-11-19 00:36:42','2023-11-19 00:36:42'),(2328,1,'en','plugins/ecommerce/order','tax_info.update','Update tax information','2023-11-19 00:36:42','2023-11-19 00:36:42'),(2329,1,'en','plugins/ecommerce/order','tax_info.update_success','Update tax information successfully!','2023-11-19 00:36:42','2023-11-19 00:36:42'),(2330,1,'en','plugins/ecommerce/order','tax_info.company_name','Company name','2023-11-19 00:36:42','2023-11-19 00:36:42'),(2331,1,'en','plugins/ecommerce/order','tax_info.company_address','Company address','2023-11-19 00:36:42','2023-11-19 00:36:42'),(2332,1,'en','plugins/ecommerce/order','tax_info.company_tax_code','Company tax code','2023-11-19 00:36:42','2023-11-19 00:36:42'),(2333,1,'en','plugins/ecommerce/order','tax_info.company_email','Company email','2023-11-19 00:36:42','2023-11-19 00:36:42'),(2334,1,'en','plugins/ecommerce/order','mark_as_completed.name','Mark as completed','2023-11-19 00:36:42','2023-11-19 00:36:42'),(2335,1,'en','plugins/ecommerce/order','mark_as_completed.modal_title','Mark order as completed','2023-11-19 00:36:42','2023-11-19 00:36:42'),(2336,1,'en','plugins/ecommerce/order','mark_as_completed.modal_description','Are you sure you want to mark this order as completed? This will change the order status to completed and cannot be undone.','2023-11-19 00:36:42','2023-11-19 00:36:42'),(2337,1,'en','plugins/ecommerce/order','mark_as_completed.success','Mark order as completed successfully!','2023-11-19 00:36:42','2023-11-19 00:36:42'),(2338,1,'en','plugins/ecommerce/order','mark_as_completed.history','Order is marked as completed by :admin at :time','2023-11-19 00:36:42','2023-11-19 00:36:42'),(2339,1,'en','plugins/ecommerce/order','generate_invoice','Generate invoice','2023-11-19 00:36:42','2023-11-19 00:36:42'),(2340,1,'en','plugins/ecommerce/order','generated_invoice_successfully','Generated invoice successfully!','2023-11-19 00:36:42','2023-11-19 00:36:42'),(2341,1,'en','plugins/ecommerce/order','required_customer','Please select or create a customer first!','2023-11-19 00:36:42','2023-11-19 00:36:42'),(2342,1,'en','plugins/ecommerce/order','customer_not_exists','This customer is not existing!','2023-11-19 00:36:42','2023-11-19 00:36:42'),(2343,1,'en','plugins/ecommerce/payment','name','Payments','2023-11-19 00:36:42','2023-11-19 00:36:42'),(2344,1,'en','plugins/ecommerce/payment','payment_method','Payment methods','2023-11-19 00:36:42','2023-11-19 00:36:42'),(2345,1,'en','plugins/ecommerce/payment','view_payment','View payment #','2023-11-19 00:36:42','2023-11-19 00:36:42'),(2346,1,'en','plugins/ecommerce/payment','charge_id','Charge ID','2023-11-19 00:36:42','2023-11-19 00:36:42'),(2347,1,'en','plugins/ecommerce/payment','amount','Amount','2023-11-19 00:36:42','2023-11-19 00:36:42'),(2348,1,'en','plugins/ecommerce/payment','currency','Currency','2023-11-19 00:36:42','2023-11-19 00:36:42'),(2349,1,'en','plugins/ecommerce/payment','user','User','2023-11-19 00:36:42','2023-11-19 00:36:42'),(2350,1,'en','plugins/ecommerce/payment','paypal_name_required','PayPal\'s name is required!','2023-11-19 00:36:42','2023-11-19 00:36:42'),(2351,1,'en','plugins/ecommerce/payment','paypal_name_max','PayPal\'s name is too long!','2023-11-19 00:36:42','2023-11-19 00:36:42'),(2352,1,'en','plugins/ecommerce/payment','status','Status','2023-11-19 00:36:42','2023-11-19 00:36:42'),(2353,1,'en','plugins/ecommerce/payment','enabled','Enabled','2023-11-19 00:36:42','2023-11-19 00:36:42'),(2354,1,'en','plugins/ecommerce/payment','disabled','Disabled','2023-11-19 00:36:42','2023-11-19 00:36:42'),(2355,1,'en','plugins/ecommerce/payment','client_id','Client ID','2023-11-19 00:36:42','2023-11-19 00:36:42'),(2356,1,'en','plugins/ecommerce/payment','client_secret','Client Secret','2023-11-19 00:36:42','2023-11-19 00:36:42'),(2357,1,'en','plugins/ecommerce/payment','mode','Mode','2023-11-19 00:36:42','2023-11-19 00:36:42'),(2358,1,'en','plugins/ecommerce/payment','sandbox','Sandbox','2023-11-19 00:36:42','2023-11-19 00:36:42'),(2359,1,'en','plugins/ecommerce/payment','live','Live','2023-11-19 00:36:42','2023-11-19 00:36:42'),(2360,1,'en','plugins/ecommerce/payment','enable_payment_log','Enable Payment Log','2023-11-19 00:36:42','2023-11-19 00:36:42'),(2361,1,'en','plugins/ecommerce/payment','yes','Yes','2023-11-19 00:36:42','2023-11-19 00:36:42'),(2362,1,'en','plugins/ecommerce/payment','no','No','2023-11-19 00:36:42','2023-11-19 00:36:42'),(2363,1,'en','plugins/ecommerce/payment','client_key','Client Key','2023-11-19 00:36:42','2023-11-19 00:36:42'),(2364,1,'en','plugins/ecommerce/payment','paypal','PayPal','2023-11-19 00:36:42','2023-11-19 00:36:42'),(2365,1,'en','plugins/ecommerce/payment','action','Action','2023-11-19 00:36:42','2023-11-19 00:36:42'),(2366,1,'en','plugins/ecommerce/payment','go_back','Go back','2023-11-19 00:36:42','2023-11-19 00:36:42'),(2367,1,'en','plugins/ecommerce/payment','view','View','2023-11-19 00:36:42','2023-11-19 00:36:42'),(2368,1,'en','plugins/ecommerce/payment','cash_on_delivery','Cash on delivery (COD)','2023-11-19 00:36:42','2023-11-19 00:36:42'),(2369,1,'en','plugins/ecommerce/payment','via_bank_transfer','Via bank transfer','2023-11-19 00:36:42','2023-11-19 00:36:42'),(2370,1,'en','plugins/ecommerce/payment','payment_via_cart','Payment via card','2023-11-19 00:36:42','2023-11-19 00:36:42'),(2371,1,'en','plugins/ecommerce/payment','card_number','Card number','2023-11-19 00:36:42','2023-11-19 00:36:42'),(2372,1,'en','plugins/ecommerce/payment','full_name','Full name','2023-11-19 00:36:42','2023-11-19 00:36:42'),(2373,1,'en','plugins/ecommerce/payment','payment_via_paypal','Payment via PayPal','2023-11-19 00:36:42','2023-11-19 00:36:42'),(2374,1,'en','plugins/ecommerce/payment','mm_yy','MM/YY','2023-11-19 00:36:42','2023-11-19 00:36:42'),(2375,1,'en','plugins/ecommerce/payment','cvc','CVC','2023-11-19 00:36:42','2023-11-19 00:36:42'),(2376,1,'en','plugins/ecommerce/payment','details','Details','2023-11-19 00:36:42','2023-11-19 00:36:42'),(2377,1,'en','plugins/ecommerce/payment','payer_name','Payer Name','2023-11-19 00:36:42','2023-11-19 00:36:42'),(2378,1,'en','plugins/ecommerce/payment','email','Email','2023-11-19 00:36:42','2023-11-19 00:36:42'),(2379,1,'en','plugins/ecommerce/payment','phone','Phone','2023-11-19 00:36:42','2023-11-19 00:36:42'),(2380,1,'en','plugins/ecommerce/payment','country','Country','2023-11-19 00:36:42','2023-11-19 00:36:42'),(2381,1,'en','plugins/ecommerce/payment','shipping_address','Shipping Address','2023-11-19 00:36:42','2023-11-19 00:36:42'),(2382,1,'en','plugins/ecommerce/payment','payment_details','Payment Details','2023-11-19 00:36:42','2023-11-19 00:36:42'),(2383,1,'en','plugins/ecommerce/payment','card','Card','2023-11-19 00:36:42','2023-11-19 00:36:42'),(2384,1,'en','plugins/ecommerce/payment','address','Address','2023-11-19 00:36:42','2023-11-19 00:36:42'),(2385,1,'en','plugins/ecommerce/payment','new_payment','Payment for order :id','2023-11-19 00:36:42','2023-11-19 00:36:42'),(2386,1,'en','plugins/ecommerce/payment','payment_id','Payment ID','2023-11-19 00:36:42','2023-11-19 00:36:42'),(2387,1,'en','plugins/ecommerce/payment','order','Order','2023-11-19 00:36:42','2023-11-19 00:36:42'),(2388,1,'en','plugins/ecommerce/payment','add_payment','Add payment','2023-11-19 00:36:42','2023-11-19 00:36:42'),(2389,1,'en','plugins/ecommerce/payment','add_new_payment','New payment','2023-11-19 00:36:42','2023-11-19 00:36:42'),(2390,1,'en','plugins/ecommerce/payment','add','Add','2023-11-19 00:36:42','2023-11-19 00:36:42'),(2391,1,'en','plugins/ecommerce/payment','no_data','No data to display','2023-11-19 00:36:42','2023-11-19 00:36:42'),(2392,1,'en','plugins/ecommerce/payment','no_option','No option','2023-11-19 00:36:42','2023-11-19 00:36:42'),(2393,1,'en','plugins/ecommerce/payment','edit_payment','Edit payment','2023-11-19 00:36:42','2023-11-19 00:36:42'),(2394,1,'en','plugins/ecommerce/payment','save','Save','2023-11-19 00:36:42','2023-11-19 00:36:42'),(2395,1,'en','plugins/ecommerce/prices','name','Price','2023-11-19 00:36:42','2023-11-19 00:36:42'),(2396,1,'en','plugins/ecommerce/prices','create','New price','2023-11-19 00:36:42','2023-11-19 00:36:42'),(2397,1,'en','plugins/ecommerce/prices','edit','Edit price','2023-11-19 00:36:42','2023-11-19 00:36:42'),(2398,1,'en','plugins/ecommerce/prices','list','List price','2023-11-19 00:36:42','2023-11-19 00:36:42'),(2399,1,'en','plugins/ecommerce/product-attribute-sets','name','Product attribute sets','2023-11-19 00:36:42','2023-11-19 00:36:42'),(2400,1,'en','plugins/ecommerce/product-attribute-sets','create','New product attribute set','2023-11-19 00:36:42','2023-11-19 00:36:42'),(2401,1,'en','plugins/ecommerce/product-attribute-sets','edit','Edit product attribute set','2023-11-19 00:36:42','2023-11-19 00:36:42'),(2402,1,'en','plugins/ecommerce/product-attribute-sets','visible_in_categories','Visible in categories','2023-11-19 00:36:42','2023-11-19 00:36:42'),(2403,1,'en','plugins/ecommerce/product-attribute-sets','product_with_more_version','Product with more version','2023-11-19 00:36:42','2023-11-19 00:36:42'),(2404,1,'en','plugins/ecommerce/product-attribute-sets','create_a_version','Create a version','2023-11-19 00:36:42','2023-11-19 00:36:42'),(2405,1,'en','plugins/ecommerce/product-attribute-sets','enabled','Enabled','2023-11-19 00:36:42','2023-11-19 00:36:42'),(2406,1,'en','plugins/ecommerce/product-attribute-sets','attributes','Attributes','2023-11-19 00:36:42','2023-11-19 00:36:42'),(2407,1,'en','plugins/ecommerce/product-attribute-sets','price','Price','2023-11-19 00:36:42','2023-11-19 00:36:42'),(2408,1,'en','plugins/ecommerce/product-attribute-sets','edit_btn','Edit','2023-11-19 00:36:42','2023-11-19 00:36:42'),(2409,1,'en','plugins/ecommerce/product-attribute-sets','remove_btn','Remove','2023-11-19 00:36:42','2023-11-19 00:36:42'),(2410,1,'en','plugins/ecommerce/product-attribute-sets','product','Product','2023-11-19 00:36:42','2023-11-19 00:36:42'),(2411,1,'en','plugins/ecommerce/product-attribute-sets','back_to_product','Back to product','2023-11-19 00:36:42','2023-11-19 00:36:42'),(2412,1,'en','plugins/ecommerce/product-attribute-sets','save','Save','2023-11-19 00:36:42','2023-11-19 00:36:42'),(2413,1,'en','plugins/ecommerce/product-attribute-sets','other_existing_versions','Other existing versions','2023-11-19 00:36:42','2023-11-19 00:36:42'),(2414,1,'en','plugins/ecommerce/product-attribute-sets','version_information','Version information','2023-11-19 00:36:42','2023-11-19 00:36:42'),(2415,1,'en','plugins/ecommerce/product-attribute-sets','add_rule','Add rule','2023-11-19 00:36:42','2023-11-19 00:36:42'),(2416,1,'en','plugins/ecommerce/product-attribute-sets','rules','Rules','2023-11-19 00:36:42','2023-11-19 00:36:42'),(2417,1,'en','plugins/ecommerce/product-attribute-sets','pricing','Pricing','2023-11-19 00:36:42','2023-11-19 00:36:42'),(2418,1,'en','plugins/ecommerce/product-attribute-sets','sale_price','Sale price','2023-11-19 00:36:42','2023-11-19 00:36:42'),(2419,1,'en','plugins/ecommerce/product-attribute-sets','sale_type','Sale type','2023-11-19 00:36:42','2023-11-19 00:36:42'),(2420,1,'en','plugins/ecommerce/product-attribute-sets','no_sale_price','No sale price','2023-11-19 00:36:42','2023-11-19 00:36:42'),(2421,1,'en','plugins/ecommerce/product-attribute-sets','always_on_sale','Always on sale','2023-11-19 00:36:42','2023-11-19 00:36:42'),(2422,1,'en','plugins/ecommerce/product-attribute-sets','limited_time','Limited time','2023-11-19 00:36:42','2023-11-19 00:36:42'),(2423,1,'en','plugins/ecommerce/product-attribute-sets','from','From','2023-11-19 00:36:42','2023-11-19 00:36:42'),(2424,1,'en','plugins/ecommerce/product-attribute-sets','to','To','2023-11-19 00:36:43','2023-11-19 00:36:43'),(2425,1,'en','plugins/ecommerce/product-attribute-sets','storehouse','Storehouse','2023-11-19 00:36:43','2023-11-19 00:36:43'),(2426,1,'en','plugins/ecommerce/product-attribute-sets','no_storehouse_management','No storehouse management','2023-11-19 00:36:43','2023-11-19 00:36:43'),(2427,1,'en','plugins/ecommerce/product-attribute-sets','with_storehouse_management','With storehouse management','2023-11-19 00:36:43','2023-11-19 00:36:43'),(2428,1,'en','plugins/ecommerce/product-attribute-sets','quantity','Quantity','2023-11-19 00:36:43','2023-11-19 00:36:43'),(2429,1,'en','plugins/ecommerce/product-attribute-sets','allow_customer_checkout_out_of_stock','Allow customer checkout when this product out of stock','2023-11-19 00:36:43','2023-11-19 00:36:43'),(2430,1,'en','plugins/ecommerce/product-attribute-sets','shipping','Shipping','2023-11-19 00:36:43','2023-11-19 00:36:43'),(2431,1,'en','plugins/ecommerce/product-attribute-sets','length','Length','2023-11-19 00:36:43','2023-11-19 00:36:43'),(2432,1,'en','plugins/ecommerce/product-attribute-sets','wide','Wide','2023-11-19 00:36:43','2023-11-19 00:36:43'),(2433,1,'en','plugins/ecommerce/product-attribute-sets','height','Height','2023-11-19 00:36:43','2023-11-19 00:36:43'),(2434,1,'en','plugins/ecommerce/product-attribute-sets','weight','Weight','2023-11-19 00:36:43','2023-11-19 00:36:43'),(2435,1,'en','plugins/ecommerce/product-attribute-sets','version_images','Version images','2023-11-19 00:36:43','2023-11-19 00:36:43'),(2436,1,'en','plugins/ecommerce/product-attribute-sets','add_new_image','Add new image','2023-11-19 00:36:43','2023-11-19 00:36:43'),(2437,1,'en','plugins/ecommerce/product-attribute-sets','attribute_set','Attribute set','2023-11-19 00:36:43','2023-11-19 00:36:43'),(2438,1,'en','plugins/ecommerce/product-attribute-sets','value','Value','2023-11-19 00:36:43','2023-11-19 00:36:43'),(2439,1,'en','plugins/ecommerce/product-attribute-sets','dropdown_swatch','Dropdown Swatch','2023-11-19 00:36:43','2023-11-19 00:36:43'),(2440,1,'en','plugins/ecommerce/product-attribute-sets','visual_swatch','Visual Swatch','2023-11-19 00:36:43','2023-11-19 00:36:43'),(2441,1,'en','plugins/ecommerce/product-attribute-sets','text_swatch','Text Swatch','2023-11-19 00:36:43','2023-11-19 00:36:43'),(2442,1,'en','plugins/ecommerce/product-attribute-sets','display_layout','Display Layout','2023-11-19 00:36:43','2023-11-19 00:36:43'),(2443,1,'en','plugins/ecommerce/product-attribute-sets','searchable','Searchable','2023-11-19 00:36:43','2023-11-19 00:36:43'),(2444,1,'en','plugins/ecommerce/product-attribute-sets','comparable','Comparable','2023-11-19 00:36:43','2023-11-19 00:36:43'),(2445,1,'en','plugins/ecommerce/product-attribute-sets','use_in_product_listing','Used in product listing','2023-11-19 00:36:43','2023-11-19 00:36:43'),(2446,1,'en','plugins/ecommerce/product-attribute-sets','attributes_list','Attributes list','2023-11-19 00:36:43','2023-11-19 00:36:43'),(2447,1,'en','plugins/ecommerce/product-attribute-sets','is_default','Is default?','2023-11-19 00:36:43','2023-11-19 00:36:43'),(2448,1,'en','plugins/ecommerce/product-attribute-sets','title','Title','2023-11-19 00:36:43','2023-11-19 00:36:43'),(2449,1,'en','plugins/ecommerce/product-attribute-sets','slug','Slug','2023-11-19 00:36:43','2023-11-19 00:36:43'),(2450,1,'en','plugins/ecommerce/product-attribute-sets','color','Color','2023-11-19 00:36:43','2023-11-19 00:36:43'),(2451,1,'en','plugins/ecommerce/product-attribute-sets','image','Image','2023-11-19 00:36:43','2023-11-19 00:36:43'),(2452,1,'en','plugins/ecommerce/product-attribute-sets','remove','Remove','2023-11-19 00:36:43','2023-11-19 00:36:43'),(2453,1,'en','plugins/ecommerce/product-attribute-sets','add_new_attribute','Add new attribute','2023-11-19 00:36:43','2023-11-19 00:36:43'),(2454,1,'en','plugins/ecommerce/product-attribute-sets','use_image_from_product_variation','Use image from product variation (for Visual Swatch only)','2023-11-19 00:36:43','2023-11-19 00:36:43'),(2455,1,'en','plugins/ecommerce/product-attributes','name','Product attributes','2023-11-19 00:36:43','2023-11-19 00:36:43'),(2456,1,'en','plugins/ecommerce/product-attributes','create','New product attribute','2023-11-19 00:36:43','2023-11-19 00:36:43'),(2457,1,'en','plugins/ecommerce/product-attributes','edit','Edit product attribute','2023-11-19 00:36:43','2023-11-19 00:36:43'),(2458,1,'en','plugins/ecommerce/product-attributes','intro.title','Manage product attributes','2023-11-19 00:36:43','2023-11-19 00:36:43'),(2459,1,'en','plugins/ecommerce/product-attributes','intro.description','Product attribute such as color, width, height ...','2023-11-19 00:36:43','2023-11-19 00:36:43'),(2460,1,'en','plugins/ecommerce/product-attributes','intro.button_text','Create product attribute','2023-11-19 00:36:43','2023-11-19 00:36:43'),(2461,1,'en','plugins/ecommerce/product-categories','name','Product categories','2023-11-19 00:36:43','2023-11-19 00:36:43'),(2462,1,'en','plugins/ecommerce/product-categories','create','Create new product category','2023-11-19 00:36:43','2023-11-19 00:36:43'),(2463,1,'en','plugins/ecommerce/product-categories','edit','Edit product category','2023-11-19 00:36:43','2023-11-19 00:36:43'),(2464,1,'en','plugins/ecommerce/product-categories','list','List product categories','2023-11-19 00:36:43','2023-11-19 00:36:43'),(2465,1,'en','plugins/ecommerce/product-categories','none','None','2023-11-19 00:36:43','2023-11-19 00:36:43'),(2466,1,'en','plugins/ecommerce/product-categories','menu','Product categories','2023-11-19 00:36:43','2023-11-19 00:36:43'),(2467,1,'en','plugins/ecommerce/product-categories','intro.title','Manage product categories','2023-11-19 00:36:43','2023-11-19 00:36:43'),(2468,1,'en','plugins/ecommerce/product-categories','intro.description','Such as clothes, shoes, bags, jewelry ...','2023-11-19 00:36:43','2023-11-19 00:36:43'),(2469,1,'en','plugins/ecommerce/product-categories','intro.button_text','Create product category','2023-11-19 00:36:43','2023-11-19 00:36:43'),(2470,1,'en','plugins/ecommerce/product-categories','total_products','Total products: :total','2023-11-19 00:36:43','2023-11-19 00:36:43'),(2471,1,'en','plugins/ecommerce/product-collections','name','Product collections','2023-11-19 00:36:43','2023-11-19 00:36:43'),(2472,1,'en','plugins/ecommerce/product-collections','create','New product collection','2023-11-19 00:36:43','2023-11-19 00:36:43'),(2473,1,'en','plugins/ecommerce/product-collections','edit','Edit product collection','2023-11-19 00:36:43','2023-11-19 00:36:43'),(2474,1,'en','plugins/ecommerce/product-collections','slug_help_block','Label key: <code>:slug</code>. We will use this key for filter.','2023-11-19 00:36:43','2023-11-19 00:36:43'),(2475,1,'en','plugins/ecommerce/product-collections','intro.title','Manage product collections','2023-11-19 00:36:43','2023-11-19 00:36:43'),(2476,1,'en','plugins/ecommerce/product-collections','intro.description','Group your products into collections to make it easier for customers to find them by category.','2023-11-19 00:36:43','2023-11-19 00:36:43'),(2477,1,'en','plugins/ecommerce/product-collections','intro.button_text','Create product collection','2023-11-19 00:36:43','2023-11-19 00:36:43'),(2478,1,'en','plugins/ecommerce/product-label','name','Product labels','2023-11-19 00:36:43','2023-11-19 00:36:43'),(2479,1,'en','plugins/ecommerce/product-label','create','New product label','2023-11-19 00:36:43','2023-11-19 00:36:43'),(2480,1,'en','plugins/ecommerce/product-label','edit','Edit product label','2023-11-19 00:36:43','2023-11-19 00:36:43'),(2481,1,'en','plugins/ecommerce/product-label','color','Color','2023-11-19 00:36:43','2023-11-19 00:36:43'),(2482,1,'en','plugins/ecommerce/product-label','color_placeholder','Example: #f0f0f0','2023-11-19 00:36:43','2023-11-19 00:36:43'),(2483,1,'en','plugins/ecommerce/product-option','name','Product options','2023-11-19 00:36:43','2023-11-19 00:36:43'),(2484,1,'en','plugins/ecommerce/product-option','options','Options','2023-11-19 00:36:43','2023-11-19 00:36:43'),(2485,1,'en','plugins/ecommerce/product-option','create','New option','2023-11-19 00:36:43','2023-11-19 00:36:43'),(2486,1,'en','plugins/ecommerce/product-option','edit','Edit option :name','2023-11-19 00:36:43','2023-11-19 00:36:43'),(2487,1,'en','plugins/ecommerce/product-option','required','Is required?','2023-11-19 00:36:43','2023-11-19 00:36:43'),(2488,1,'en','plugins/ecommerce/product-option','option_value','Option value','2023-11-19 00:36:43','2023-11-19 00:36:43'),(2489,1,'en','plugins/ecommerce/product-option','option_type','Type','2023-11-19 00:36:43','2023-11-19 00:36:43'),(2490,1,'en','plugins/ecommerce/product-option','label','Label','2023-11-19 00:36:43','2023-11-19 00:36:43'),(2491,1,'en','plugins/ecommerce/product-option','price','Price','2023-11-19 00:36:43','2023-11-19 00:36:43'),(2492,1,'en','plugins/ecommerce/product-option','price_type','Price Type','2023-11-19 00:36:43','2023-11-19 00:36:43'),(2493,1,'en','plugins/ecommerce/product-option','percent','Percent','2023-11-19 00:36:43','2023-11-19 00:36:43'),(2494,1,'en','plugins/ecommerce/product-option','fixed','Fixed','2023-11-19 00:36:43','2023-11-19 00:36:43'),(2495,1,'en','plugins/ecommerce/product-option','label_placeholder','Please fill label','2023-11-19 00:36:43','2023-11-19 00:36:43'),(2496,1,'en','plugins/ecommerce/product-option','affect_price_label','Please fill affect price','2023-11-19 00:36:43','2023-11-19 00:36:43'),(2497,1,'en','plugins/ecommerce/product-option','add_new_row','Add new row','2023-11-19 00:36:43','2023-11-19 00:36:43'),(2498,1,'en','plugins/ecommerce/product-option','add_new_option','Add new option','2023-11-19 00:36:43','2023-11-19 00:36:43'),(2499,1,'en','plugins/ecommerce/product-option','select_global_option','Select Global Option','2023-11-19 00:36:43','2023-11-19 00:36:43'),(2500,1,'en','plugins/ecommerce/product-option','add_global_option','Add Global Option','2023-11-19 00:36:43','2023-11-19 00:36:43'),(2501,1,'en','plugins/ecommerce/product-option','please_select_option','Please select option','2023-11-19 00:36:43','2023-11-19 00:36:43'),(2502,1,'en','plugins/ecommerce/product-option','add_to_cart_value_required','Option :value is required','2023-11-19 00:36:43','2023-11-19 00:36:43'),(2503,1,'en','plugins/ecommerce/product-option','option_value_attribute','value :item of :value_key on option #:option_key','2023-11-19 00:36:43','2023-11-19 00:36:43'),(2504,1,'en','plugins/ecommerce/product-option','option_name_attribute','Option :key','2023-11-19 00:36:43','2023-11-19 00:36:43'),(2505,1,'en','plugins/ecommerce/product-option','option_type_attribute','Type of option :key','2023-11-19 00:36:43','2023-11-19 00:36:43'),(2506,1,'en','plugins/ecommerce/product-option','option_value_name_attribute','Values of option :key','2023-11-19 00:36:43','2023-11-19 00:36:43'),(2507,1,'en','plugins/ecommerce/product-option','please_choose_option_type','Please choose option type!','2023-11-19 00:36:43','2023-11-19 00:36:43'),(2508,1,'en','plugins/ecommerce/product-tag','name','Product tags','2023-11-19 00:36:43','2023-11-19 00:36:43'),(2509,1,'en','plugins/ecommerce/product-tag','create','New product tag','2023-11-19 00:36:43','2023-11-19 00:36:43'),(2510,1,'en','plugins/ecommerce/product-tag','edit','Edit product tag','2023-11-19 00:36:43','2023-11-19 00:36:43'),(2511,1,'en','plugins/ecommerce/products','name','Products','2023-11-19 00:36:43','2023-11-19 00:36:43'),(2512,1,'en','plugins/ecommerce/products','create','New product','2023-11-19 00:36:43','2023-11-19 00:36:43'),(2513,1,'en','plugins/ecommerce/products','create_product_type.physical','New physical product','2023-11-19 00:36:43','2023-11-19 00:36:43'),(2514,1,'en','plugins/ecommerce/products','create_product_type.digital','New digital product','2023-11-19 00:36:43','2023-11-19 00:36:43'),(2515,1,'en','plugins/ecommerce/products','edit','Edit product - :name','2023-11-19 00:36:43','2023-11-19 00:36:43'),(2516,1,'en','plugins/ecommerce/products','form.name','Name','2023-11-19 00:36:43','2023-11-19 00:36:43'),(2517,1,'en','plugins/ecommerce/products','form.name_placeholder','Product\'s name (Maximum 120 characters)','2023-11-19 00:36:43','2023-11-19 00:36:43'),(2518,1,'en','plugins/ecommerce/products','form.description','Description','2023-11-19 00:36:43','2023-11-19 00:36:43'),(2519,1,'en','plugins/ecommerce/products','form.description_placeholder','Short description for product (Maximum 400 characters)','2023-11-19 00:36:43','2023-11-19 00:36:43'),(2520,1,'en','plugins/ecommerce/products','form.categories','Categories','2023-11-19 00:36:43','2023-11-19 00:36:43'),(2521,1,'en','plugins/ecommerce/products','form.content','Content','2023-11-19 00:36:43','2023-11-19 00:36:43'),(2522,1,'en','plugins/ecommerce/products','form.price','Price','2023-11-19 00:36:43','2023-11-19 00:36:43'),(2523,1,'en','plugins/ecommerce/products','form.quantity','Quantity','2023-11-19 00:36:43','2023-11-19 00:36:43'),(2524,1,'en','plugins/ecommerce/products','form.brand','Brand','2023-11-19 00:36:43','2023-11-19 00:36:43'),(2525,1,'en','plugins/ecommerce/products','form.width','Width','2023-11-19 00:36:43','2023-11-19 00:36:43'),(2526,1,'en','plugins/ecommerce/products','form.height','Height','2023-11-19 00:36:43','2023-11-19 00:36:43'),(2527,1,'en','plugins/ecommerce/products','form.weight','Weight','2023-11-19 00:36:43','2023-11-19 00:36:43'),(2528,1,'en','plugins/ecommerce/products','form.date.start','From date','2023-11-19 00:36:43','2023-11-19 00:36:43'),(2529,1,'en','plugins/ecommerce/products','form.date.end','To date','2023-11-19 00:36:43','2023-11-19 00:36:43'),(2530,1,'en','plugins/ecommerce/products','form.image','Images','2023-11-19 00:36:43','2023-11-19 00:36:43'),(2531,1,'en','plugins/ecommerce/products','form.collections','Product collections','2023-11-19 00:36:43','2023-11-19 00:36:43'),(2532,1,'en','plugins/ecommerce/products','form.labels','Labels','2023-11-19 00:36:43','2023-11-19 00:36:43'),(2533,1,'en','plugins/ecommerce/products','form.price_sale','Price sale','2023-11-19 00:36:43','2023-11-19 00:36:43'),(2534,1,'en','plugins/ecommerce/products','form.product_type.title','Product type','2023-11-19 00:36:43','2023-11-19 00:36:43'),(2535,1,'en','plugins/ecommerce/products','form.product','Product','2023-11-19 00:36:43','2023-11-19 00:36:43'),(2536,1,'en','plugins/ecommerce/products','form.total','Total','2023-11-19 00:36:43','2023-11-19 00:36:43'),(2537,1,'en','plugins/ecommerce/products','form.sub_total','Subtotal','2023-11-19 00:36:43','2023-11-19 00:36:43'),(2538,1,'en','plugins/ecommerce/products','form.shipping_fee','Shipping fee','2023-11-19 00:36:43','2023-11-19 00:36:43'),(2539,1,'en','plugins/ecommerce/products','form.discount','Discount','2023-11-19 00:36:43','2023-11-19 00:36:43'),(2540,1,'en','plugins/ecommerce/products','form.options','Options','2023-11-19 00:36:43','2023-11-19 00:36:43'),(2541,1,'en','plugins/ecommerce/products','form.shipping.height','Height','2023-11-19 00:36:43','2023-11-19 00:36:43'),(2542,1,'en','plugins/ecommerce/products','form.shipping.length','Length','2023-11-19 00:36:43','2023-11-19 00:36:43'),(2543,1,'en','plugins/ecommerce/products','form.shipping.title','Shipping','2023-11-19 00:36:43','2023-11-19 00:36:43'),(2544,1,'en','plugins/ecommerce/products','form.shipping.weight','Weight','2023-11-19 00:36:43','2023-11-19 00:36:43'),(2545,1,'en','plugins/ecommerce/products','form.shipping.wide','Wide','2023-11-19 00:36:43','2023-11-19 00:36:43'),(2546,1,'en','plugins/ecommerce/products','form.barcode','Barcode (ISBN, UPC, GTIN, etc.) ','2023-11-19 00:36:43','2023-11-19 00:36:43'),(2547,1,'en','plugins/ecommerce/products','form.barcode_placeholder','Enter barcode','2023-11-19 00:36:43','2023-11-19 00:36:43'),(2548,1,'en','plugins/ecommerce/products','form.cost_per_item','Cost per item','2023-11-19 00:36:43','2023-11-19 00:36:43'),(2549,1,'en','plugins/ecommerce/products','form.cost_per_item_placeholder','Enter cost per item','2023-11-19 00:36:43','2023-11-19 00:36:43'),(2550,1,'en','plugins/ecommerce/products','form.cost_per_item_helper','Customers won\'t see this price.','2023-11-19 00:36:43','2023-11-19 00:36:43'),(2551,1,'en','plugins/ecommerce/products','form.stock.allow_order_when_out','Allow customer checkout when this product out of stock','2023-11-19 00:36:43','2023-11-19 00:36:43'),(2552,1,'en','plugins/ecommerce/products','form.stock.in_stock','In stock','2023-11-19 00:36:43','2023-11-19 00:36:43'),(2553,1,'en','plugins/ecommerce/products','form.stock.out_stock','Out stock','2023-11-19 00:36:43','2023-11-19 00:36:43'),(2554,1,'en','plugins/ecommerce/products','form.stock.title','Stock status','2023-11-19 00:36:43','2023-11-19 00:36:43'),(2555,1,'en','plugins/ecommerce/products','form.storehouse.no_storehouse','No storehouse management','2023-11-19 00:36:44','2023-11-19 00:36:44'),(2556,1,'en','plugins/ecommerce/products','form.storehouse.storehouse','With storehouse management','2023-11-19 00:36:44','2023-11-19 00:36:44'),(2557,1,'en','plugins/ecommerce/products','form.storehouse.title','Storehouse','2023-11-19 00:36:44','2023-11-19 00:36:44'),(2558,1,'en','plugins/ecommerce/products','form.storehouse.quantity','Quantity','2023-11-19 00:36:44','2023-11-19 00:36:44'),(2559,1,'en','plugins/ecommerce/products','form.tax','Tax','2023-11-19 00:36:44','2023-11-19 00:36:44'),(2560,1,'en','plugins/ecommerce/products','form.taxes','Taxes','2023-11-19 00:36:44','2023-11-19 00:36:44'),(2561,1,'en','plugins/ecommerce/products','form.is_default','Is default','2023-11-19 00:36:44','2023-11-19 00:36:44'),(2562,1,'en','plugins/ecommerce/products','form.action','Action','2023-11-19 00:36:44','2023-11-19 00:36:44'),(2563,1,'en','plugins/ecommerce/products','form.restock_quantity','Restock quantity','2023-11-19 00:36:44','2023-11-19 00:36:44'),(2564,1,'en','plugins/ecommerce/products','form.remain','Remain','2023-11-19 00:36:44','2023-11-19 00:36:44'),(2565,1,'en','plugins/ecommerce/products','form.choose_discount_period','Choose Discount Period','2023-11-19 00:36:44','2023-11-19 00:36:44'),(2566,1,'en','plugins/ecommerce/products','form.cancel','Cancel','2023-11-19 00:36:44','2023-11-19 00:36:44'),(2567,1,'en','plugins/ecommerce/products','form.no_results','No results!','2023-11-19 00:36:44','2023-11-19 00:36:44'),(2568,1,'en','plugins/ecommerce/products','form.value','Value','2023-11-19 00:36:44','2023-11-19 00:36:44'),(2569,1,'en','plugins/ecommerce/products','form.attribute_name','Attribute name','2023-11-19 00:36:44','2023-11-19 00:36:44'),(2570,1,'en','plugins/ecommerce/products','form.add_more_attribute','Add more attribute','2023-11-19 00:36:44','2023-11-19 00:36:44'),(2571,1,'en','plugins/ecommerce/products','form.continue','Continue','2023-11-19 00:36:44','2023-11-19 00:36:44'),(2572,1,'en','plugins/ecommerce/products','form.add_new_attributes','Add new attributes','2023-11-19 00:36:44','2023-11-19 00:36:44'),(2573,1,'en','plugins/ecommerce/products','form.add_new_attributes_description','Adding new attributes helps the product to have many options, such as size or color.','2023-11-19 00:36:44','2023-11-19 00:36:44'),(2574,1,'en','plugins/ecommerce/products','form.create_product_variations',':link to create product variations!','2023-11-19 00:36:44','2023-11-19 00:36:44'),(2575,1,'en','plugins/ecommerce/products','form.tags','Tags','2023-11-19 00:36:44','2023-11-19 00:36:44'),(2576,1,'en','plugins/ecommerce/products','form.write_some_tags','Write some tags','2023-11-19 00:36:44','2023-11-19 00:36:44'),(2577,1,'en','plugins/ecommerce/products','form.variation_existed','This variation is existed.','2023-11-19 00:36:44','2023-11-19 00:36:44'),(2578,1,'en','plugins/ecommerce/products','form.no_attributes_selected','No attributes selected!','2023-11-19 00:36:44','2023-11-19 00:36:44'),(2579,1,'en','plugins/ecommerce/products','form.added_variation_success','Added variation successfully!','2023-11-19 00:36:44','2023-11-19 00:36:44'),(2580,1,'en','plugins/ecommerce/products','form.updated_variation_success','Updated variation successfully!','2023-11-19 00:36:44','2023-11-19 00:36:44'),(2581,1,'en','plugins/ecommerce/products','form.created_all_variation_success','Created all variations successfully!','2023-11-19 00:36:44','2023-11-19 00:36:44'),(2582,1,'en','plugins/ecommerce/products','form.updated_product_attributes_success','Updated product attributes successfully!','2023-11-19 00:36:44','2023-11-19 00:36:44'),(2583,1,'en','plugins/ecommerce/products','form.stock_status','Stock status','2023-11-19 00:36:44','2023-11-19 00:36:44'),(2584,1,'en','plugins/ecommerce/products','form.auto_generate_sku','Auto generate SKU?','2023-11-19 00:36:44','2023-11-19 00:36:44'),(2585,1,'en','plugins/ecommerce/products','form.featured_image','Featured image (optional)','2023-11-19 00:36:44','2023-11-19 00:36:44'),(2586,1,'en','plugins/ecommerce/products','form.product_id','Product ID','2023-11-19 00:36:44','2023-11-19 00:36:44'),(2587,1,'en','plugins/ecommerce/products','price','Price','2023-11-19 00:36:44','2023-11-19 00:36:44'),(2588,1,'en','plugins/ecommerce/products','quantity','Quantity','2023-11-19 00:36:44','2023-11-19 00:36:44'),(2589,1,'en','plugins/ecommerce/products','type','Type','2023-11-19 00:36:44','2023-11-19 00:36:44'),(2590,1,'en','plugins/ecommerce/products','image','Thumbnail','2023-11-19 00:36:44','2023-11-19 00:36:44'),(2591,1,'en','plugins/ecommerce/products','sku','SKU','2023-11-19 00:36:44','2023-11-19 00:36:44'),(2592,1,'en','plugins/ecommerce/products','variation_sku','Variation SKU','2023-11-19 00:36:44','2023-11-19 00:36:44'),(2593,1,'en','plugins/ecommerce/products','brand','Brand','2023-11-19 00:36:44','2023-11-19 00:36:44'),(2594,1,'en','plugins/ecommerce/products','cannot_delete','Product could not be deleted','2023-11-19 00:36:44','2023-11-19 00:36:44'),(2595,1,'en','plugins/ecommerce/products','product_deleted','Product deleted','2023-11-19 00:36:44','2023-11-19 00:36:44'),(2596,1,'en','plugins/ecommerce/products','product_collections','Product collections','2023-11-19 00:36:44','2023-11-19 00:36:44'),(2597,1,'en','plugins/ecommerce/products','products','Products','2023-11-19 00:36:44','2023-11-19 00:36:44'),(2598,1,'en','plugins/ecommerce/products','menu','Products','2023-11-19 00:36:44','2023-11-19 00:36:44'),(2599,1,'en','plugins/ecommerce/products','control.button_add_image','Add image','2023-11-19 00:36:44','2023-11-19 00:36:44'),(2600,1,'en','plugins/ecommerce/products','price_sale','Sale price','2023-11-19 00:36:44','2023-11-19 00:36:44'),(2601,1,'en','plugins/ecommerce/products','price_group_title','Manager product price','2023-11-19 00:36:44','2023-11-19 00:36:44'),(2602,1,'en','plugins/ecommerce/products','store_house_group_title','Manager store house','2023-11-19 00:36:44','2023-11-19 00:36:44'),(2603,1,'en','plugins/ecommerce/products','shipping_group_title','Manager shipping','2023-11-19 00:36:44','2023-11-19 00:36:44'),(2604,1,'en','plugins/ecommerce/products','overview','Overview','2023-11-19 00:36:44','2023-11-19 00:36:44'),(2605,1,'en','plugins/ecommerce/products','attributes','Attributes','2023-11-19 00:36:44','2023-11-19 00:36:44'),(2606,1,'en','plugins/ecommerce/products','product_has_variations','Product has variations','2023-11-19 00:36:44','2023-11-19 00:36:44'),(2607,1,'en','plugins/ecommerce/products','manage_products','Manage products','2023-11-19 00:36:44','2023-11-19 00:36:44'),(2608,1,'en','plugins/ecommerce/products','add_new_product','Add a new product','2023-11-19 00:36:44','2023-11-19 00:36:44'),(2609,1,'en','plugins/ecommerce/products','start_by_adding_new_product','Start by adding new products.','2023-11-19 00:36:44','2023-11-19 00:36:44'),(2610,1,'en','plugins/ecommerce/products','edit_this_product','Edit this product','2023-11-19 00:36:44','2023-11-19 00:36:44'),(2611,1,'en','plugins/ecommerce/products','delete','Delete','2023-11-19 00:36:44','2023-11-19 00:36:44'),(2612,1,'en','plugins/ecommerce/products','related_products','Related products','2023-11-19 00:36:44','2023-11-19 00:36:44'),(2613,1,'en','plugins/ecommerce/products','cross_selling_products','Cross-selling products','2023-11-19 00:36:44','2023-11-19 00:36:44'),(2614,1,'en','plugins/ecommerce/products','up_selling_products','Up-selling products','2023-11-19 00:36:44','2023-11-19 00:36:44'),(2615,1,'en','plugins/ecommerce/products','grouped_products','Grouped products','2023-11-19 00:36:44','2023-11-19 00:36:44'),(2616,1,'en','plugins/ecommerce/products','search_products','Search products','2023-11-19 00:36:44','2023-11-19 00:36:44'),(2617,1,'en','plugins/ecommerce/products','selected_products','Selected products','2023-11-19 00:36:44','2023-11-19 00:36:44'),(2618,1,'en','plugins/ecommerce/products','edit_variation_item','Edit','2023-11-19 00:36:44','2023-11-19 00:36:44'),(2619,1,'en','plugins/ecommerce/products','variations_box_description','Click on \"Edit attribute\" to add/remove attributes of variation or click on \"Add new variation\" to add variation.','2023-11-19 00:36:44','2023-11-19 00:36:44'),(2620,1,'en','plugins/ecommerce/products','save_changes','Save changes','2023-11-19 00:36:44','2023-11-19 00:36:44'),(2621,1,'en','plugins/ecommerce/products','continue','Continue','2023-11-19 00:36:44','2023-11-19 00:36:44'),(2622,1,'en','plugins/ecommerce/products','edit_attribute','Edit attribute','2023-11-19 00:36:44','2023-11-19 00:36:44'),(2623,1,'en','plugins/ecommerce/products','select_attribute','Select attribute','2023-11-19 00:36:44','2023-11-19 00:36:44'),(2624,1,'en','plugins/ecommerce/products','add_new_variation','Add new variation','2023-11-19 00:36:44','2023-11-19 00:36:44'),(2625,1,'en','plugins/ecommerce/products','edit_variation','Edit variation','2023-11-19 00:36:44','2023-11-19 00:36:44'),(2626,1,'en','plugins/ecommerce/products','generate_all_variations','Generate all variations','2023-11-19 00:36:44','2023-11-19 00:36:44'),(2627,1,'en','plugins/ecommerce/products','generate_all_variations_confirmation','Are you sure you want to generate all variations for this product?','2023-11-19 00:36:44','2023-11-19 00:36:44'),(2628,1,'en','plugins/ecommerce/products','delete_variation','Delete variation?','2023-11-19 00:36:44','2023-11-19 00:36:44'),(2629,1,'en','plugins/ecommerce/products','delete_variation_confirmation','Are you sure you want to delete this variation? This action cannot be undo.','2023-11-19 00:36:44','2023-11-19 00:36:44'),(2630,1,'en','plugins/ecommerce/products','delete_variations_confirmation','Are you sure you want to delete those variations? This action cannot be undo.','2023-11-19 00:36:44','2023-11-19 00:36:44'),(2631,1,'en','plugins/ecommerce/products','product_create_validate_name_required','Please enter product\'s name','2023-11-19 00:36:44','2023-11-19 00:36:44'),(2632,1,'en','plugins/ecommerce/products','product_create_validate_sale_price_max','The discount must be less than the original price','2023-11-19 00:36:44','2023-11-19 00:36:44'),(2633,1,'en','plugins/ecommerce/products','product_create_validate_cost_per_item_max','The cost per item must be less than the original price','2023-11-19 00:36:44','2023-11-19 00:36:44'),(2634,1,'en','plugins/ecommerce/products','product_create_validate_sale_price_required_if','Must enter a discount when you want to schedule a promotion','2023-11-19 00:36:44','2023-11-19 00:36:44'),(2635,1,'en','plugins/ecommerce/products','product_create_validate_end_date_after','End date must be after start date','2023-11-19 00:36:44','2023-11-19 00:36:44'),(2636,1,'en','plugins/ecommerce/products','product_create_validate_start_date_required_if','Discount start date cannot be left blank when scheduling is selected','2023-11-19 00:36:44','2023-11-19 00:36:44'),(2637,1,'en','plugins/ecommerce/products','product_create_validate_sale_price','Discounts cannot be left blank when scheduling is selected','2023-11-19 00:36:44','2023-11-19 00:36:44'),(2638,1,'en','plugins/ecommerce/products','stock_statuses.in_stock','In stock','2023-11-19 00:36:44','2023-11-19 00:36:44'),(2639,1,'en','plugins/ecommerce/products','stock_statuses.out_of_stock','Out of stock','2023-11-19 00:36:44','2023-11-19 00:36:44'),(2640,1,'en','plugins/ecommerce/products','stock_statuses.on_backorder','On backorder','2023-11-19 00:36:44','2023-11-19 00:36:44'),(2641,1,'en','plugins/ecommerce/products','stock_status','Stock status','2023-11-19 00:36:44','2023-11-19 00:36:44'),(2642,1,'en','plugins/ecommerce/products','processing','Processing...','2023-11-19 00:36:44','2023-11-19 00:36:44'),(2643,1,'en','plugins/ecommerce/products','delete_selected_variations','Delete selected variations','2023-11-19 00:36:44','2023-11-19 00:36:44'),(2644,1,'en','plugins/ecommerce/products','delete_variations','Delete variations','2023-11-19 00:36:44','2023-11-19 00:36:44'),(2645,1,'en','plugins/ecommerce/products','category','Category','2023-11-19 00:36:44','2023-11-19 00:36:44'),(2646,1,'en','plugins/ecommerce/products','product_price_flash_sale_warning','This product is in flash sale <strong>:name</strong> so its price is <strong>:price</strong>.','2023-11-19 00:36:44','2023-11-19 00:36:44'),(2647,1,'en','plugins/ecommerce/products','product_price_discount_warning','This product is in discount <strong>:name</strong> so its price is <strong>:price</strong>.','2023-11-19 00:36:44','2023-11-19 00:36:44'),(2648,1,'en','plugins/ecommerce/products','product_image','Product image','2023-11-19 00:36:44','2023-11-19 00:36:44'),(2649,1,'en','plugins/ecommerce/products','product_name','Product name','2023-11-19 00:36:44','2023-11-19 00:36:44'),(2650,1,'en','plugins/ecommerce/products','types.physical','Physical','2023-11-19 00:36:44','2023-11-19 00:36:44'),(2651,1,'en','plugins/ecommerce/products','types.digital','Digital','2023-11-19 00:36:44','2023-11-19 00:36:44'),(2652,1,'en','plugins/ecommerce/products','digital_attachments.title','Digital attachments','2023-11-19 00:36:44','2023-11-19 00:36:44'),(2653,1,'en','plugins/ecommerce/products','digital_attachments.add','Add Attachment','2023-11-19 00:36:44','2023-11-19 00:36:44'),(2654,1,'en','plugins/ecommerce/products','digital_attachments.file_name','File name','2023-11-19 00:36:44','2023-11-19 00:36:44'),(2655,1,'en','plugins/ecommerce/products','digital_attachments.file_size','File size','2023-11-19 00:36:44','2023-11-19 00:36:44'),(2656,1,'en','plugins/ecommerce/products','digital_attachments.unsaved','Unsaved','2023-11-19 00:36:44','2023-11-19 00:36:44'),(2657,1,'en','plugins/ecommerce/products','digital_attachments.add_external_link','Add external link','2023-11-19 00:36:44','2023-11-19 00:36:44'),(2658,1,'en','plugins/ecommerce/products','digital_attachments.enter_file_name','Enter file name','2023-11-19 00:36:44','2023-11-19 00:36:44'),(2659,1,'en','plugins/ecommerce/products','digital_attachments.enter_external_link_download','Enter external link download','2023-11-19 00:36:44','2023-11-19 00:36:44'),(2660,1,'en','plugins/ecommerce/products','digital_attachments.enter_file_size','Enter file size','2023-11-19 00:36:44','2023-11-19 00:36:44'),(2661,1,'en','plugins/ecommerce/products','digital_attachments.external_link_download','External link download','2023-11-19 00:36:44','2023-11-19 00:36:44'),(2662,1,'en','plugins/ecommerce/products','digital_attachments.generate_license_code_after_purchasing_product','Generate license code after purchasing this product?','2023-11-19 00:36:44','2023-11-19 00:36:44'),(2663,1,'en','plugins/ecommerce/products','this_action_will_reload_page','This action will reload the page to update the data!','2023-11-19 00:36:44','2023-11-19 00:36:44'),(2664,1,'en','plugins/ecommerce/products','select','Select','2023-11-19 00:36:44','2023-11-19 00:36:44'),(2665,1,'en','plugins/ecommerce/products','set_this_variant_as_default','Set this variant as default','2023-11-19 00:36:44','2023-11-19 00:36:44'),(2666,1,'en','plugins/ecommerce/products','download','Download','2023-11-19 00:36:44','2023-11-19 00:36:44'),(2667,1,'en','plugins/ecommerce/reports','name','Report','2023-11-19 00:36:44','2023-11-19 00:36:44'),(2668,1,'en','plugins/ecommerce/reports','widget.order.title','Orders','2023-11-19 00:36:44','2023-11-19 00:36:44'),(2669,1,'en','plugins/ecommerce/reports','count.revenue','Today revenue','2023-11-19 00:36:44','2023-11-19 00:36:44'),(2670,1,'en','plugins/ecommerce/reports','count.orders','Today orders','2023-11-19 00:36:44','2023-11-19 00:36:44'),(2671,1,'en','plugins/ecommerce/reports','count.products','Total products','2023-11-19 00:36:44','2023-11-19 00:36:44'),(2672,1,'en','plugins/ecommerce/reports','count.customers','Total customers','2023-11-19 00:36:44','2023-11-19 00:36:44'),(2673,1,'en','plugins/ecommerce/reports','product_name','Product name','2023-11-19 00:36:44','2023-11-19 00:36:44'),(2674,1,'en','plugins/ecommerce/reports','quantity','Quantity','2023-11-19 00:36:44','2023-11-19 00:36:44'),(2675,1,'en','plugins/ecommerce/reports','revenue_statistics','Revenue statistics','2023-11-19 00:36:44','2023-11-19 00:36:44'),(2676,1,'en','plugins/ecommerce/reports','top_selling_products','Top Selling Products','2023-11-19 00:36:44','2023-11-19 00:36:44'),(2677,1,'en','plugins/ecommerce/reports','ranges.today','Today','2023-11-19 00:36:44','2023-11-19 00:36:44'),(2678,1,'en','plugins/ecommerce/reports','ranges.this_week','This week','2023-11-19 00:36:44','2023-11-19 00:36:44'),(2679,1,'en','plugins/ecommerce/reports','ranges.last_7_days','Last 7 days','2023-11-19 00:36:44','2023-11-19 00:36:44'),(2680,1,'en','plugins/ecommerce/reports','ranges.last_30_days','Last 30 days','2023-11-19 00:36:44','2023-11-19 00:36:44'),(2681,1,'en','plugins/ecommerce/reports','ranges.this_month','This month','2023-11-19 00:36:44','2023-11-19 00:36:44'),(2682,1,'en','plugins/ecommerce/reports','ranges.this_year','This year','2023-11-19 00:36:44','2023-11-19 00:36:44'),(2683,1,'en','plugins/ecommerce/reports','revenue_this_month','Revenue this month','2023-11-19 00:36:44','2023-11-19 00:36:44'),(2684,1,'en','plugins/ecommerce/reports','order_processing_this_month','order(s) processing in this month','2023-11-19 00:36:44','2023-11-19 00:36:44'),(2685,1,'en','plugins/ecommerce/reports','order_completed_this_month','order(s) completed in this month','2023-11-19 00:36:44','2023-11-19 00:36:44'),(2686,1,'en','plugins/ecommerce/reports','product_will_be_out_of_stock','product(s) will be out of stock soon','2023-11-19 00:36:44','2023-11-19 00:36:44'),(2687,1,'en','plugins/ecommerce/reports','product_out_of_stock','product(s) out of stock','2023-11-19 00:36:44','2023-11-19 00:36:44'),(2688,1,'en','plugins/ecommerce/reports','sales_reports','Sales Reports','2023-11-19 00:36:44','2023-11-19 00:36:44'),(2689,1,'en','plugins/ecommerce/reports','total_earnings','Total Earnings','2023-11-19 00:36:44','2023-11-19 00:36:44'),(2690,1,'en','plugins/ecommerce/reports','recent_orders','Recent Orders','2023-11-19 00:36:44','2023-11-19 00:36:44'),(2691,1,'en','plugins/ecommerce/reports','trending_products','Trending Products','2023-11-19 00:36:44','2023-11-19 00:36:44'),(2692,1,'en','plugins/ecommerce/reports','statistics','Statistics','2023-11-19 00:36:44','2023-11-19 00:36:44'),(2693,1,'en','plugins/ecommerce/reports','items_earning_sales','Items Earning Sales: :value','2023-11-19 00:36:44','2023-11-19 00:36:44'),(2694,1,'en','plugins/ecommerce/reports','revenue','Revenue','2023-11-19 00:36:44','2023-11-19 00:36:44'),(2695,1,'en','plugins/ecommerce/reports','orders','Orders','2023-11-19 00:36:45','2023-11-19 00:36:45'),(2696,1,'en','plugins/ecommerce/reports','products','Products','2023-11-19 00:36:45','2023-11-19 00:36:45'),(2697,1,'en','plugins/ecommerce/reports','customers','Customers','2023-11-19 00:36:45','2023-11-19 00:36:45'),(2698,1,'en','plugins/ecommerce/reports','earnings','Earnings','2023-11-19 00:36:45','2023-11-19 00:36:45'),(2699,1,'en','plugins/ecommerce/reports','views','Views','2023-11-19 00:36:45','2023-11-19 00:36:45'),(2700,1,'en','plugins/ecommerce/reports','date_range_format_value','From :from to :to','2023-11-19 00:36:45','2023-11-19 00:36:45'),(2701,1,'en','plugins/ecommerce/reports','select_range','Select Range','2023-11-19 00:36:45','2023-11-19 00:36:45'),(2702,1,'en','plugins/ecommerce/reports','customers_chart','Customers','2023-11-19 00:36:45','2023-11-19 00:36:45'),(2703,1,'en','plugins/ecommerce/reports','orders_chart','Orders','2023-11-19 00:36:45','2023-11-19 00:36:45'),(2704,1,'en','plugins/ecommerce/reports','number_of_orders','Number of orders','2023-11-19 00:36:45','2023-11-19 00:36:45'),(2705,1,'en','plugins/ecommerce/reports','number_of_customers','Number of customers','2023-11-19 00:36:45','2023-11-19 00:36:45'),(2706,1,'en','plugins/ecommerce/review','name','Reviews','2023-11-19 00:36:45','2023-11-19 00:36:45'),(2707,1,'en','plugins/ecommerce/review','add_review','Add review','2023-11-19 00:36:45','2023-11-19 00:36:45'),(2708,1,'en','plugins/ecommerce/review','delete_review','Delete review','2023-11-19 00:36:45','2023-11-19 00:36:45'),(2709,1,'en','plugins/ecommerce/review','create_review','Create Review','2023-11-19 00:36:45','2023-11-19 00:36:45'),(2710,1,'en','plugins/ecommerce/review','please_select_rating','Please select rating','2023-11-19 00:36:45','2023-11-19 00:36:45'),(2711,1,'en','plugins/ecommerce/review','comment','Comment','2023-11-19 00:36:45','2023-11-19 00:36:45'),(2712,1,'en','plugins/ecommerce/review','approve','Approve','2023-11-19 00:36:45','2023-11-19 00:36:45'),(2713,1,'en','plugins/ecommerce/review','approved','Approved','2023-11-19 00:36:45','2023-11-19 00:36:45'),(2714,1,'en','plugins/ecommerce/review','disapprove','Disapprove','2023-11-19 00:36:45','2023-11-19 00:36:45'),(2715,1,'en','plugins/ecommerce/review','disapproved','Disapproved','2023-11-19 00:36:45','2023-11-19 00:36:45'),(2716,1,'en','plugins/ecommerce/review','product','Product','2023-11-19 00:36:45','2023-11-19 00:36:45'),(2717,1,'en','plugins/ecommerce/review','user','User','2023-11-19 00:36:45','2023-11-19 00:36:45'),(2718,1,'en','plugins/ecommerce/review','star','Star','2023-11-19 00:36:45','2023-11-19 00:36:45'),(2719,1,'en','plugins/ecommerce/review','status','Status','2023-11-19 00:36:45','2023-11-19 00:36:45'),(2720,1,'en','plugins/ecommerce/review','list_review','Customer reviews','2023-11-19 00:36:45','2023-11-19 00:36:45'),(2721,1,'en','plugins/ecommerce/review','intro.title','Manage customer reviews','2023-11-19 00:36:45','2023-11-19 00:36:45'),(2722,1,'en','plugins/ecommerce/review','intro.description','Customer reviews will be shown here and you can manage it to show/hide in product detail page.','2023-11-19 00:36:45','2023-11-19 00:36:45'),(2723,1,'en','plugins/ecommerce/review','images','Images','2023-11-19 00:36:45','2023-11-19 00:36:45'),(2724,1,'en','plugins/ecommerce/review','delete','Delete','2023-11-19 00:36:45','2023-11-19 00:36:45'),(2725,1,'en','plugins/ecommerce/review','publish','Publish','2023-11-19 00:36:45','2023-11-19 00:36:45'),(2726,1,'en','plugins/ecommerce/review','unpublish','Unpublish','2023-11-19 00:36:45','2023-11-19 00:36:45'),(2727,1,'en','plugins/ecommerce/review','published_success','Review published successfully!','2023-11-19 00:36:45','2023-11-19 00:36:45'),(2728,1,'en','plugins/ecommerce/review','unpublished_success','Review unpublished successfully!','2023-11-19 00:36:45','2023-11-19 00:36:45'),(2729,1,'en','plugins/ecommerce/review','delete_modal.title','Delete review','2023-11-19 00:36:45','2023-11-19 00:36:45'),(2730,1,'en','plugins/ecommerce/review','delete_modal.description','Are you sure you want to delete this review? This action cannot be undone!','2023-11-19 00:36:45','2023-11-19 00:36:45'),(2731,1,'en','plugins/ecommerce/shipping','name','Shipping Rules','2023-11-19 00:36:45','2023-11-19 00:36:45'),(2732,1,'en','plugins/ecommerce/shipping','shipping','Shipping','2023-11-19 00:36:45','2023-11-19 00:36:45'),(2733,1,'en','plugins/ecommerce/shipping','title','Title','2023-11-19 00:36:45','2023-11-19 00:36:45'),(2734,1,'en','plugins/ecommerce/shipping','amount','Amount','2023-11-19 00:36:45','2023-11-19 00:36:45'),(2735,1,'en','plugins/ecommerce/shipping','enable','Enable','2023-11-19 00:36:45','2023-11-19 00:36:45'),(2736,1,'en','plugins/ecommerce/shipping','enabled','Enabled','2023-11-19 00:36:45','2023-11-19 00:36:45'),(2737,1,'en','plugins/ecommerce/shipping','disable','Disable','2023-11-19 00:36:45','2023-11-19 00:36:45'),(2738,1,'en','plugins/ecommerce/shipping','disabled','Disabled','2023-11-19 00:36:45','2023-11-19 00:36:45'),(2739,1,'en','plugins/ecommerce/shipping','create_shipping','Create a shipping','2023-11-19 00:36:45','2023-11-19 00:36:45'),(2740,1,'en','plugins/ecommerce/shipping','edit_shipping','Edit shipping :code','2023-11-19 00:36:45','2023-11-19 00:36:45'),(2741,1,'en','plugins/ecommerce/shipping','status','Status','2023-11-19 00:36:45','2023-11-19 00:36:45'),(2742,1,'en','plugins/ecommerce/shipping','shipping_methods','Shipping methods','2023-11-19 00:36:45','2023-11-19 00:36:45'),(2743,1,'en','plugins/ecommerce/shipping','create_shipping_method','Create shipping method','2023-11-19 00:36:45','2023-11-19 00:36:45'),(2744,1,'en','plugins/ecommerce/shipping','edit_shipping_method','Edit shipping method','2023-11-19 00:36:45','2023-11-19 00:36:45'),(2745,1,'en','plugins/ecommerce/shipping','add_shipping_region','Add shipping region','2023-11-19 00:36:45','2023-11-19 00:36:45'),(2746,1,'en','plugins/ecommerce/shipping','country','Country','2023-11-19 00:36:45','2023-11-19 00:36:45'),(2747,1,'en','plugins/ecommerce/shipping','state','State','2023-11-19 00:36:45','2023-11-19 00:36:45'),(2748,1,'en','plugins/ecommerce/shipping','city','City','2023-11-19 00:36:45','2023-11-19 00:36:45'),(2749,1,'en','plugins/ecommerce/shipping','address','Address','2023-11-19 00:36:45','2023-11-19 00:36:45'),(2750,1,'en','plugins/ecommerce/shipping','phone','Phone','2023-11-19 00:36:45','2023-11-19 00:36:45'),(2751,1,'en','plugins/ecommerce/shipping','email','Email','2023-11-19 00:36:45','2023-11-19 00:36:45'),(2752,1,'en','plugins/ecommerce/shipping','zip_code','Zip code','2023-11-19 00:36:45','2023-11-19 00:36:45'),(2753,1,'en','plugins/ecommerce/shipping','methods.default','Default','2023-11-19 00:36:45','2023-11-19 00:36:45'),(2754,1,'en','plugins/ecommerce/shipping','statuses.not_approved','Not approved','2023-11-19 00:36:45','2023-11-19 00:36:45'),(2755,1,'en','plugins/ecommerce/shipping','statuses.approved','Approved','2023-11-19 00:36:45','2023-11-19 00:36:45'),(2756,1,'en','plugins/ecommerce/shipping','statuses.pending','Pending','2023-11-19 00:36:45','2023-11-19 00:36:45'),(2757,1,'en','plugins/ecommerce/shipping','statuses.arrange_shipment','Arrange shipment','2023-11-19 00:36:45','2023-11-19 00:36:45'),(2758,1,'en','plugins/ecommerce/shipping','statuses.ready_to_be_shipped_out','Ready to be shipped out','2023-11-19 00:36:45','2023-11-19 00:36:45'),(2759,1,'en','plugins/ecommerce/shipping','statuses.picking','Picking','2023-11-19 00:36:45','2023-11-19 00:36:45'),(2760,1,'en','plugins/ecommerce/shipping','statuses.delay_picking','Delay picking','2023-11-19 00:36:45','2023-11-19 00:36:45'),(2761,1,'en','plugins/ecommerce/shipping','statuses.picked','Picked','2023-11-19 00:36:45','2023-11-19 00:36:45'),(2762,1,'en','plugins/ecommerce/shipping','statuses.not_picked','Not picked','2023-11-19 00:36:45','2023-11-19 00:36:45'),(2763,1,'en','plugins/ecommerce/shipping','statuses.delivering','Delivering','2023-11-19 00:36:45','2023-11-19 00:36:45'),(2764,1,'en','plugins/ecommerce/shipping','statuses.delivered','Delivered','2023-11-19 00:36:45','2023-11-19 00:36:45'),(2765,1,'en','plugins/ecommerce/shipping','statuses.not_delivered','Not delivered','2023-11-19 00:36:45','2023-11-19 00:36:45'),(2766,1,'en','plugins/ecommerce/shipping','statuses.audited','Audited','2023-11-19 00:36:45','2023-11-19 00:36:45'),(2767,1,'en','plugins/ecommerce/shipping','statuses.canceled','Canceled','2023-11-19 00:36:45','2023-11-19 00:36:45'),(2768,1,'en','plugins/ecommerce/shipping','cod_statuses.pending','Pending','2023-11-19 00:36:45','2023-11-19 00:36:45'),(2769,1,'en','plugins/ecommerce/shipping','cod_statuses.completed','Completed','2023-11-19 00:36:45','2023-11-19 00:36:45'),(2770,1,'en','plugins/ecommerce/shipping','delete','Delete','2023-11-19 00:36:45','2023-11-19 00:36:45'),(2771,1,'en','plugins/ecommerce/shipping','shipping_rules','Shipping Rules','2023-11-19 00:36:45','2023-11-19 00:36:45'),(2772,1,'en','plugins/ecommerce/shipping','shipping_rules_description','Rules to calculate shipping fee.','2023-11-19 00:36:45','2023-11-19 00:36:45'),(2773,1,'en','plugins/ecommerce/shipping','select_country','Select country','2023-11-19 00:36:45','2023-11-19 00:36:45'),(2774,1,'en','plugins/ecommerce/shipping','add_shipping_rule','Add shipping rule','2023-11-19 00:36:45','2023-11-19 00:36:45'),(2775,1,'en','plugins/ecommerce/shipping','delete_shipping_rate','Delete shipping rate for area','2023-11-19 00:36:45','2023-11-19 00:36:45'),(2776,1,'en','plugins/ecommerce/shipping','delete_shipping_rate_confirmation','Are you sure you want to delete <strong class=\"region-price-item-label\"></strong> from this shipping area?','2023-11-19 00:36:45','2023-11-19 00:36:45'),(2777,1,'en','plugins/ecommerce/shipping','delete_shipping_area','Delete shipping area','2023-11-19 00:36:45','2023-11-19 00:36:45'),(2778,1,'en','plugins/ecommerce/shipping','delete_shipping_area_confirmation','Are you sure you want to delete shipping area <strong class=\"region-item-label\"></strong>?','2023-11-19 00:36:45','2023-11-19 00:36:45'),(2779,1,'en','plugins/ecommerce/shipping','add_shipping_fee_for_area','Add shipping fee for area','2023-11-19 00:36:45','2023-11-19 00:36:45'),(2780,1,'en','plugins/ecommerce/shipping','confirm','Confirm','2023-11-19 00:36:45','2023-11-19 00:36:45'),(2781,1,'en','plugins/ecommerce/shipping','save','Save','2023-11-19 00:36:45','2023-11-19 00:36:45'),(2782,1,'en','plugins/ecommerce/shipping','greater_than','Greater than','2023-11-19 00:36:45','2023-11-19 00:36:45'),(2783,1,'en','plugins/ecommerce/shipping','type','Type','2023-11-19 00:36:45','2023-11-19 00:36:45'),(2784,1,'en','plugins/ecommerce/shipping','shipping_rule_name','Name of shipping rule','2023-11-19 00:36:45','2023-11-19 00:36:45'),(2785,1,'en','plugins/ecommerce/shipping','shipping_fee','Shipping fee','2023-11-19 00:36:45','2023-11-19 00:36:45'),(2786,1,'en','plugins/ecommerce/shipping','cancel','Cancel','2023-11-19 00:36:45','2023-11-19 00:36:45'),(2787,1,'en','plugins/ecommerce/shipping','based_on_weight','Based on product\'s weight (:unit)','2023-11-19 00:36:45','2023-11-19 00:36:45'),(2788,1,'en','plugins/ecommerce/shipping','based_on_price','Based on product\'s price','2023-11-19 00:36:45','2023-11-19 00:36:45'),(2789,1,'en','plugins/ecommerce/shipping','shipment_canceled','Shipment was canceled','2023-11-19 00:36:45','2023-11-19 00:36:45'),(2790,1,'en','plugins/ecommerce/shipping','at','At','2023-11-19 00:36:45','2023-11-19 00:36:45'),(2791,1,'en','plugins/ecommerce/shipping','cash_on_delivery','Cash on delivery (COD)','2023-11-19 00:36:45','2023-11-19 00:36:45'),(2792,1,'en','plugins/ecommerce/shipping','update_shipping_status','Update shipping status','2023-11-19 00:36:45','2023-11-19 00:36:45'),(2793,1,'en','plugins/ecommerce/shipping','update_cod_status','Update COD status','2023-11-19 00:36:45','2023-11-19 00:36:45'),(2794,1,'en','plugins/ecommerce/shipping','history','History','2023-11-19 00:36:45','2023-11-19 00:36:45'),(2795,1,'en','plugins/ecommerce/shipping','shipment_information','Shipment information','2023-11-19 00:36:45','2023-11-19 00:36:45'),(2796,1,'en','plugins/ecommerce/shipping','order_number','Order number','2023-11-19 00:36:45','2023-11-19 00:36:45'),(2797,1,'en','plugins/ecommerce/shipping','shipping_method','Shipping method','2023-11-19 00:36:45','2023-11-19 00:36:45'),(2798,1,'en','plugins/ecommerce/shipping','select_shipping_method','Select shipping method','2023-11-19 00:36:45','2023-11-19 00:36:45'),(2799,1,'en','plugins/ecommerce/shipping','cod_status','COD status','2023-11-19 00:36:45','2023-11-19 00:36:45'),(2800,1,'en','plugins/ecommerce/shipping','shipping_status','Shipping status','2023-11-19 00:36:45','2023-11-19 00:36:45'),(2801,1,'en','plugins/ecommerce/shipping','customer_information','Customer information','2023-11-19 00:36:45','2023-11-19 00:36:45'),(2802,1,'en','plugins/ecommerce/shipping','sku','SKU','2023-11-19 00:36:45','2023-11-19 00:36:45'),(2803,1,'en','plugins/ecommerce/shipping','change_status_confirm_title','Confirm <span class=\"shipment-status-label\"></span> ?','2023-11-19 00:36:45','2023-11-19 00:36:45'),(2804,1,'en','plugins/ecommerce/shipping','change_status_confirm_description','Are you sure you want to confirm <span class=\"shipment-status-label\"></span> for this shipment?','2023-11-19 00:36:45','2023-11-19 00:36:45'),(2805,1,'en','plugins/ecommerce/shipping','accept','Accept','2023-11-19 00:36:45','2023-11-19 00:36:45'),(2806,1,'en','plugins/ecommerce/shipping','weight_unit','Weight (:unit)','2023-11-19 00:36:45','2023-11-19 00:36:45'),(2807,1,'en','plugins/ecommerce/shipping','updated_at','Last Update','2023-11-19 00:36:45','2023-11-19 00:36:45'),(2808,1,'en','plugins/ecommerce/shipping','cod_amount','Cash on delivery amount (COD)','2023-11-19 00:36:45','2023-11-19 00:36:45'),(2809,1,'en','plugins/ecommerce/shipping','cancel_shipping','Cancel shipping','2023-11-19 00:36:45','2023-11-19 00:36:45'),(2810,1,'en','plugins/ecommerce/shipping','shipping_address','Shipping address','2023-11-19 00:36:45','2023-11-19 00:36:45'),(2811,1,'en','plugins/ecommerce/shipping','packages','Packages','2023-11-19 00:36:45','2023-11-19 00:36:45'),(2812,1,'en','plugins/ecommerce/shipping','edit','Edit','2023-11-19 00:36:45','2023-11-19 00:36:45'),(2813,1,'en','plugins/ecommerce/shipping','fee','Fee','2023-11-19 00:36:45','2023-11-19 00:36:45'),(2814,1,'en','plugins/ecommerce/shipping','note','Note','2023-11-19 00:36:45','2023-11-19 00:36:45'),(2815,1,'en','plugins/ecommerce/shipping','finish','Finish','2023-11-19 00:36:45','2023-11-19 00:36:45'),(2816,1,'en','plugins/ecommerce/shipping','shipping_fee_cod','Shipping fee/COD','2023-11-19 00:36:45','2023-11-19 00:36:45'),(2817,1,'en','plugins/ecommerce/shipping','send_confirmation_email_to_customer','Send confirmation email to customer','2023-11-19 00:36:45','2023-11-19 00:36:45'),(2818,1,'en','plugins/ecommerce/shipping','form_name','Name','2023-11-19 00:36:45','2023-11-19 00:36:45'),(2819,1,'en','plugins/ecommerce/shipping','changed_shipping_status','Changed status of shipping to: :status. Updated by: %user_name%','2023-11-19 00:36:45','2023-11-19 00:36:45'),(2820,1,'en','plugins/ecommerce/shipping','order_confirmed_by','Order confirmed by %user_name%','2023-11-19 00:36:45','2023-11-19 00:36:45'),(2821,1,'en','plugins/ecommerce/shipping','shipping_canceled_by','Shipping is cancelled by %user_name%','2023-11-19 00:36:45','2023-11-19 00:36:45'),(2822,1,'en','plugins/ecommerce/shipping','update_shipping_status_success','Update shipping status successfully!','2023-11-19 00:36:45','2023-11-19 00:36:45'),(2823,1,'en','plugins/ecommerce/shipping','update_cod_status_success','Updated COD status of shipping successfully!','2023-11-19 00:36:45','2023-11-19 00:36:45'),(2824,1,'en','plugins/ecommerce/shipping','updated_cod_status_by','Updated COD status to :status . Updated by: %user_name%','2023-11-19 00:36:45','2023-11-19 00:36:45'),(2825,1,'en','plugins/ecommerce/shipping','all','All','2023-11-19 00:36:45','2023-11-19 00:36:45'),(2826,1,'en','plugins/ecommerce/shipping','error_when_adding_new_region','There is an error when adding new region!','2023-11-19 00:36:45','2023-11-19 00:36:45'),(2827,1,'en','plugins/ecommerce/shipping','delivery','Delivery','2023-11-19 00:36:45','2023-11-19 00:36:45'),(2828,1,'en','plugins/ecommerce/shipping','adjustment_price_of','Adjustment price of :key','2023-11-19 00:36:45','2023-11-19 00:36:45'),(2829,1,'en','plugins/ecommerce/shipping','warehouse','Warehouse','2023-11-19 00:36:45','2023-11-19 00:36:45'),(2830,1,'en','plugins/ecommerce/shipping','delivery_note','Delivery note','2023-11-19 00:36:45','2023-11-19 00:36:45'),(2831,1,'en','plugins/ecommerce/shipping','shipments','Shipments','2023-11-19 00:36:45','2023-11-19 00:36:45'),(2832,1,'en','plugins/ecommerce/shipping','order_id','Order ID','2023-11-19 00:36:45','2023-11-19 00:36:45'),(2833,1,'en','plugins/ecommerce/shipping','not_available','Not available','2023-11-19 00:36:45','2023-11-19 00:36:45'),(2834,1,'en','plugins/ecommerce/shipping','shipping_amount','Shipping Amount','2023-11-19 00:36:45','2023-11-19 00:36:45'),(2835,1,'en','plugins/ecommerce/shipping','additional_shipment_information','Additional shipment information','2023-11-19 00:36:45','2023-11-19 00:36:45'),(2836,1,'en','plugins/ecommerce/shipping','shipping_company_name','Shipping Company Name','2023-11-19 00:36:46','2023-11-19 00:36:46'),(2837,1,'en','plugins/ecommerce/shipping','tracking_id','Tracking ID','2023-11-19 00:36:46','2023-11-19 00:36:46'),(2838,1,'en','plugins/ecommerce/shipping','tracking_link','Tracking Link','2023-11-19 00:36:46','2023-11-19 00:36:46'),(2839,1,'en','plugins/ecommerce/shipping','estimate_date_shipped','Estimate Date Shipped','2023-11-19 00:36:46','2023-11-19 00:36:46'),(2840,1,'en','plugins/ecommerce/shipping','date_shipped','Date Shipped','2023-11-19 00:36:46','2023-11-19 00:36:46'),(2841,1,'en','plugins/ecommerce/shipping','add_note','Add note...','2023-11-19 00:36:46','2023-11-19 00:36:46'),(2842,1,'en','plugins/ecommerce/shipping','view_order','View Order :order_id','2023-11-19 00:36:46','2023-11-19 00:36:46'),(2843,1,'en','plugins/ecommerce/shipping','rule.types.based_on_weight','Based on product\'s weight (:unit)','2023-11-19 00:36:46','2023-11-19 00:36:46'),(2844,1,'en','plugins/ecommerce/shipping','rule.types.based_on_price','Based on product\'s price','2023-11-19 00:36:46','2023-11-19 00:36:46'),(2845,1,'en','plugins/ecommerce/shipping','rule.types.based_on_zipcode','Based on zipcode','2023-11-19 00:36:46','2023-11-19 00:36:46'),(2846,1,'en','plugins/ecommerce/shipping','rule.types.based_on_location','Based on location','2023-11-19 00:36:46','2023-11-19 00:36:46'),(2847,1,'en','plugins/ecommerce/shipping','rule.types.unavailable','Unavailable','2023-11-19 00:36:46','2023-11-19 00:36:46'),(2848,1,'en','plugins/ecommerce/shipping','rule.item.name','Shipping Rule Items','2023-11-19 00:36:46','2023-11-19 00:36:46'),(2849,1,'en','plugins/ecommerce/shipping','rule.item.edit','Edit item','2023-11-19 00:36:46','2023-11-19 00:36:46'),(2850,1,'en','plugins/ecommerce/shipping','rule.item.create','Create new item','2023-11-19 00:36:46','2023-11-19 00:36:46'),(2851,1,'en','plugins/ecommerce/shipping','rule.item.delete','Delete shipping rule item','2023-11-19 00:36:46','2023-11-19 00:36:46'),(2852,1,'en','plugins/ecommerce/shipping','rule.item.confirmation','Are you sure you want to delete shipping rule item <strong class=\"item-label\"></strong>?','2023-11-19 00:36:46','2023-11-19 00:36:46'),(2853,1,'en','plugins/ecommerce/shipping','rule.item.load_data_table','Load data table (:total)','2023-11-19 00:36:46','2023-11-19 00:36:46'),(2854,1,'en','plugins/ecommerce/shipping','rule.item.tables.shipping_rule','Shipping rule','2023-11-19 00:36:46','2023-11-19 00:36:46'),(2855,1,'en','plugins/ecommerce/shipping','rule.item.tables.country','Country','2023-11-19 00:36:46','2023-11-19 00:36:46'),(2856,1,'en','plugins/ecommerce/shipping','rule.item.tables.state','State','2023-11-19 00:36:46','2023-11-19 00:36:46'),(2857,1,'en','plugins/ecommerce/shipping','rule.item.tables.city','City','2023-11-19 00:36:46','2023-11-19 00:36:46'),(2858,1,'en','plugins/ecommerce/shipping','rule.item.tables.zip_code','Zip code','2023-11-19 00:36:46','2023-11-19 00:36:46'),(2859,1,'en','plugins/ecommerce/shipping','rule.item.tables.adjustment_price','Adjustment price','2023-11-19 00:36:46','2023-11-19 00:36:46'),(2860,1,'en','plugins/ecommerce/shipping','rule.item.tables.is_enabled','Is enabled?','2023-11-19 00:36:46','2023-11-19 00:36:46'),(2861,1,'en','plugins/ecommerce/shipping','rule.item.forms.country','Country','2023-11-19 00:36:46','2023-11-19 00:36:46'),(2862,1,'en','plugins/ecommerce/shipping','rule.item.forms.country_placeholder','Country','2023-11-19 00:36:46','2023-11-19 00:36:46'),(2863,1,'en','plugins/ecommerce/shipping','rule.item.forms.state','State','2023-11-19 00:36:46','2023-11-19 00:36:46'),(2864,1,'en','plugins/ecommerce/shipping','rule.item.forms.state_placeholder','State','2023-11-19 00:36:46','2023-11-19 00:36:46'),(2865,1,'en','plugins/ecommerce/shipping','rule.item.forms.city','City','2023-11-19 00:36:46','2023-11-19 00:36:46'),(2866,1,'en','plugins/ecommerce/shipping','rule.item.forms.city_placeholder','City','2023-11-19 00:36:46','2023-11-19 00:36:46'),(2867,1,'en','plugins/ecommerce/shipping','rule.item.forms.zip_code','Zip code','2023-11-19 00:36:46','2023-11-19 00:36:46'),(2868,1,'en','plugins/ecommerce/shipping','rule.item.forms.zip_code_placeholder','Zip code','2023-11-19 00:36:46','2023-11-19 00:36:46'),(2869,1,'en','plugins/ecommerce/shipping','rule.item.forms.adjustment_price','Adjustment price','2023-11-19 00:36:46','2023-11-19 00:36:46'),(2870,1,'en','plugins/ecommerce/shipping','rule.item.forms.adjustment_price_placeholder','Adjustment price','2023-11-19 00:36:46','2023-11-19 00:36:46'),(2871,1,'en','plugins/ecommerce/shipping','rule.item.forms.is_enabled','Is enabled?','2023-11-19 00:36:46','2023-11-19 00:36:46'),(2872,1,'en','plugins/ecommerce/shipping','rule.item.forms.shipping_rule','Shipping rule','2023-11-19 00:36:46','2023-11-19 00:36:46'),(2873,1,'en','plugins/ecommerce/shipping','rule.item.forms.no_shipping_rule','No shipping rule','2023-11-19 00:36:46','2023-11-19 00:36:46'),(2874,1,'en','plugins/ecommerce/shipping','rule.item.bulk-import.menu','Bulk import Shipping Rule Items','2023-11-19 00:36:46','2023-11-19 00:36:46'),(2875,1,'en','plugins/ecommerce/shipping','rule.item.bulk-import.greater_than_or_equal','Only numbers or decimals are accepted and greater than or equal to :min.','2023-11-19 00:36:46','2023-11-19 00:36:46'),(2876,1,'en','plugins/ecommerce/shipping','rule.item.bulk-import.less_than_or_equal','Only numbers or decimals are accepted and less than or equal to :max.','2023-11-19 00:36:46','2023-11-19 00:36:46'),(2877,1,'en','plugins/ecommerce/shipping','rule.item.bulk-import.between','Only numbers or decimals are accepted and between :min and :max.','2023-11-19 00:36:46','2023-11-19 00:36:46'),(2878,1,'en','plugins/ecommerce/shipping','rule.item.bulk-import.overwrite','Overwrite','2023-11-19 00:36:46','2023-11-19 00:36:46'),(2879,1,'en','plugins/ecommerce/shipping','rule.item.bulk-import.add_new','Add new','2023-11-19 00:36:46','2023-11-19 00:36:46'),(2880,1,'en','plugins/ecommerce/shipping','rule.item.bulk-import.skip','Skip','2023-11-19 00:36:46','2023-11-19 00:36:46'),(2881,1,'en','plugins/ecommerce/shipping','rule.select_type','Select type','2023-11-19 00:36:46','2023-11-19 00:36:46'),(2882,1,'en','plugins/ecommerce/shipping','rule.cannot_create_rule_type_for_this_location','Cannot create rule type \":type\" on this location!','2023-11-19 00:36:46','2023-11-19 00:36:46'),(2883,1,'en','plugins/ecommerce/store-locator','name','Store locators','2023-11-19 00:36:46','2023-11-19 00:36:46'),(2884,1,'en','plugins/ecommerce/store-locator','description','This address will appear on your invoice and will be used to calculate your shipping price.','2023-11-19 00:36:46','2023-11-19 00:36:46'),(2885,1,'en','plugins/ecommerce/store-locator','shop_name','Shop name','2023-11-19 00:36:46','2023-11-19 00:36:46'),(2886,1,'en','plugins/ecommerce/store-locator','phone','Phone','2023-11-19 00:36:46','2023-11-19 00:36:46'),(2887,1,'en','plugins/ecommerce/store-locator','email','Email','2023-11-19 00:36:46','2023-11-19 00:36:46'),(2888,1,'en','plugins/ecommerce/store-locator','state','State','2023-11-19 00:36:46','2023-11-19 00:36:46'),(2889,1,'en','plugins/ecommerce/store-locator','city','City','2023-11-19 00:36:46','2023-11-19 00:36:46'),(2890,1,'en','plugins/ecommerce/store-locator','country','Country','2023-11-19 00:36:46','2023-11-19 00:36:46'),(2891,1,'en','plugins/ecommerce/store-locator','address','Address','2023-11-19 00:36:46','2023-11-19 00:36:46'),(2892,1,'en','plugins/ecommerce/store-locator','primary_store_is','Primary store is','2023-11-19 00:36:46','2023-11-19 00:36:46'),(2893,1,'en','plugins/ecommerce/store-locator','store_name','Store name','2023-11-19 00:36:46','2023-11-19 00:36:46'),(2894,1,'en','plugins/ecommerce/store-locator','select_country','Select country...','2023-11-19 00:36:46','2023-11-19 00:36:46'),(2895,1,'en','plugins/ecommerce/store-locator','default_shipping_location','Default shipping location','2023-11-19 00:36:46','2023-11-19 00:36:46'),(2896,1,'en','plugins/ecommerce/store-locator','default_store','Default store','2023-11-19 00:36:46','2023-11-19 00:36:46'),(2897,1,'en','plugins/ecommerce/store-locator','company','Company','2023-11-19 00:36:46','2023-11-19 00:36:46'),(2898,1,'en','plugins/ecommerce/store-locator','zip_code','Zip Code','2023-11-19 00:36:46','2023-11-19 00:36:46'),(2899,1,'en','plugins/ecommerce/tax','name','Taxes','2023-11-19 00:36:46','2023-11-19 00:36:46'),(2900,1,'en','plugins/ecommerce/tax','create','Create a tax','2023-11-19 00:36:46','2023-11-19 00:36:46'),(2901,1,'en','plugins/ecommerce/tax','edit','Edit tax :title','2023-11-19 00:36:46','2023-11-19 00:36:46'),(2902,1,'en','plugins/ecommerce/tax','title','Title','2023-11-19 00:36:46','2023-11-19 00:36:46'),(2903,1,'en','plugins/ecommerce/tax','percentage','Percentage %','2023-11-19 00:36:46','2023-11-19 00:36:46'),(2904,1,'en','plugins/ecommerce/tax','priority','Priority','2023-11-19 00:36:46','2023-11-19 00:36:46'),(2905,1,'en','plugins/ecommerce/tax','select_tax','-- select --','2023-11-19 00:36:46','2023-11-19 00:36:46'),(2906,1,'en','plugins/ecommerce/tax','default','Default','2023-11-19 00:36:46','2023-11-19 00:36:46'),(2907,1,'en','plugins/ecommerce/tax','country','Country','2023-11-19 00:36:46','2023-11-19 00:36:46'),(2908,1,'en','plugins/ecommerce/tax','state','State','2023-11-19 00:36:46','2023-11-19 00:36:46'),(2909,1,'en','plugins/ecommerce/tax','city','City','2023-11-19 00:36:46','2023-11-19 00:36:46'),(2910,1,'en','plugins/ecommerce/tax','zip_code','Zipcode','2023-11-19 00:36:46','2023-11-19 00:36:46'),(2911,1,'en','plugins/ecommerce/tax','rules','Rules','2023-11-19 00:36:46','2023-11-19 00:36:46'),(2912,1,'en','plugins/ecommerce/tax','tax','Tax','2023-11-19 00:36:46','2023-11-19 00:36:46'),(2913,1,'en','plugins/ecommerce/tax','rule.name','Tax rules','2023-11-19 00:36:46','2023-11-19 00:36:46'),(2914,1,'en','plugins/ecommerce/tax','rule.create','Create a tax rule','2023-11-19 00:36:46','2023-11-19 00:36:46'),(2915,1,'en','plugins/ecommerce/tax','rule.edit','Edit tax rule :title','2023-11-19 00:36:46','2023-11-19 00:36:46'),(2916,1,'en','plugins/faq/faq-category','name','Categories','2023-11-19 00:36:46','2023-11-19 00:36:46'),(2917,1,'en','plugins/faq/faq-category','create','New category','2023-11-19 00:36:46','2023-11-19 00:36:46'),(2918,1,'en','plugins/faq/faq','name','FAQ','2023-11-19 00:36:46','2023-11-19 00:36:46'),(2919,1,'en','plugins/faq/faq','create','New faq','2023-11-19 00:36:46','2023-11-19 00:36:46'),(2920,1,'en','plugins/faq/faq','question','Question','2023-11-19 00:36:46','2023-11-19 00:36:46'),(2921,1,'en','plugins/faq/faq','answer','Answer','2023-11-19 00:36:46','2023-11-19 00:36:46'),(2922,1,'en','plugins/faq/faq','category','Category','2023-11-19 00:36:46','2023-11-19 00:36:46'),(2923,1,'en','plugins/faq/faq','all','All','2023-11-19 00:36:46','2023-11-19 00:36:46'),(2924,1,'en','plugins/faq/faq','faq_schema_config','FAQ schema configuration (:link)','2023-11-19 00:36:46','2023-11-19 00:36:46'),(2925,1,'en','plugins/faq/faq','learn_more','Learn more','2023-11-19 00:36:46','2023-11-19 00:36:46'),(2926,1,'en','plugins/faq/faq','settings.title','FAQ','2023-11-19 00:36:46','2023-11-19 00:36:46'),(2927,1,'en','plugins/faq/faq','settings.description','Settings for FAQ','2023-11-19 00:36:46','2023-11-19 00:36:46'),(2928,1,'en','plugins/faq/faq','settings.enable_faq_schema','Enable FAQ Schema?','2023-11-19 00:36:46','2023-11-19 00:36:46'),(2929,1,'en','plugins/faq/faq','settings.enable_faq_schema_description','Learn more: https://developers.google.com/search/docs/data-types/faqpage','2023-11-19 00:36:46','2023-11-19 00:36:46'),(2930,1,'en','plugins/faq/faq','select_category','Select a category','2023-11-19 00:36:46','2023-11-19 00:36:46'),(2931,1,'en','plugins/faq/faq','add_item','Add item','2023-11-19 00:36:46','2023-11-19 00:36:46'),(2932,1,'en','plugins/language/language','name','Languages','2023-11-19 00:36:46','2023-11-19 00:36:46'),(2933,1,'en','plugins/language/language','choose_language','Choose a language','2023-11-19 00:36:46','2023-11-19 00:36:46'),(2934,1,'en','plugins/language/language','select_language','Select language','2023-11-19 00:36:46','2023-11-19 00:36:46'),(2935,1,'en','plugins/language/language','choose_language_helper','You can choose a language in the list or directly edit it below.','2023-11-19 00:36:46','2023-11-19 00:36:46'),(2936,1,'en','plugins/language/language','language_name','Language name','2023-11-19 00:36:46','2023-11-19 00:36:46'),(2937,1,'en','plugins/language/language','language_name_helper','The name is how it is displayed on your site (for example: English).','2023-11-19 00:36:46','2023-11-19 00:36:46'),(2938,1,'en','plugins/language/language','locale','Locale','2023-11-19 00:36:46','2023-11-19 00:36:46'),(2939,1,'en','plugins/language/language','locale_helper','Laravel Locale for the language (for example: <code>en</code>).','2023-11-19 00:36:46','2023-11-19 00:36:46'),(2940,1,'en','plugins/language/language','language_code','Language code','2023-11-19 00:36:46','2023-11-19 00:36:46'),(2941,1,'en','plugins/language/language','language_code_helper','Language code - preferably 2-letters ISO 639-1 (for example: en)','2023-11-19 00:36:46','2023-11-19 00:36:46'),(2942,1,'en','plugins/language/language','text_direction','Text direction','2023-11-19 00:36:46','2023-11-19 00:36:46'),(2943,1,'en','plugins/language/language','text_direction_helper','Choose the text direction for the language','2023-11-19 00:36:46','2023-11-19 00:36:46'),(2944,1,'en','plugins/language/language','left_to_right','Left to right','2023-11-19 00:36:46','2023-11-19 00:36:46'),(2945,1,'en','plugins/language/language','right_to_left','Right to left','2023-11-19 00:36:46','2023-11-19 00:36:46'),(2946,1,'en','plugins/language/language','flag','Flag','2023-11-19 00:36:47','2023-11-19 00:36:47'),(2947,1,'en','plugins/language/language','flag_helper','Choose a flag for the language.','2023-11-19 00:36:47','2023-11-19 00:36:47'),(2948,1,'en','plugins/language/language','order','Order','2023-11-19 00:36:47','2023-11-19 00:36:47'),(2949,1,'en','plugins/language/language','order_helper','Position of the language in the language switcher','2023-11-19 00:36:47','2023-11-19 00:36:47'),(2950,1,'en','plugins/language/language','add_new_language','Add new language','2023-11-19 00:36:47','2023-11-19 00:36:47'),(2951,1,'en','plugins/language/language','code','Code','2023-11-19 00:36:47','2023-11-19 00:36:47'),(2952,1,'en','plugins/language/language','default_language','Is default?','2023-11-19 00:36:47','2023-11-19 00:36:47'),(2953,1,'en','plugins/language/language','actions','Actions','2023-11-19 00:36:47','2023-11-19 00:36:47'),(2954,1,'en','plugins/language/language','translations','Translations','2023-11-19 00:36:47','2023-11-19 00:36:47'),(2955,1,'en','plugins/language/language','edit','Edit','2023-11-19 00:36:47','2023-11-19 00:36:47'),(2956,1,'en','plugins/language/language','edit_tooltip','Edit this language','2023-11-19 00:36:47','2023-11-19 00:36:47'),(2957,1,'en','plugins/language/language','delete','Delete','2023-11-19 00:36:47','2023-11-19 00:36:47'),(2958,1,'en','plugins/language/language','delete_tooltip','Delete this language and all its associated data','2023-11-19 00:36:47','2023-11-19 00:36:47'),(2959,1,'en','plugins/language/language','choose_default_language','Choose :language as default language','2023-11-19 00:36:47','2023-11-19 00:36:47'),(2960,1,'en','plugins/language/language','current_language','Current record\'s language','2023-11-19 00:36:47','2023-11-19 00:36:47'),(2961,1,'en','plugins/language/language','edit_related','Edit related language for this record','2023-11-19 00:36:47','2023-11-19 00:36:47'),(2962,1,'en','plugins/language/language','add_language_for_item','Add other language version for this record','2023-11-19 00:36:47','2023-11-19 00:36:47'),(2963,1,'en','plugins/language/language','settings','Settings','2023-11-19 00:36:47','2023-11-19 00:36:47'),(2964,1,'en','plugins/language/language','language_hide_default','Hide default language from URL?','2023-11-19 00:36:47','2023-11-19 00:36:47'),(2965,1,'en','plugins/language/language','language_display_flag_only','Flag only','2023-11-19 00:36:47','2023-11-19 00:36:47'),(2966,1,'en','plugins/language/language','language_display_name_only','Name only','2023-11-19 00:36:47','2023-11-19 00:36:47'),(2967,1,'en','plugins/language/language','language_display_all','Display all flag and name','2023-11-19 00:36:47','2023-11-19 00:36:47'),(2968,1,'en','plugins/language/language','language_display','Language display','2023-11-19 00:36:47','2023-11-19 00:36:47'),(2969,1,'en','plugins/language/language','switcher_display','Switcher language display','2023-11-19 00:36:47','2023-11-19 00:36:47'),(2970,1,'en','plugins/language/language','language_switcher_display_dropdown','Dropdown','2023-11-19 00:36:47','2023-11-19 00:36:47'),(2971,1,'en','plugins/language/language','language_switcher_display_list','List','2023-11-19 00:36:47','2023-11-19 00:36:47'),(2972,1,'en','plugins/language/language','current_language_edit_notification','You are editing \"<strong class=\"current_language_text\">:language</strong>\" version','2023-11-19 00:36:47','2023-11-19 00:36:47'),(2973,1,'en','plugins/language/language','confirm-change-language','Confirm change language','2023-11-19 00:36:47','2023-11-19 00:36:47'),(2974,1,'en','plugins/language/language','confirm-change-language-message','Do you really want to change language to \"<strong class=\"change_to_language_text\"></strong>\" ? This action will be override \"<strong class=\"change_to_language_text\"></strong>\" version if it\'s existed!','2023-11-19 00:36:47','2023-11-19 00:36:47'),(2975,1,'en','plugins/language/language','confirm-change-language-btn','Confirm change','2023-11-19 00:36:47','2023-11-19 00:36:47'),(2976,1,'en','plugins/language/language','hide_languages','Hide languages','2023-11-19 00:36:47','2023-11-19 00:36:47'),(2977,1,'en','plugins/language/language','hide_languages_description','You can completely hide content in specific languages from visitors and search engines, but still view it yourself. This allows reviewing translations that are in progress.','2023-11-19 00:36:47','2023-11-19 00:36:47'),(2978,1,'en','plugins/language/language','hide_languages_helper_display_hidden','{0} All languages are currently displayed.|{1} :language is currently hidden to visitors.|[2, Inf] :language are currently hidden to visitors.','2023-11-19 00:36:47','2023-11-19 00:36:47'),(2979,1,'en','plugins/language/language','show_all','Show all','2023-11-19 00:36:47','2023-11-19 00:36:47'),(2980,1,'en','plugins/language/language','change_language','Language','2023-11-19 00:36:47','2023-11-19 00:36:47'),(2981,1,'en','plugins/language/language','language_show_default_item_if_current_version_not_existed','Show item in default language if it is not existed in current language','2023-11-19 00:36:47','2023-11-19 00:36:47'),(2982,1,'en','plugins/language/language','select_flag','Select a flag...','2023-11-19 00:36:47','2023-11-19 00:36:47'),(2983,1,'en','plugins/language/language','delete_confirmation_message','Do you really want to delete this language? It also deletes all items in this language and cannot rollback!','2023-11-19 00:36:47','2023-11-19 00:36:47'),(2984,1,'en','plugins/language/language','added_already','This language was added already!','2023-11-19 00:36:47','2023-11-19 00:36:47'),(2985,1,'en','plugins/language/language','language_auto_detect_user_language','Auto detect user language?','2023-11-19 00:36:47','2023-11-19 00:36:47'),(2986,1,'en','plugins/location/bulk-import','name','Bulk Import','2023-11-19 00:36:47','2023-11-19 00:36:47'),(2987,1,'en','plugins/location/bulk-import','imported_successfully','Your locations have been imported successfully!','2023-11-19 00:36:47','2023-11-19 00:36:47'),(2988,1,'en','plugins/location/bulk-import','please_choose_the_file_mime','Please choose the file mime :types','2023-11-19 00:36:47','2023-11-19 00:36:47'),(2989,1,'en','plugins/location/bulk-import','please_choose_the_file','Please choose the file','2023-11-19 00:36:47','2023-11-19 00:36:47'),(2990,1,'en','plugins/location/bulk-import','start_import','Start Import','2023-11-19 00:36:47','2023-11-19 00:36:47'),(2991,1,'en','plugins/location/bulk-import','note','Note!','2023-11-19 00:36:47','2023-11-19 00:36:47'),(2992,1,'en','plugins/location/bulk-import','warning_before_importing','If this is your first time using this feature, please read the documentation or contact the Administrator for access to the correct functionality!','2023-11-19 00:36:47','2023-11-19 00:36:47'),(2993,1,'en','plugins/location/bulk-import','results','Result: :success successes, :failed failures','2023-11-19 00:36:47','2023-11-19 00:36:47'),(2994,1,'en','plugins/location/bulk-import','failures','Failures','2023-11-19 00:36:47','2023-11-19 00:36:47'),(2995,1,'en','plugins/location/bulk-import','tables.import','Import','2023-11-19 00:36:47','2023-11-19 00:36:47'),(2996,1,'en','plugins/location/bulk-import','template','Template','2023-11-19 00:36:47','2023-11-19 00:36:47'),(2997,1,'en','plugins/location/bulk-import','rules','Rules','2023-11-19 00:36:47','2023-11-19 00:36:47'),(2998,1,'en','plugins/location/bulk-import','choose_file_with_mime','Choose file with mime: (:types)','2023-11-19 00:36:47','2023-11-19 00:36:47'),(2999,1,'en','plugins/location/bulk-import','choose_file','Choose file','2023-11-19 00:36:47','2023-11-19 00:36:47'),(3000,1,'en','plugins/location/bulk-import','menu','Import locations','2023-11-19 00:36:47','2023-11-19 00:36:47'),(3001,1,'en','plugins/location/bulk-import','download-csv-file','Download CSV template','2023-11-19 00:36:47','2023-11-19 00:36:47'),(3002,1,'en','plugins/location/bulk-import','download-excel-file','Download Excel template','2023-11-19 00:36:47','2023-11-19 00:36:47'),(3003,1,'en','plugins/location/bulk-import','downloading','Downloading...','2023-11-19 00:36:47','2023-11-19 00:36:47'),(3004,1,'en','plugins/location/bulk-import','export.template.input_error','Input error','2023-11-19 00:36:47','2023-11-19 00:36:47'),(3005,1,'en','plugins/location/bulk-import','export.template.number_not_allowed','Number is not allowed!','2023-11-19 00:36:47','2023-11-19 00:36:47'),(3006,1,'en','plugins/location/bulk-import','export.template.allowed_input','Allowed input','2023-11-19 00:36:47','2023-11-19 00:36:47'),(3007,1,'en','plugins/location/bulk-import','export.template.prompt_decimal','Only numbers or decimals are accepted and greater than or equal to :min.','2023-11-19 00:36:47','2023-11-19 00:36:47'),(3008,1,'en','plugins/location/bulk-import','export.template.prompt_whole_number','Only numbers are accepted and greater than or equal to :min.','2023-11-19 00:36:47','2023-11-19 00:36:47'),(3009,1,'en','plugins/location/bulk-import','export.template.prompt_list','Please pick a value from the drop-down list.','2023-11-19 00:36:47','2023-11-19 00:36:47'),(3010,1,'en','plugins/location/bulk-import','export.template.pick_from_list','Pick from list','2023-11-19 00:36:47','2023-11-19 00:36:47'),(3011,1,'en','plugins/location/bulk-import','export.template.value_not_in_list','Value is not in list.','2023-11-19 00:36:47','2023-11-19 00:36:47'),(3012,1,'en','plugins/location/bulk-import','export.template.max_text_length','Max text length','2023-11-19 00:36:47','2023-11-19 00:36:47'),(3013,1,'en','plugins/location/bulk-import','export.template.prompt_max_text_length','Only accept text with length less than or equal to :max.','2023-11-19 00:36:47','2023-11-19 00:36:47'),(3014,1,'en','plugins/location/bulk-import','import_failed_description','Import failed, please check the errors below!','2023-11-19 00:36:47','2023-11-19 00:36:47'),(3015,1,'en','plugins/location/bulk-import','available_enable_multi_language','Only available when you enable \"Is Multi Language?\"','2023-11-19 00:36:47','2023-11-19 00:36:47'),(3016,1,'en','plugins/location/bulk-import','import_type_required_if','The :attribute field is required when \"Import Type\" is :value.','2023-11-19 00:36:47','2023-11-19 00:36:47'),(3017,1,'en','plugins/location/bulk-import','import_available_data','Import available data','2023-11-19 00:36:47','2023-11-19 00:36:47'),(3018,1,'en','plugins/location/bulk-import','import','Import','2023-11-19 00:36:47','2023-11-19 00:36:47'),(3019,1,'en','plugins/location/bulk-import','import_available_data_confirmation','Import available data confirmation','2023-11-19 00:36:47','2023-11-19 00:36:47'),(3020,1,'en','plugins/location/bulk-import','import_available_data_confirmation_content','Do you really want to import states/cities for this country?','2023-11-19 00:36:47','2023-11-19 00:36:47'),(3021,1,'en','plugins/location/bulk-import','upload_file_placeholder','Drag and drop file here or click to upload','2023-11-19 00:36:47','2023-11-19 00:36:47'),(3022,1,'en','plugins/location/bulk-import','uploading','Uploading...','2023-11-19 00:36:47','2023-11-19 00:36:47'),(3023,1,'en','plugins/location/bulk-import','validating','Validating...','2023-11-19 00:36:47','2023-11-19 00:36:47'),(3024,1,'en','plugins/location/bulk-import','importing','Importing...','2023-11-19 00:36:47','2023-11-19 00:36:47'),(3025,1,'en','plugins/location/bulk-import','validating_message','Validating from :from to :to...','2023-11-19 00:36:47','2023-11-19 00:36:47'),(3026,1,'en','plugins/location/bulk-import','importing_message','Importing from :from to :to...','2023-11-19 00:36:47','2023-11-19 00:36:47'),(3027,1,'en','plugins/location/bulk-import','total_rows','You have imported :total rows successfully!','2023-11-19 00:36:47','2023-11-19 00:36:47'),(3028,1,'en','plugins/location/city','name','Cities','2023-11-19 00:36:47','2023-11-19 00:36:47'),(3029,1,'en','plugins/location/city','create','New city','2023-11-19 00:36:47','2023-11-19 00:36:47'),(3030,1,'en','plugins/location/city','state','State','2023-11-19 00:36:47','2023-11-19 00:36:47'),(3031,1,'en','plugins/location/city','select_state','Select state...','2023-11-19 00:36:47','2023-11-19 00:36:47'),(3032,1,'en','plugins/location/city','select_city','Select city...','2023-11-19 00:36:47','2023-11-19 00:36:47'),(3033,1,'en','plugins/location/city','country','Country','2023-11-19 00:36:47','2023-11-19 00:36:47'),(3034,1,'en','plugins/location/city','select_country','Select country...','2023-11-19 00:36:47','2023-11-19 00:36:47'),(3035,1,'en','plugins/location/city','city','City','2023-11-19 00:36:47','2023-11-19 00:36:47'),(3036,1,'en','plugins/location/country','name','Countries','2023-11-19 00:36:47','2023-11-19 00:36:47'),(3037,1,'en','plugins/location/country','create','New country','2023-11-19 00:36:47','2023-11-19 00:36:47'),(3038,1,'en','plugins/location/country','nationality','Nationality','2023-11-19 00:36:47','2023-11-19 00:36:47'),(3039,1,'en','plugins/location/country','code','Country ISO code','2023-11-19 00:36:47','2023-11-19 00:36:47'),(3040,1,'en','plugins/location/country','code_placeholder','ISO country code, uppercase. Ex: US.','2023-11-19 00:36:47','2023-11-19 00:36:47'),(3041,1,'en','plugins/location/country','code_helper','Find country ISO code from here: https://en.wikipedia.org/wiki/List_of_ISO_3166_country_codes','2023-11-19 00:36:47','2023-11-19 00:36:47'),(3042,1,'en','plugins/location/location','name','Locations','2023-11-19 00:36:47','2023-11-19 00:36:47'),(3043,1,'en','plugins/location/location','all_states','All states','2023-11-19 00:36:47','2023-11-19 00:36:47'),(3044,1,'en','plugins/location/location','abbreviation','Abbreviation','2023-11-19 00:36:47','2023-11-19 00:36:47'),(3045,1,'en','plugins/location/location','abbreviation_placeholder','E.g: CA','2023-11-19 00:36:47','2023-11-19 00:36:47'),(3046,1,'en','plugins/location/location','exporting','Exporting','2023-11-19 00:36:47','2023-11-19 00:36:47'),(3047,1,'en','plugins/location/location','total_country','Total countries','2023-11-19 00:36:47','2023-11-19 00:36:47'),(3048,1,'en','plugins/location/location','total_state','Total states','2023-11-19 00:36:47','2023-11-19 00:36:47'),(3049,1,'en','plugins/location/location','total_city','Total cities','2023-11-19 00:36:47','2023-11-19 00:36:47'),(3050,1,'en','plugins/location/location','export_location','Export location','2023-11-19 00:36:47','2023-11-19 00:36:47'),(3051,1,'en','plugins/location/location','start_export','Start exporting','2023-11-19 00:36:47','2023-11-19 00:36:47'),(3052,1,'en','plugins/location/location','enums.import_type.country','Country','2023-11-19 00:36:47','2023-11-19 00:36:47'),(3053,1,'en','plugins/location/location','enums.import_type.state','State','2023-11-19 00:36:47','2023-11-19 00:36:47'),(3054,1,'en','plugins/location/location','enums.import_type.city','City','2023-11-19 00:36:47','2023-11-19 00:36:47'),(3055,1,'en','plugins/location/state','name','States','2023-11-19 00:36:47','2023-11-19 00:36:47'),(3056,1,'en','plugins/location/state','create','New state','2023-11-19 00:36:47','2023-11-19 00:36:47'),(3057,1,'en','plugins/location/state','country','Country','2023-11-19 00:36:47','2023-11-19 00:36:47'),(3058,1,'en','plugins/location/state','select_country','Select a country...','2023-11-19 00:36:47','2023-11-19 00:36:47'),(3059,1,'en','plugins/location/state','state','State','2023-11-19 00:36:47','2023-11-19 00:36:47'),(3060,1,'en','plugins/marketplace/marketplace','name','Marketplace','2023-11-19 00:36:47','2023-11-19 00:36:47'),(3061,1,'en','plugins/marketplace/marketplace','email.store_new_order_title','Notice about new order','2023-11-19 00:36:48','2023-11-19 00:36:48'),(3062,1,'en','plugins/marketplace/marketplace','email.store_new_order_description','Send email to the store owner when an order placed','2023-11-19 00:36:48','2023-11-19 00:36:48'),(3063,1,'en','plugins/marketplace/marketplace','email.verify_vendor_title','Verify vendor','2023-11-19 00:36:48','2023-11-19 00:36:48'),(3064,1,'en','plugins/marketplace/marketplace','email.verify_vendor_description','Send email to the admin when a vendor registers','2023-11-19 00:36:48','2023-11-19 00:36:48'),(3065,1,'en','plugins/marketplace/marketplace','email.pending_product_approval_title','Pending product approval','2023-11-19 00:36:48','2023-11-19 00:36:48'),(3066,1,'en','plugins/marketplace/marketplace','email.pending_product_approval_description','Send email to the admin when a vendor post their products','2023-11-19 00:36:48','2023-11-19 00:36:48'),(3067,1,'en','plugins/marketplace/marketplace','email.vendor_account_approved_title','Vendor account approved','2023-11-19 00:36:48','2023-11-19 00:36:48'),(3068,1,'en','plugins/marketplace/marketplace','email.vendor_account_approved_description','Send email to vendor when their account approved','2023-11-19 00:36:48','2023-11-19 00:36:48'),(3069,1,'en','plugins/marketplace/marketplace','email.product_approved_title','Product approved','2023-11-19 00:36:48','2023-11-19 00:36:48'),(3070,1,'en','plugins/marketplace/marketplace','email.product_approved_description','Send email to vendor when their product approved','2023-11-19 00:36:48','2023-11-19 00:36:48'),(3071,1,'en','plugins/marketplace/marketplace','email.withdrawal_approved_title','Withdrawal approved','2023-11-19 00:36:48','2023-11-19 00:36:48'),(3072,1,'en','plugins/marketplace/marketplace','email.withdrawal_approved_description','Send email to vendor when their withdrawal request approved','2023-11-19 00:36:48','2023-11-19 00:36:48'),(3073,1,'en','plugins/marketplace/marketplace','current_balance','Current balance','2023-11-19 00:36:48','2023-11-19 00:36:48'),(3074,1,'en','plugins/marketplace/marketplace','settings.name','Settings','2023-11-19 00:36:48','2023-11-19 00:36:48'),(3075,1,'en','plugins/marketplace/marketplace','settings.title','Settings for marketplace','2023-11-19 00:36:48','2023-11-19 00:36:48'),(3076,1,'en','plugins/marketplace/marketplace','settings.description','Setup commission fee','2023-11-19 00:36:48','2023-11-19 00:36:48'),(3077,1,'en','plugins/marketplace/marketplace','settings.fee_per_order','Fee per fee (%), suggest: 2 or 3','2023-11-19 00:36:48','2023-11-19 00:36:48'),(3078,1,'en','plugins/marketplace/marketplace','settings.default_commission_fee','Default commission fee (%), suggest: 2 or 3','2023-11-19 00:36:48','2023-11-19 00:36:48'),(3079,1,'en','plugins/marketplace/marketplace','settings.enable_commission_fee_for_each_category','Enable commission fee for each category?','2023-11-19 00:36:48','2023-11-19 00:36:48'),(3080,1,'en','plugins/marketplace/marketplace','settings.categories','Categories','2023-11-19 00:36:48','2023-11-19 00:36:48'),(3081,1,'en','plugins/marketplace/marketplace','settings.select_categories','Select categories..','2023-11-19 00:36:48','2023-11-19 00:36:48'),(3082,1,'en','plugins/marketplace/marketplace','settings.commission_fee','Commission fee (%)','2023-11-19 00:36:48','2023-11-19 00:36:48'),(3083,1,'en','plugins/marketplace/marketplace','settings.commission_fee_by_category','Commission fee by category (%)','2023-11-19 00:36:48','2023-11-19 00:36:48'),(3084,1,'en','plugins/marketplace/marketplace','settings.fee_withdrawal','Fee withdrawal (Fixed amount)','2023-11-19 00:36:48','2023-11-19 00:36:48'),(3085,1,'en','plugins/marketplace/marketplace','settings.check_valid_signature','Check valid signature in vendor\'s earnings','2023-11-19 00:36:48','2023-11-19 00:36:48'),(3086,1,'en','plugins/marketplace/marketplace','settings.verify_vendor','Vendor verification (Vendor just can post their product listing after getting verified)','2023-11-19 00:36:48','2023-11-19 00:36:48'),(3087,1,'en','plugins/marketplace/marketplace','settings.enable_product_approval','Enable product approval','2023-11-19 00:36:48','2023-11-19 00:36:48'),(3088,1,'en','plugins/marketplace/marketplace','settings.hide_store_phone_number','Hide store phone number?','2023-11-19 00:36:48','2023-11-19 00:36:48'),(3089,1,'en','plugins/marketplace/marketplace','settings.hide_store_email','Hide store email?','2023-11-19 00:36:48','2023-11-19 00:36:48'),(3090,1,'en','plugins/marketplace/marketplace','settings.hide_store_social_links','Hide store social links?','2023-11-19 00:36:48','2023-11-19 00:36:48'),(3091,1,'en','plugins/marketplace/marketplace','settings.allow_vendor_manage_shipping','Allow vendor manage shipping?','2023-11-19 00:36:48','2023-11-19 00:36:48'),(3092,1,'en','plugins/marketplace/marketplace','settings.commission_fee_each_category_fee_name','Commission fee of commission setting :key','2023-11-19 00:36:48','2023-11-19 00:36:48'),(3093,1,'en','plugins/marketplace/marketplace','settings.commission_fee_each_category_name','Categories of commission setting :key','2023-11-19 00:36:48','2023-11-19 00:36:48'),(3094,1,'en','plugins/marketplace/marketplace','settings.add_new','Add new','2023-11-19 00:36:48','2023-11-19 00:36:48'),(3095,1,'en','plugins/marketplace/marketplace','settings.payout_methods','Payout methods','2023-11-19 00:36:48','2023-11-19 00:36:48'),(3096,1,'en','plugins/marketplace/marketplace','settings.max_upload_filesize','Max upload filesize (MB)','2023-11-19 00:36:48','2023-11-19 00:36:48'),(3097,1,'en','plugins/marketplace/marketplace','settings.max_upload_filesize_placeholder','Default: 10','2023-11-19 00:36:48','2023-11-19 00:36:48'),(3098,1,'en','plugins/marketplace/marketplace','settings.max_product_images_upload_by_vendor','Max number of images for each product','2023-11-19 00:36:48','2023-11-19 00:36:48'),(3099,1,'en','plugins/marketplace/marketplace','theme_options.name','Marketplace','2023-11-19 00:36:48','2023-11-19 00:36:48'),(3100,1,'en','plugins/marketplace/marketplace','theme_options.description','Theme options for Marketplace','2023-11-19 00:36:48','2023-11-19 00:36:48'),(3101,1,'en','plugins/marketplace/marketplace','theme_options.logo_vendor_dashboard','Logo in the vendor dashboard (Default is the main logo)','2023-11-19 00:36:48','2023-11-19 00:36:48'),(3102,1,'en','plugins/marketplace/marketplace','store_name','Store name','2023-11-19 00:36:48','2023-11-19 00:36:48'),(3103,1,'en','plugins/marketplace/marketplace','store_email','Store email','2023-11-19 00:36:48','2023-11-19 00:36:48'),(3104,1,'en','plugins/marketplace/marketplace','store_phone','Store phone','2023-11-19 00:36:48','2023-11-19 00:36:48'),(3105,1,'en','plugins/marketplace/marketplace','product_name','Product name','2023-11-19 00:36:48','2023-11-19 00:36:48'),(3106,1,'en','plugins/marketplace/marketplace','product_url','Product URL','2023-11-19 00:36:48','2023-11-19 00:36:48'),(3107,1,'en','plugins/marketplace/marketplace','withdrawal_amount','Withdrawal amount','2023-11-19 00:36:48','2023-11-19 00:36:48'),(3108,1,'en','plugins/marketplace/marketplace','helpers.customer_status','If you change the status other than \":status\" this vendor\'s store will also change to \":store\"','2023-11-19 00:36:48','2023-11-19 00:36:48'),(3109,1,'en','plugins/marketplace/marketplace','helpers.store_status','If you change the status other than \":status\" this store\'s account will also change to \":customer\"','2023-11-19 00:36:48','2023-11-19 00:36:48'),(3110,1,'en','plugins/marketplace/marketplace','tables.earnings','Earnings','2023-11-19 00:36:48','2023-11-19 00:36:48'),(3111,1,'en','plugins/marketplace/marketplace','tables.products_count','Products Count','2023-11-19 00:36:48','2023-11-19 00:36:48'),(3112,1,'en','plugins/marketplace/marketplace','vendors','Vendors','2023-11-19 00:36:48','2023-11-19 00:36:48'),(3113,1,'en','plugins/marketplace/marketplace','payout_payment_methods.bank_transfer','Bank Transfer','2023-11-19 00:36:48','2023-11-19 00:36:48'),(3114,1,'en','plugins/marketplace/marketplace','payout_payment_methods.paypal','PayPal','2023-11-19 00:36:48','2023-11-19 00:36:48'),(3115,1,'en','plugins/marketplace/marketplace','reports.name','Reports','2023-11-19 00:36:48','2023-11-19 00:36:48'),(3116,1,'en','plugins/marketplace/marketplace','reports.total_fee_earnings','Total fee earnings: :value','2023-11-19 00:36:48','2023-11-19 00:36:48'),(3117,1,'en','plugins/marketplace/marketplace','reports.total_fee','Total fee','2023-11-19 00:36:48','2023-11-19 00:36:48'),(3118,1,'en','plugins/marketplace/marketplace','reports.total_amount','Total amount','2023-11-19 00:36:48','2023-11-19 00:36:48'),(3119,1,'en','plugins/marketplace/marketplace','reports.store_revenues','Store revenues','2023-11-19 00:36:48','2023-11-19 00:36:48'),(3120,1,'en','plugins/marketplace/marketplace','reports.sale_commissions','Sale commissions','2023-11-19 00:36:48','2023-11-19 00:36:48'),(3121,1,'en','plugins/marketplace/marketplace','reports.fee','Fee (:symbol)','2023-11-19 00:36:48','2023-11-19 00:36:48'),(3122,1,'en','plugins/marketplace/marketplace','reports.amount','Amount (:symbol)','2023-11-19 00:36:48','2023-11-19 00:36:48'),(3123,1,'en','plugins/marketplace/marketplace','vendor','Vendor','2023-11-19 00:36:48','2023-11-19 00:36:48'),(3124,1,'en','plugins/marketplace/order','shipping_method_required','Shipping method for \":name\" store order is required.','2023-11-19 00:36:48','2023-11-19 00:36:48'),(3125,1,'en','plugins/marketplace/order','shipping_method_in','Shipping method for \":name\" store order is invalid.','2023-11-19 00:36:48','2023-11-19 00:36:48'),(3126,1,'en','plugins/marketplace/order','shipping_option_required','Shipping option for \":name\" store order is required.','2023-11-19 00:36:48','2023-11-19 00:36:48'),(3127,1,'en','plugins/marketplace/order','refund.insufficient_balance','Balance of vendor is not enough to refund order, balance: :balance','2023-11-19 00:36:48','2023-11-19 00:36:48'),(3128,1,'en','plugins/marketplace/order','refund.description','Refunded from the order #:order','2023-11-19 00:36:48','2023-11-19 00:36:48'),(3129,1,'en','plugins/marketplace/order','products_are_from_different_vendors','Cannot create order! Products are from different vendors.','2023-11-19 00:36:48','2023-11-19 00:36:48'),(3130,1,'en','plugins/marketplace/order','return.description','Returned from the order #:order','2023-11-19 00:36:48','2023-11-19 00:36:48'),(3131,1,'en','plugins/marketplace/revenue','edit','Update wallet balance','2023-11-19 00:36:48','2023-11-19 00:36:48'),(3132,1,'en','plugins/marketplace/revenue','view_store','View store \":store\"','2023-11-19 00:36:48','2023-11-19 00:36:48'),(3133,1,'en','plugins/marketplace/revenue','forms.description_placeholder','Update the exact amount with order #__ORDER_ID__ with reason: __REASON__','2023-11-19 00:36:48','2023-11-19 00:36:48'),(3134,1,'en','plugins/marketplace/revenue','forms.amount','Amount','2023-11-19 00:36:48','2023-11-19 00:36:48'),(3135,1,'en','plugins/marketplace/revenue','forms.amount_placeholder','Enter Amount','2023-11-19 00:36:48','2023-11-19 00:36:48'),(3136,1,'en','plugins/marketplace/revenue','forms.type','Type','2023-11-19 00:36:48','2023-11-19 00:36:48'),(3137,1,'en','plugins/marketplace/revenue','forms.created_by','Created By','2023-11-19 00:36:48','2023-11-19 00:36:48'),(3138,1,'en','plugins/marketplace/revenue','types.add-amount','Add Amount','2023-11-19 00:36:48','2023-11-19 00:36:48'),(3139,1,'en','plugins/marketplace/revenue','types.subtract-amount','Subtract Amount','2023-11-19 00:36:48','2023-11-19 00:36:48'),(3140,1,'en','plugins/marketplace/revenue','types.order-return','Order Return','2023-11-19 00:36:48','2023-11-19 00:36:48'),(3141,1,'en','plugins/marketplace/revenue','store_name','Store Name','2023-11-19 00:36:48','2023-11-19 00:36:48'),(3142,1,'en','plugins/marketplace/revenue','vendor_name','Vendor Name','2023-11-19 00:36:48','2023-11-19 00:36:48'),(3143,1,'en','plugins/marketplace/revenue','balance','Balance','2023-11-19 00:36:48','2023-11-19 00:36:48'),(3144,1,'en','plugins/marketplace/revenue','store_information','Store information','2023-11-19 00:36:48','2023-11-19 00:36:48'),(3145,1,'en','plugins/marketplace/revenue','update_balance','Adjust Balance','2023-11-19 00:36:48','2023-11-19 00:36:48'),(3146,1,'en','plugins/marketplace/revenue','update_balance_title','Add/Subtract amount of vendor','2023-11-19 00:36:48','2023-11-19 00:36:48'),(3147,1,'en','plugins/marketplace/revenue','statements','Statements','2023-11-19 00:36:48','2023-11-19 00:36:48'),(3148,1,'en','plugins/marketplace/revenue','products','Products','2023-11-19 00:36:48','2023-11-19 00:36:48'),(3149,1,'en','plugins/marketplace/store','name','Stores','2023-11-19 00:36:48','2023-11-19 00:36:48'),(3150,1,'en','plugins/marketplace/store','create','New store','2023-11-19 00:36:48','2023-11-19 00:36:48'),(3151,1,'en','plugins/marketplace/store','edit','Edit store','2023-11-19 00:36:48','2023-11-19 00:36:48'),(3152,1,'en','plugins/marketplace/store','view','View','2023-11-19 00:36:48','2023-11-19 00:36:48'),(3153,1,'en','plugins/marketplace/store','forms.logo','Logo','2023-11-19 00:36:48','2023-11-19 00:36:48'),(3154,1,'en','plugins/marketplace/store','forms.email','Email','2023-11-19 00:36:48','2023-11-19 00:36:48'),(3155,1,'en','plugins/marketplace/store','forms.email_placeholder','Ex: name@store.com','2023-11-19 00:36:48','2023-11-19 00:36:48'),(3156,1,'en','plugins/marketplace/store','forms.phone','Phone','2023-11-19 00:36:48','2023-11-19 00:36:48'),(3157,1,'en','plugins/marketplace/store','forms.phone_placeholder','Phone','2023-11-19 00:36:48','2023-11-19 00:36:48'),(3158,1,'en','plugins/marketplace/store','forms.address','Address','2023-11-19 00:36:48','2023-11-19 00:36:48'),(3159,1,'en','plugins/marketplace/store','forms.address_placeholder','Address','2023-11-19 00:36:48','2023-11-19 00:36:48'),(3160,1,'en','plugins/marketplace/store','forms.city','City','2023-11-19 00:36:48','2023-11-19 00:36:48'),(3161,1,'en','plugins/marketplace/store','forms.city_placeholder','City','2023-11-19 00:36:48','2023-11-19 00:36:48'),(3162,1,'en','plugins/marketplace/store','forms.state','State','2023-11-19 00:36:48','2023-11-19 00:36:48'),(3163,1,'en','plugins/marketplace/store','forms.state_placeholder','State','2023-11-19 00:36:48','2023-11-19 00:36:48'),(3164,1,'en','plugins/marketplace/store','forms.country','Country','2023-11-19 00:36:48','2023-11-19 00:36:48'),(3165,1,'en','plugins/marketplace/store','forms.country_placeholder','Country','2023-11-19 00:36:48','2023-11-19 00:36:48'),(3166,1,'en','plugins/marketplace/store','forms.store_owner','Store owner','2023-11-19 00:36:48','2023-11-19 00:36:48'),(3167,1,'en','plugins/marketplace/store','forms.select_store_owner','Select a store owner...','2023-11-19 00:36:48','2023-11-19 00:36:48'),(3168,1,'en','plugins/marketplace/store','forms.store','Store','2023-11-19 00:36:48','2023-11-19 00:36:48'),(3169,1,'en','plugins/marketplace/store','forms.select_store','Select a store...','2023-11-19 00:36:48','2023-11-19 00:36:48'),(3170,1,'en','plugins/marketplace/store','forms.is_vendor','Is vendor?','2023-11-19 00:36:48','2023-11-19 00:36:48'),(3171,1,'en','plugins/marketplace/store','forms.company','Company','2023-11-19 00:36:48','2023-11-19 00:36:48'),(3172,1,'en','plugins/marketplace/store','forms.company_placeholder','Company','2023-11-19 00:36:49','2023-11-19 00:36:49'),(3173,1,'en','plugins/marketplace/store','forms.zip_code','Zip Code','2023-11-19 00:36:49','2023-11-19 00:36:49'),(3174,1,'en','plugins/marketplace/store','forms.zip_code_placeholder','Zip Code','2023-11-19 00:36:49','2023-11-19 00:36:49'),(3175,1,'en','plugins/marketplace/store','store','Store','2023-11-19 00:36:49','2023-11-19 00:36:49'),(3176,1,'en','plugins/marketplace/store','store_name','Store name','2023-11-19 00:36:49','2023-11-19 00:36:49'),(3177,1,'en','plugins/marketplace/store','store_phone','Store phone','2023-11-19 00:36:49','2023-11-19 00:36:49'),(3178,1,'en','plugins/marketplace/store','store_address','Store address','2023-11-19 00:36:49','2023-11-19 00:36:49'),(3179,1,'en','plugins/marketplace/store','store_link','Store link','2023-11-19 00:36:49','2023-11-19 00:36:49'),(3180,1,'en','plugins/marketplace/store','store_url','Store URL','2023-11-19 00:36:49','2023-11-19 00:36:49'),(3181,1,'en','plugins/marketplace/store','product_approval_notification','This product was created by :vendor. It needs to be approved to be shown on your website. :approve_link','2023-11-19 00:36:49','2023-11-19 00:36:49'),(3182,1,'en','plugins/marketplace/store','approve_here','Approve it here.','2023-11-19 00:36:49','2023-11-19 00:36:49'),(3183,1,'en','plugins/marketplace/store','approve_product_confirmation','Approve product confirmation','2023-11-19 00:36:49','2023-11-19 00:36:49'),(3184,1,'en','plugins/marketplace/store','approve_product_confirmation_description','Are you sure you really want to approve this product from :vendor?','2023-11-19 00:36:49','2023-11-19 00:36:49'),(3185,1,'en','plugins/marketplace/store','approve','Approve','2023-11-19 00:36:49','2023-11-19 00:36:49'),(3186,1,'en','plugins/marketplace/store','approve_product_success','Approved product successfully','2023-11-19 00:36:49','2023-11-19 00:36:49'),(3187,1,'en','plugins/marketplace/store','product_approved_notification','This product was created by :vendor. Approved by :user.','2023-11-19 00:36:49','2023-11-19 00:36:49'),(3188,1,'en','plugins/marketplace/store','information','Store information','2023-11-19 00:36:49','2023-11-19 00:36:49'),(3189,1,'en','plugins/marketplace/store','vendor_information','Vendor information','2023-11-19 00:36:49','2023-11-19 00:36:49'),(3190,1,'en','plugins/marketplace/store','vendor_name','Name','2023-11-19 00:36:49','2023-11-19 00:36:49'),(3191,1,'en','plugins/marketplace/store','withdrawal_approval_notification','This withdrawal request has been created by :vendor. Their current balance is :balance.','2023-11-19 00:36:49','2023-11-19 00:36:49'),(3192,1,'en','plugins/marketplace/unverified-vendor','name','Unverified vendors','2023-11-19 00:36:49','2023-11-19 00:36:49'),(3193,1,'en','plugins/marketplace/unverified-vendor','verify','Verify vendor \":name\"','2023-11-19 00:36:49','2023-11-19 00:36:49'),(3194,1,'en','plugins/marketplace/unverified-vendor','forms.email','Email','2023-11-19 00:36:49','2023-11-19 00:36:49'),(3195,1,'en','plugins/marketplace/unverified-vendor','forms.store_name','Store name','2023-11-19 00:36:49','2023-11-19 00:36:49'),(3196,1,'en','plugins/marketplace/unverified-vendor','forms.store_phone','Store phone','2023-11-19 00:36:49','2023-11-19 00:36:49'),(3197,1,'en','plugins/marketplace/unverified-vendor','forms.vendor_phone','Phone','2023-11-19 00:36:49','2023-11-19 00:36:49'),(3198,1,'en','plugins/marketplace/unverified-vendor','forms.verify_vendor','Verify vendor','2023-11-19 00:36:49','2023-11-19 00:36:49'),(3199,1,'en','plugins/marketplace/unverified-vendor','forms.registered_at','Registered At','2023-11-19 00:36:49','2023-11-19 00:36:49'),(3200,1,'en','plugins/marketplace/unverified-vendor','approve','Approve','2023-11-19 00:36:49','2023-11-19 00:36:49'),(3201,1,'en','plugins/marketplace/unverified-vendor','approve_vendor_confirmation','Approve vendor confirmation','2023-11-19 00:36:49','2023-11-19 00:36:49'),(3202,1,'en','plugins/marketplace/unverified-vendor','approve_vendor_confirmation_description','Are you sure you really want to approve :vendor for selling on this site?','2023-11-19 00:36:49','2023-11-19 00:36:49'),(3203,1,'en','plugins/marketplace/unverified-vendor','vendor_approval_notification','Do you want to approve this vendor for selling on this site? :approve_link','2023-11-19 00:36:49','2023-11-19 00:36:49'),(3204,1,'en','plugins/marketplace/unverified-vendor','new_vendor_notifications.new_vendor','New vendor','2023-11-19 00:36:49','2023-11-19 00:36:49'),(3205,1,'en','plugins/marketplace/unverified-vendor','new_vendor_notifications.view','View','2023-11-19 00:36:49','2023-11-19 00:36:49'),(3206,1,'en','plugins/marketplace/unverified-vendor','new_vendor_notifications.description',':customer has registered but not verified.','2023-11-19 00:36:49','2023-11-19 00:36:49'),(3207,1,'en','plugins/marketplace/withdrawal','name','Withdrawals','2023-11-19 00:36:49','2023-11-19 00:36:49'),(3208,1,'en','plugins/marketplace/withdrawal','edit','Edit withdrawal','2023-11-19 00:36:49','2023-11-19 00:36:49'),(3209,1,'en','plugins/marketplace/withdrawal','statuses.pending','Pending','2023-11-19 00:36:49','2023-11-19 00:36:49'),(3210,1,'en','plugins/marketplace/withdrawal','statuses.processing','Processing','2023-11-19 00:36:49','2023-11-19 00:36:49'),(3211,1,'en','plugins/marketplace/withdrawal','statuses.completed','Completed','2023-11-19 00:36:49','2023-11-19 00:36:49'),(3212,1,'en','plugins/marketplace/withdrawal','statuses.canceled','Canceled','2023-11-19 00:36:49','2023-11-19 00:36:49'),(3213,1,'en','plugins/marketplace/withdrawal','statuses.refused','Refused','2023-11-19 00:36:49','2023-11-19 00:36:49'),(3214,1,'en','plugins/marketplace/withdrawal','amount','Amount','2023-11-19 00:36:49','2023-11-19 00:36:49'),(3215,1,'en','plugins/marketplace/withdrawal','customer','Customer','2023-11-19 00:36:49','2023-11-19 00:36:49'),(3216,1,'en','plugins/marketplace/withdrawal','vendor','Vendor','2023-11-19 00:36:49','2023-11-19 00:36:49'),(3217,1,'en','plugins/marketplace/withdrawal','currency','Currency','2023-11-19 00:36:49','2023-11-19 00:36:49'),(3218,1,'en','plugins/marketplace/withdrawal','forms.amount','Amount','2023-11-19 00:36:49','2023-11-19 00:36:49'),(3219,1,'en','plugins/marketplace/withdrawal','forms.amount_placeholder','Amount you want to withdrawal','2023-11-19 00:36:49','2023-11-19 00:36:49'),(3220,1,'en','plugins/marketplace/withdrawal','forms.fee','Fee','2023-11-19 00:36:49','2023-11-19 00:36:49'),(3221,1,'en','plugins/marketplace/withdrawal','forms.fee_helper','You have to pay a fee when withdrawing: :fee','2023-11-19 00:36:49','2023-11-19 00:36:49'),(3222,1,'en','plugins/marketplace/withdrawal','forms.pending_status_helper','To complete withdrawal, please update status as processing then completed','2023-11-19 00:36:49','2023-11-19 00:36:49'),(3223,1,'en','plugins/marketplace/withdrawal','forms.payment_channel','Payment Channel','2023-11-19 00:36:49','2023-11-19 00:36:49'),(3224,1,'en','plugins/marketplace/withdrawal','forms.payment_channel_placeholder','Payment Channel','2023-11-19 00:36:49','2023-11-19 00:36:49'),(3225,1,'en','plugins/marketplace/withdrawal','forms.transaction_id','Transaction ID','2023-11-19 00:36:49','2023-11-19 00:36:49'),(3226,1,'en','plugins/marketplace/withdrawal','forms.transaction_id_placeholder','Transaction ID','2023-11-19 00:36:49','2023-11-19 00:36:49'),(3227,1,'en','plugins/marketplace/withdrawal','forms.amount_with_balance','Amount (balance: :balance)','2023-11-19 00:36:49','2023-11-19 00:36:49'),(3228,1,'en','plugins/marketplace/withdrawal','new_withdrawal_request_notifications.new_withdrawal_request','New withdrawal request','2023-11-19 00:36:49','2023-11-19 00:36:49'),(3229,1,'en','plugins/marketplace/withdrawal','new_withdrawal_request_notifications.view','View','2023-11-19 00:36:49','2023-11-19 00:36:49'),(3230,1,'en','plugins/marketplace/withdrawal','new_withdrawal_request_notifications.description',':customer has requested a withdrawal.','2023-11-19 00:36:49','2023-11-19 00:36:49'),(3231,1,'en','plugins/newsletter/newsletter','name','Newsletters','2023-11-19 00:36:49','2023-11-19 00:36:49'),(3232,1,'en','plugins/newsletter/newsletter','settings.email.templates.title','Newsletter','2023-11-19 00:36:49','2023-11-19 00:36:49'),(3233,1,'en','plugins/newsletter/newsletter','settings.email.templates.description','Config newsletter email templates','2023-11-19 00:36:49','2023-11-19 00:36:49'),(3234,1,'en','plugins/newsletter/newsletter','settings.email.templates.to_admin.title','Email send to admin','2023-11-19 00:36:49','2023-11-19 00:36:49'),(3235,1,'en','plugins/newsletter/newsletter','settings.email.templates.to_admin.description','Template for sending email to admin','2023-11-19 00:36:49','2023-11-19 00:36:49'),(3236,1,'en','plugins/newsletter/newsletter','settings.email.templates.to_user.title','Email send to user','2023-11-19 00:36:49','2023-11-19 00:36:49'),(3237,1,'en','plugins/newsletter/newsletter','settings.email.templates.to_user.description','Template for sending email to subscriber','2023-11-19 00:36:49','2023-11-19 00:36:49'),(3238,1,'en','plugins/newsletter/newsletter','settings.title','Newsletter','2023-11-19 00:36:49','2023-11-19 00:36:49'),(3239,1,'en','plugins/newsletter/newsletter','settings.description','Settings for newsletter (auto send newsletter email to SendGrid, Mailchimp... when someone register newsletter on website).','2023-11-19 00:36:49','2023-11-19 00:36:49'),(3240,1,'en','plugins/newsletter/newsletter','settings.mailchimp_api_key','Mailchimp API Key','2023-11-19 00:36:49','2023-11-19 00:36:49'),(3241,1,'en','plugins/newsletter/newsletter','settings.mailchimp_list_id','Mailchimp List ID','2023-11-19 00:36:49','2023-11-19 00:36:49'),(3242,1,'en','plugins/newsletter/newsletter','settings.mailchimp_list','Mailchimp List','2023-11-19 00:36:49','2023-11-19 00:36:49'),(3243,1,'en','plugins/newsletter/newsletter','settings.sendgrid_api_key','Sendgrid API Key','2023-11-19 00:36:49','2023-11-19 00:36:49'),(3244,1,'en','plugins/newsletter/newsletter','settings.sendgrid_list_id','Sendgrid List ID','2023-11-19 00:36:49','2023-11-19 00:36:49'),(3245,1,'en','plugins/newsletter/newsletter','settings.sendgrid_list','Sendgrid List','2023-11-19 00:36:49','2023-11-19 00:36:49'),(3246,1,'en','plugins/newsletter/newsletter','settings.enable_newsletter_contacts_list_api','Enable newsletter contacts list API?','2023-11-19 00:36:49','2023-11-19 00:36:49'),(3247,1,'en','plugins/newsletter/newsletter','statuses.subscribed','Subscribed','2023-11-19 00:36:49','2023-11-19 00:36:49'),(3248,1,'en','plugins/newsletter/newsletter','statuses.unsubscribed','Unsubscribed','2023-11-19 00:36:49','2023-11-19 00:36:49'),(3249,1,'en','plugins/payment/payment','payments','Payments','2023-11-19 00:36:49','2023-11-19 00:36:49'),(3250,1,'en','plugins/payment/payment','checkout_success','Checkout successfully!','2023-11-19 00:36:49','2023-11-19 00:36:49'),(3251,1,'en','plugins/payment/payment','view_payment','View payment #','2023-11-19 00:36:49','2023-11-19 00:36:49'),(3252,1,'en','plugins/payment/payment','charge_id','Charge ID','2023-11-19 00:36:49','2023-11-19 00:36:49'),(3253,1,'en','plugins/payment/payment','amount','Amount','2023-11-19 00:36:49','2023-11-19 00:36:49'),(3254,1,'en','plugins/payment/payment','currency','Currency','2023-11-19 00:36:49','2023-11-19 00:36:49'),(3255,1,'en','plugins/payment/payment','user','User','2023-11-19 00:36:49','2023-11-19 00:36:49'),(3256,1,'en','plugins/payment/payment','stripe','Stripe','2023-11-19 00:36:49','2023-11-19 00:36:49'),(3257,1,'en','plugins/payment/payment','paypal','PayPal','2023-11-19 00:36:49','2023-11-19 00:36:49'),(3258,1,'en','plugins/payment/payment','action','Action','2023-11-19 00:36:49','2023-11-19 00:36:49'),(3259,1,'en','plugins/payment/payment','payment_via_card','Payment via card','2023-11-19 00:36:49','2023-11-19 00:36:49'),(3260,1,'en','plugins/payment/payment','card_number','Card number','2023-11-19 00:36:49','2023-11-19 00:36:49'),(3261,1,'en','plugins/payment/payment','full_name','Full name','2023-11-19 00:36:49','2023-11-19 00:36:49'),(3262,1,'en','plugins/payment/payment','payment_via_paypal','Fast and safe online payment via PayPal.','2023-11-19 00:36:49','2023-11-19 00:36:49'),(3263,1,'en','plugins/payment/payment','mm_yy','MM/YY','2023-11-19 00:36:49','2023-11-19 00:36:49'),(3264,1,'en','plugins/payment/payment','cvc','CVC','2023-11-19 00:36:49','2023-11-19 00:36:49'),(3265,1,'en','plugins/payment/payment','details','Details','2023-11-19 00:36:49','2023-11-19 00:36:49'),(3266,1,'en','plugins/payment/payment','payer_name','Payer Name','2023-11-19 00:36:49','2023-11-19 00:36:49'),(3267,1,'en','plugins/payment/payment','email','Email','2023-11-19 00:36:49','2023-11-19 00:36:49'),(3268,1,'en','plugins/payment/payment','phone','Phone','2023-11-19 00:36:49','2023-11-19 00:36:49'),(3269,1,'en','plugins/payment/payment','country','Country','2023-11-19 00:36:49','2023-11-19 00:36:49'),(3270,1,'en','plugins/payment/payment','shipping_address','Shipping Address','2023-11-19 00:36:49','2023-11-19 00:36:49'),(3271,1,'en','plugins/payment/payment','payment_details','Payment Details','2023-11-19 00:36:49','2023-11-19 00:36:49'),(3272,1,'en','plugins/payment/payment','card','Card','2023-11-19 00:36:49','2023-11-19 00:36:49'),(3273,1,'en','plugins/payment/payment','address','Address','2023-11-19 00:36:49','2023-11-19 00:36:49'),(3274,1,'en','plugins/payment/payment','could_not_get_stripe_token','Could not get Stripe token to make a charge.','2023-11-19 00:36:49','2023-11-19 00:36:49'),(3275,1,'en','plugins/payment/payment','payment_id','Payment ID','2023-11-19 00:36:49','2023-11-19 00:36:49'),(3276,1,'en','plugins/payment/payment','payment_methods','Payment methods','2023-11-19 00:36:49','2023-11-19 00:36:49'),(3277,1,'en','plugins/payment/payment','transactions','Transactions','2023-11-19 00:36:49','2023-11-19 00:36:49'),(3278,1,'en','plugins/payment/payment','payment_methods_description','Setup payment methods for website','2023-11-19 00:36:49','2023-11-19 00:36:49'),(3279,1,'en','plugins/payment/payment','paypal_description','Customer can buy product and pay directly via PayPal','2023-11-19 00:36:49','2023-11-19 00:36:49'),(3280,1,'en','plugins/payment/payment','use','Use','2023-11-19 00:36:49','2023-11-19 00:36:49'),(3281,1,'en','plugins/payment/payment','stripe_description','Customer can buy product and pay directly using Visa, Credit card via Stripe','2023-11-19 00:36:49','2023-11-19 00:36:49'),(3282,1,'en','plugins/payment/payment','edit','Edit','2023-11-19 00:36:49','2023-11-19 00:36:49'),(3283,1,'en','plugins/payment/payment','settings','Settings','2023-11-19 00:36:49','2023-11-19 00:36:49'),(3284,1,'en','plugins/payment/payment','activate','Activate','2023-11-19 00:36:49','2023-11-19 00:36:49'),(3285,1,'en','plugins/payment/payment','deactivate','Deactivate','2023-11-19 00:36:49','2023-11-19 00:36:49'),(3286,1,'en','plugins/payment/payment','update','Update','2023-11-19 00:36:49','2023-11-19 00:36:49'),(3287,1,'en','plugins/payment/payment','configuration_instruction','Configuration instruction for :name','2023-11-19 00:36:49','2023-11-19 00:36:49'),(3288,1,'en','plugins/payment/payment','configuration_requirement','To use :name, you need','2023-11-19 00:36:49','2023-11-19 00:36:49'),(3289,1,'en','plugins/payment/payment','service_registration','Register with :name','2023-11-19 00:36:49','2023-11-19 00:36:49'),(3290,1,'en','plugins/payment/payment','after_service_registration_msg','After registration at :name, you will have Client ID, Client Secret','2023-11-19 00:36:50','2023-11-19 00:36:50'),(3291,1,'en','plugins/payment/payment','enter_client_id_and_secret','Enter Client ID, Secret into the box in right hand','2023-11-19 00:36:50','2023-11-19 00:36:50'),(3292,1,'en','plugins/payment/payment','method_name','Method name','2023-11-19 00:36:50','2023-11-19 00:36:50'),(3293,1,'en','plugins/payment/payment','please_provide_information','Please provide information','2023-11-19 00:36:50','2023-11-19 00:36:50'),(3294,1,'en','plugins/payment/payment','client_id','Client ID','2023-11-19 00:36:50','2023-11-19 00:36:50'),(3295,1,'en','plugins/payment/payment','client_secret','Client Secret','2023-11-19 00:36:50','2023-11-19 00:36:50'),(3296,1,'en','plugins/payment/payment','secret','Secret','2023-11-19 00:36:50','2023-11-19 00:36:50'),(3297,1,'en','plugins/payment/payment','stripe_key','Stripe Public Key','2023-11-19 00:36:50','2023-11-19 00:36:50'),(3298,1,'en','plugins/payment/payment','stripe_secret','Stripe Private Key','2023-11-19 00:36:50','2023-11-19 00:36:50'),(3299,1,'en','plugins/payment/payment','stripe_after_service_registration_msg','After registration at :name, you will have Public, Secret keys','2023-11-19 00:36:50','2023-11-19 00:36:50'),(3300,1,'en','plugins/payment/payment','stripe_enter_client_id_and_secret','Enter Public, Secret keys into the box in right hand','2023-11-19 00:36:50','2023-11-19 00:36:50'),(3301,1,'en','plugins/payment/payment','pay_online_via','Pay online via :name','2023-11-19 00:36:50','2023-11-19 00:36:50'),(3302,1,'en','plugins/payment/payment','sandbox_mode','Sandbox mode','2023-11-19 00:36:50','2023-11-19 00:36:50'),(3303,1,'en','plugins/payment/payment','deactivate_payment_method','Deactivate payment method','2023-11-19 00:36:50','2023-11-19 00:36:50'),(3304,1,'en','plugins/payment/payment','deactivate_payment_method_description','Do you really want to deactivate this payment method?','2023-11-19 00:36:50','2023-11-19 00:36:50'),(3305,1,'en','plugins/payment/payment','agree','Agree','2023-11-19 00:36:50','2023-11-19 00:36:50'),(3306,1,'en','plugins/payment/payment','name','Payments','2023-11-19 00:36:50','2023-11-19 00:36:50'),(3307,1,'en','plugins/payment/payment','create','New payment','2023-11-19 00:36:50','2023-11-19 00:36:50'),(3308,1,'en','plugins/payment/payment','go_back','Go back','2023-11-19 00:36:50','2023-11-19 00:36:50'),(3309,1,'en','plugins/payment/payment','information','Information','2023-11-19 00:36:50','2023-11-19 00:36:50'),(3310,1,'en','plugins/payment/payment','methods.paypal','PayPal','2023-11-19 00:36:50','2023-11-19 00:36:50'),(3311,1,'en','plugins/payment/payment','methods.cod','Cash on delivery (COD)','2023-11-19 00:36:50','2023-11-19 00:36:50'),(3312,1,'en','plugins/payment/payment','methods.bank_transfer','Bank transfer','2023-11-19 00:36:50','2023-11-19 00:36:50'),(3313,1,'en','plugins/payment/payment','statuses.pending','Pending','2023-11-19 00:36:50','2023-11-19 00:36:50'),(3314,1,'en','plugins/payment/payment','statuses.completed','Completed','2023-11-19 00:36:50','2023-11-19 00:36:50'),(3315,1,'en','plugins/payment/payment','statuses.refunding','Refunding','2023-11-19 00:36:50','2023-11-19 00:36:50'),(3316,1,'en','plugins/payment/payment','statuses.refunded','Refunded','2023-11-19 00:36:50','2023-11-19 00:36:50'),(3317,1,'en','plugins/payment/payment','statuses.fraud','Fraud','2023-11-19 00:36:50','2023-11-19 00:36:50'),(3318,1,'en','plugins/payment/payment','statuses.failed','Failed','2023-11-19 00:36:50','2023-11-19 00:36:50'),(3319,1,'en','plugins/payment/payment','payment_methods_instruction','Guide customers to pay directly. You can choose to pay by delivery or bank transfer','2023-11-19 00:36:50','2023-11-19 00:36:50'),(3320,1,'en','plugins/payment/payment','payment_method_description','Payment guide - (Displayed on the notice of successful purchase and payment page)','2023-11-19 00:36:50','2023-11-19 00:36:50'),(3321,1,'en','plugins/payment/payment','payment_via_cod','Cash on delivery (COD)','2023-11-19 00:36:50','2023-11-19 00:36:50'),(3322,1,'en','plugins/payment/payment','payment_via_bank_transfer','Bank transfer','2023-11-19 00:36:50','2023-11-19 00:36:50'),(3323,1,'en','plugins/payment/payment','payment_pending','Checkout successfully. Your payment is pending and will be checked by our staff.','2023-11-19 00:36:50','2023-11-19 00:36:50'),(3324,1,'en','plugins/payment/payment','created_at','Created At','2023-11-19 00:36:50','2023-11-19 00:36:50'),(3325,1,'en','plugins/payment/payment','payment_channel','Payment Channel','2023-11-19 00:36:50','2023-11-19 00:36:50'),(3326,1,'en','plugins/payment/payment','total','Total','2023-11-19 00:36:50','2023-11-19 00:36:50'),(3327,1,'en','plugins/payment/payment','status','Status','2023-11-19 00:36:50','2023-11-19 00:36:50'),(3328,1,'en','plugins/payment/payment','default_payment_method','Default payment method','2023-11-19 00:36:50','2023-11-19 00:36:50'),(3329,1,'en','plugins/payment/payment','turn_off_success','Turn off payment method successfully!','2023-11-19 00:36:50','2023-11-19 00:36:50'),(3330,1,'en','plugins/payment/payment','saved_payment_method_success','Saved payment method successfully!','2023-11-19 00:36:50','2023-11-19 00:36:50'),(3331,1,'en','plugins/payment/payment','saved_payment_settings_success','Saved payment settings successfully!','2023-11-19 00:36:50','2023-11-19 00:36:50'),(3332,1,'en','plugins/payment/payment','payment_name','Name','2023-11-19 00:36:50','2023-11-19 00:36:50'),(3333,1,'en','plugins/payment/payment','payment_not_found','Payment not found!','2023-11-19 00:36:50','2023-11-19 00:36:50'),(3334,1,'en','plugins/payment/payment','refunds.title','Refunds','2023-11-19 00:36:50','2023-11-19 00:36:50'),(3335,1,'en','plugins/payment/payment','refunds.id','ID','2023-11-19 00:36:50','2023-11-19 00:36:50'),(3336,1,'en','plugins/payment/payment','refunds.breakdowns','Breakdowns','2023-11-19 00:36:50','2023-11-19 00:36:50'),(3337,1,'en','plugins/payment/payment','refunds.gross_amount','Gross amount','2023-11-19 00:36:50','2023-11-19 00:36:50'),(3338,1,'en','plugins/payment/payment','refunds.paypal_fee','PayPal fee','2023-11-19 00:36:50','2023-11-19 00:36:50'),(3339,1,'en','plugins/payment/payment','refunds.net_amount','Net amount','2023-11-19 00:36:50','2023-11-19 00:36:50'),(3340,1,'en','plugins/payment/payment','refunds.total_refunded_amount','Total refunded amount','2023-11-19 00:36:50','2023-11-19 00:36:50'),(3341,1,'en','plugins/payment/payment','refunds.create_time','Create time','2023-11-19 00:36:50','2023-11-19 00:36:50'),(3342,1,'en','plugins/payment/payment','refunds.update_time','Update time','2023-11-19 00:36:50','2023-11-19 00:36:50'),(3343,1,'en','plugins/payment/payment','refunds.status','Status','2023-11-19 00:36:50','2023-11-19 00:36:50'),(3344,1,'en','plugins/payment/payment','refunds.description','Description','2023-11-19 00:36:50','2023-11-19 00:36:50'),(3345,1,'en','plugins/payment/payment','refunds.refunded_at','Refunded at','2023-11-19 00:36:50','2023-11-19 00:36:50'),(3346,1,'en','plugins/payment/payment','refunds.error_message','Error message','2023-11-19 00:36:50','2023-11-19 00:36:50'),(3347,1,'en','plugins/payment/payment','view_response_source','View response source','2023-11-19 00:36:50','2023-11-19 00:36:50'),(3348,1,'en','plugins/payment/payment','status_is_not_completed','Status is not COMPLETED','2023-11-19 00:36:50','2023-11-19 00:36:50'),(3349,1,'en','plugins/payment/payment','cannot_found_capture_id','Can not found capture id with payment detail','2023-11-19 00:36:50','2023-11-19 00:36:50'),(3350,1,'en','plugins/payment/payment','amount_refunded','Amount refunded','2023-11-19 00:36:50','2023-11-19 00:36:50'),(3351,1,'en','plugins/payment/payment','amount_remaining','Amount remaining','2023-11-19 00:36:50','2023-11-19 00:36:50'),(3352,1,'en','plugins/payment/payment','paid_at','Paid At','2023-11-19 00:36:50','2023-11-19 00:36:50'),(3353,1,'en','plugins/payment/payment','invalid_settings','Settings for :name are invalid!','2023-11-19 00:36:50','2023-11-19 00:36:50'),(3354,1,'en','plugins/payment/payment','view_transaction','Transaction \":charge_id\"','2023-11-19 00:36:50','2023-11-19 00:36:50'),(3355,1,'en','plugins/payment/payment','payment_description','Pay for your order #:order_id at :site_url','2023-11-19 00:36:50','2023-11-19 00:36:50'),(3356,1,'en','plugins/shippo/shippo','name','Shippo','2023-11-19 00:36:50','2023-11-19 00:36:50'),(3357,1,'en','plugins/shippo/shippo','description','All of the Carriers and Stores You Need','2023-11-19 00:36:50','2023-11-19 00:36:50'),(3358,1,'en','plugins/shippo/shippo','note_0','Before activating, please read the instructions below','2023-11-19 00:36:50','2023-11-19 00:36:50'),(3359,1,'en','plugins/shippo/shippo','note_1','Need to use cities, states, countries from Admin -> Locations, <a href=\":link\" target=\"_blank\" rel=\"noopener noreferrer\">:link</a>','2023-11-19 00:36:50','2023-11-19 00:36:50'),(3360,1,'en','plugins/shippo/shippo','note_2','Enabled \"Load countries, states, cities from plugin location?\" and \"Enable Zip Code?\" for Shippo to work correctly','2023-11-19 00:36:50','2023-11-19 00:36:50'),(3361,1,'en','plugins/shippo/shippo','note_3','Update city, state, country with location plugin data, enter and check the address and zip code in \"<a href=\":link\" target=\"_blank\">Basic information</a>\"','2023-11-19 00:36:50','2023-11-19 00:36:50'),(3362,1,'en','plugins/shippo/shippo','note_4','Vendor needs to update Company & Zip Code. Update city, state, country with location plugin data','2023-11-19 00:36:50','2023-11-19 00:36:50'),(3363,1,'en','plugins/shippo/shippo','note_5','Shippo only allows to create transactions with shipment/rate within 24 hours, if more than 24 hours, please update the rate again','2023-11-19 00:36:50','2023-11-19 00:36:50'),(3364,1,'en','plugins/shippo/shippo','note_6','COD payment method refer <a href=\":link\" target=\"_blank\" rel=\"noopener noreferrer\">here</a>','2023-11-19 00:36:50','2023-11-19 00:36:50'),(3365,1,'en','plugins/shippo/shippo','configuration_instruction','Configuration instruction for :name','2023-11-19 00:36:50','2023-11-19 00:36:50'),(3366,1,'en','plugins/shippo/shippo','configuration_requirement','To use :name, you need','2023-11-19 00:36:50','2023-11-19 00:36:50'),(3367,1,'en','plugins/shippo/shippo','service_registration','Register with :name','2023-11-19 00:36:50','2023-11-19 00:36:50'),(3368,1,'en','plugins/shippo/shippo','after_service_registration_msg','After registration at :name, you will have API Key','2023-11-19 00:36:50','2023-11-19 00:36:50'),(3369,1,'en','plugins/shippo/shippo','enter_api_key','Enter API Key into the box in right hand','2023-11-19 00:36:50','2023-11-19 00:36:50'),(3370,1,'en','plugins/shippo/shippo','please_provide_information','Please provide information','2023-11-19 00:36:50','2023-11-19 00:36:50'),(3371,1,'en','plugins/shippo/shippo','sandbox_mode','Test mode','2023-11-19 00:36:50','2023-11-19 00:36:50'),(3372,1,'en','plugins/shippo/shippo','activate','Activate','2023-11-19 00:36:50','2023-11-19 00:36:50'),(3373,1,'en','plugins/shippo/shippo','disabled_in_demo_mode','You cannot update Shippo settings in demo mode!','2023-11-19 00:36:50','2023-11-19 00:36:50'),(3374,1,'en','plugins/shippo/shippo','parcel','Parcel','2023-11-19 00:36:50','2023-11-19 00:36:50'),(3375,1,'en','plugins/shippo/shippo','estimated_days','Estimated delivery in :day day(s)','2023-11-19 00:36:50','2023-11-19 00:36:50'),(3376,1,'en','plugins/shippo/shippo','from_address','From address','2023-11-19 00:36:50','2023-11-19 00:36:50'),(3377,1,'en','plugins/shippo/shippo','to_address','To address','2023-11-19 00:36:50','2023-11-19 00:36:50'),(3378,1,'en','plugins/shippo/shippo','check_validate_token','Check validate token?','2023-11-19 00:36:50','2023-11-19 00:36:50'),(3379,1,'en','plugins/shippo/shippo','saved_shipping_settings_success','Saved settings successfully!','2023-11-19 00:36:50','2023-11-19 00:36:50'),(3380,1,'en','plugins/shippo/shippo','token_name_is_required',':name is required for the integration to work','2023-11-19 00:36:50','2023-11-19 00:36:50'),(3381,1,'en','plugins/shippo/shippo','token_name_is_invalid',':name is invalid','2023-11-19 00:36:50','2023-11-19 00:36:50'),(3382,1,'en','plugins/shippo/shippo','live_api_token','Live API Token','2023-11-19 00:36:50','2023-11-19 00:36:50'),(3383,1,'en','plugins/shippo/shippo','test_api_token','Test API Token','2023-11-19 00:36:50','2023-11-19 00:36:50'),(3384,1,'en','plugins/shippo/shippo','print_label','Print label','2023-11-19 00:36:50','2023-11-19 00:36:50'),(3385,1,'en','plugins/shippo/shippo','transaction.created','Created transaction #:tracking','2023-11-19 00:36:50','2023-11-19 00:36:50'),(3386,1,'en','plugins/shippo/shippo','transaction.view_and_create','View and Create transaction','2023-11-19 00:36:50','2023-11-19 00:36:50'),(3387,1,'en','plugins/shippo/shippo','transaction.create','Create transaction','2023-11-19 00:36:50','2023-11-19 00:36:50'),(3388,1,'en','plugins/shippo/shippo','transaction.created_success','Created transaction successfully!','2023-11-19 00:36:50','2023-11-19 00:36:50'),(3389,1,'en','plugins/shippo/shippo','transaction.updated','Updated transaction #:tracking','2023-11-19 00:36:50','2023-11-19 00:36:50'),(3390,1,'en','plugins/shippo/shippo','tracking.updated','Updated tracking #:tracking','2023-11-19 00:36:50','2023-11-19 00:36:50'),(3391,1,'en','plugins/shippo/shippo','tracking.statuses.pre_transit','The label is created but before the package is dropped off or picked up by the carrier.','2023-11-19 00:36:50','2023-11-19 00:36:50'),(3392,1,'en','plugins/shippo/shippo','tracking.statuses.transit','The package has been scanned by the carrier and is in transit.','2023-11-19 00:36:50','2023-11-19 00:36:50'),(3393,1,'en','plugins/shippo/shippo','tracking.statuses.delivered','The package has been successfully delivered.','2023-11-19 00:36:50','2023-11-19 00:36:50'),(3394,1,'en','plugins/shippo/shippo','tracking.statuses.returned','The package is en route to be returned to the sender, or has been returned successfully.','2023-11-19 00:36:50','2023-11-19 00:36:50'),(3395,1,'en','plugins/shippo/shippo','tracking.statuses.failure','The carrier indicated that there has been an issue with the delivery. This can happen for various reasons and depends on the carrier. This status does not indicate a technical, but a delivery issue.','2023-11-19 00:36:50','2023-11-19 00:36:50'),(3396,1,'en','plugins/shippo/shippo','tracking.statuses.unknown','The package has not been found via the carrier’s tracking system.','2023-11-19 00:36:50','2023-11-19 00:36:50'),(3397,1,'en','plugins/shippo/shippo','view_other_exchange_rates','View :count other exchange rates','2023-11-19 00:36:50','2023-11-19 00:36:50'),(3398,1,'en','plugins/shippo/shippo','carrier_could_not_be_found','The carrier for which the order was selected could not be found','2023-11-19 00:36:50','2023-11-19 00:36:50'),(3399,1,'en','plugins/shippo/shippo','update_rate','Update rate','2023-11-19 00:36:50','2023-11-19 00:36:50'),(3400,1,'en','plugins/shippo/shippo','updated_rate_success','Created rate successfully!','2023-11-19 00:36:50','2023-11-19 00:36:50'),(3401,1,'en','plugins/shippo/shippo','recheck_rate','Recheck rate','2023-11-19 00:36:50','2023-11-19 00:36:50'),(3402,1,'en','plugins/shippo/shippo','shipment_object_id_not_found','No matching shipping #:id information found','2023-11-19 00:36:50','2023-11-19 00:36:50'),(3403,1,'en','plugins/shippo/shippo','order_amount','Order amount','2023-11-19 00:36:50','2023-11-19 00:36:50'),(3404,1,'en','plugins/shippo/shippo','logging','Logging?','2023-11-19 00:36:50','2023-11-19 00:36:50'),(3405,1,'en','plugins/shippo/shippo','webhooks','Webhooks?','2023-11-19 00:36:50','2023-11-19 00:36:50'),(3406,1,'en','plugins/shippo/shippo','cache_response','Cache response?','2023-11-19 00:36:50','2023-11-19 00:36:50'),(3407,1,'en','plugins/shippo/shippo','not_available_in_cod_payment_method','Shippo options won\'t be shown if the selected payment method is COD!','2023-11-19 00:36:50','2023-11-19 00:36:50'),(3408,1,'en','plugins/simple-slider/simple-slider','create','New slider','2023-11-19 00:36:50','2023-11-19 00:36:50'),(3409,1,'en','plugins/simple-slider/simple-slider','menu','Simple sliders','2023-11-19 00:36:50','2023-11-19 00:36:50'),(3410,1,'en','plugins/simple-slider/simple-slider','settings.title','Simple sliders','2023-11-19 00:36:51','2023-11-19 00:36:51'),(3411,1,'en','plugins/simple-slider/simple-slider','settings.description','Settings for Simple sliders','2023-11-19 00:36:51','2023-11-19 00:36:51'),(3412,1,'en','plugins/simple-slider/simple-slider','settings.using_assets','Using default assets?','2023-11-19 00:36:51','2023-11-19 00:36:51'),(3413,1,'en','plugins/simple-slider/simple-slider','settings.using_assets_description','If using assets option is enabled then below scripts will be auto added to front site.','2023-11-19 00:36:51','2023-11-19 00:36:51'),(3414,1,'en','plugins/simple-slider/simple-slider','add_new','Add new','2023-11-19 00:36:51','2023-11-19 00:36:51'),(3415,1,'en','plugins/simple-slider/simple-slider','save_sorting','Save sorting','2023-11-19 00:36:51','2023-11-19 00:36:51'),(3416,1,'en','plugins/simple-slider/simple-slider','key','Key','2023-11-19 00:36:51','2023-11-19 00:36:51'),(3417,1,'en','plugins/simple-slider/simple-slider','slide_items','Slide Items','2023-11-19 00:36:51','2023-11-19 00:36:51'),(3418,1,'en','plugins/simple-slider/simple-slider','update_slide_position_success','Updated slide position successfully!','2023-11-19 00:36:51','2023-11-19 00:36:51'),(3419,1,'en','plugins/simple-slider/simple-slider','create_new_slide','Create a new slide','2023-11-19 00:36:51','2023-11-19 00:36:51'),(3420,1,'en','plugins/simple-slider/simple-slider','edit_slide','Edit slide #:id','2023-11-19 00:36:51','2023-11-19 00:36:51'),(3421,1,'en','plugins/simple-slider/simple-slider','simple_slider_shortcode_name','Simple slider','2023-11-19 00:36:51','2023-11-19 00:36:51'),(3422,1,'en','plugins/simple-slider/simple-slider','simple_slider_shortcode_description','Add a simple slider','2023-11-19 00:36:51','2023-11-19 00:36:51'),(3423,1,'en','plugins/simple-slider/simple-slider','select_slider','Select a slider','2023-11-19 00:36:51','2023-11-19 00:36:51'),(3424,1,'en','plugins/social-login/social-login','settings.title','Social Login settings','2023-11-19 00:36:51','2023-11-19 00:36:51'),(3425,1,'en','plugins/social-login/social-login','settings.description','Configure social login options','2023-11-19 00:36:51','2023-11-19 00:36:51'),(3426,1,'en','plugins/social-login/social-login','settings.facebook.title','Facebook login settings','2023-11-19 00:36:51','2023-11-19 00:36:51'),(3427,1,'en','plugins/social-login/social-login','settings.facebook.description','Enable/disable & configure app credentials for Facebook login','2023-11-19 00:36:51','2023-11-19 00:36:51'),(3428,1,'en','plugins/social-login/social-login','settings.facebook.app_id','App ID','2023-11-19 00:36:51','2023-11-19 00:36:51'),(3429,1,'en','plugins/social-login/social-login','settings.facebook.app_secret','App Secret','2023-11-19 00:36:51','2023-11-19 00:36:51'),(3430,1,'en','plugins/social-login/social-login','settings.facebook.helper','Please go to https://developers.facebook.com to create new app update App ID, App Secret. Callback URL is :callback','2023-11-19 00:36:51','2023-11-19 00:36:51'),(3431,1,'en','plugins/social-login/social-login','settings.google.title','Google login settings','2023-11-19 00:36:51','2023-11-19 00:36:51'),(3432,1,'en','plugins/social-login/social-login','settings.google.description','Enable/disable & configure app credentials for Google login','2023-11-19 00:36:51','2023-11-19 00:36:51'),(3433,1,'en','plugins/social-login/social-login','settings.google.app_id','App ID','2023-11-19 00:36:51','2023-11-19 00:36:51'),(3434,1,'en','plugins/social-login/social-login','settings.google.app_secret','App Secret','2023-11-19 00:36:51','2023-11-19 00:36:51'),(3435,1,'en','plugins/social-login/social-login','settings.google.helper','Please go to https://console.developers.google.com/apis/dashboard to create new app update App ID, App Secret. Callback URL is :callback','2023-11-19 00:36:51','2023-11-19 00:36:51'),(3436,1,'en','plugins/social-login/social-login','settings.github.title','Github login settings','2023-11-19 00:36:51','2023-11-19 00:36:51'),(3437,1,'en','plugins/social-login/social-login','settings.github.description','Enable/disable & configure app credentials for Github login','2023-11-19 00:36:51','2023-11-19 00:36:51'),(3438,1,'en','plugins/social-login/social-login','settings.github.app_id','App ID','2023-11-19 00:36:51','2023-11-19 00:36:51'),(3439,1,'en','plugins/social-login/social-login','settings.github.app_secret','App Secret','2023-11-19 00:36:51','2023-11-19 00:36:51'),(3440,1,'en','plugins/social-login/social-login','settings.github.helper','Please go to https://github.com/settings/developers to create new app update App ID, App Secret. Callback URL is :callback','2023-11-19 00:36:51','2023-11-19 00:36:51'),(3441,1,'en','plugins/social-login/social-login','settings.linkedin.title','Linkedin login settings','2023-11-19 00:36:51','2023-11-19 00:36:51'),(3442,1,'en','plugins/social-login/social-login','settings.linkedin.description','Enable/disable & configure app credentials for Linkedin login','2023-11-19 00:36:51','2023-11-19 00:36:51'),(3443,1,'en','plugins/social-login/social-login','settings.linkedin.app_id','App ID','2023-11-19 00:36:51','2023-11-19 00:36:51'),(3444,1,'en','plugins/social-login/social-login','settings.linkedin.app_secret','App Secret','2023-11-19 00:36:51','2023-11-19 00:36:51'),(3445,1,'en','plugins/social-login/social-login','settings.linkedin.helper','Please go to https://www.linkedin.com/developers/apps/new to create new app update App ID, App Secret. Callback URL is :callback','2023-11-19 00:36:51','2023-11-19 00:36:51'),(3446,1,'en','plugins/social-login/social-login','settings.enable','Enable?','2023-11-19 00:36:51','2023-11-19 00:36:51'),(3447,1,'en','plugins/social-login/social-login','menu','Social Login','2023-11-19 00:36:51','2023-11-19 00:36:51'),(3448,1,'en','plugins/stripe/stripe','webhook_secret','Webhook Secret','2023-11-19 00:36:51','2023-11-19 00:36:51'),(3449,1,'en','plugins/stripe/stripe','webhook_setup_guide.title','Stripe Webhook Setup Guide','2023-11-19 00:36:51','2023-11-19 00:36:51'),(3450,1,'en','plugins/stripe/stripe','webhook_setup_guide.description','Follow these steps to set up a Stripe webhook','2023-11-19 00:36:51','2023-11-19 00:36:51'),(3451,1,'en','plugins/stripe/stripe','webhook_setup_guide.step_1_label','Login to the Stripe Dashboard','2023-11-19 00:36:51','2023-11-19 00:36:51'),(3452,1,'en','plugins/stripe/stripe','webhook_setup_guide.step_1_description','Access the :link and click on the \"Add Endpoint\" button in the \"Webhooks\" section of the \"Developers\" tab.','2023-11-19 00:36:51','2023-11-19 00:36:51'),(3453,1,'en','plugins/stripe/stripe','webhook_setup_guide.step_2_label','Select Event and Configure Endpoint','2023-11-19 00:36:51','2023-11-19 00:36:51'),(3454,1,'en','plugins/stripe/stripe','webhook_setup_guide.step_2_description','Select the \"payment_intent.succeeded\" event and enter the following URL in the \"Endpoint URL\" field: :url','2023-11-19 00:36:51','2023-11-19 00:36:51'),(3455,1,'en','plugins/stripe/stripe','webhook_setup_guide.step_3_label','Add Endpoint','2023-11-19 00:36:51','2023-11-19 00:36:51'),(3456,1,'en','plugins/stripe/stripe','webhook_setup_guide.step_3_description','Click the \"Add Endpoint\" button to save the webhook.','2023-11-19 00:36:51','2023-11-19 00:36:51'),(3457,1,'en','plugins/stripe/stripe','webhook_setup_guide.step_4_label','Copy Signing Secret','2023-11-19 00:36:51','2023-11-19 00:36:51'),(3458,1,'en','plugins/stripe/stripe','webhook_setup_guide.step_4_description','Copy the \"Signing Secret\" value from the \"Webhook Details\" section and paste it into the \"Stripe Webhook Secret\" field in the \"Stripe\" section of the \"Payment\" tab in the \"Settings\" page.','2023-11-19 00:36:51','2023-11-19 00:36:51'),(3459,1,'en','plugins/translation/translation','translations','Translations','2023-11-19 00:36:51','2023-11-19 00:36:51'),(3460,1,'en','plugins/translation/translation','translations_description','Translate all words in system.','2023-11-19 00:36:51','2023-11-19 00:36:51'),(3461,1,'en','plugins/translation/translation','export_warning','Warning, translations are not visible until they are exported back to lang folder. Please use \"Publish translations\" button to apply changes.','2023-11-19 00:36:51','2023-11-19 00:36:51'),(3462,1,'en','plugins/translation/translation','import_done','Done importing, processed :counter items! Reload this page to refresh the groups!','2023-11-19 00:36:51','2023-11-19 00:36:51'),(3463,1,'en','plugins/translation/translation','translation_manager','Translations Manager','2023-11-19 00:36:51','2023-11-19 00:36:51'),(3464,1,'en','plugins/translation/translation','done_publishing','Done publishing the translations for group','2023-11-19 00:36:51','2023-11-19 00:36:51'),(3465,1,'en','plugins/translation/translation','append_translation','Append new translations','2023-11-19 00:36:51','2023-11-19 00:36:51'),(3466,1,'en','plugins/translation/translation','replace_translation','Replace existing translations','2023-11-19 00:36:51','2023-11-19 00:36:51'),(3467,1,'en','plugins/translation/translation','import_group','Import group','2023-11-19 00:36:51','2023-11-19 00:36:51'),(3468,1,'en','plugins/translation/translation','confirm_publish_group','Are you sure you want to publish the translations group \":group\"? This will overwrite existing language files.','2023-11-19 00:36:51','2023-11-19 00:36:51'),(3469,1,'en','plugins/translation/translation','publish_translations','Publish translations','2023-11-19 00:36:51','2023-11-19 00:36:51'),(3470,1,'en','plugins/translation/translation','back','Back','2023-11-19 00:36:51','2023-11-19 00:36:51'),(3471,1,'en','plugins/translation/translation','edit_title','Enter translation','2023-11-19 00:36:51','2023-11-19 00:36:51'),(3472,1,'en','plugins/translation/translation','choose_group_msg','Choose a group to display the group translations. If no groups are visible, make sure you have imported the translations.','2023-11-19 00:36:51','2023-11-19 00:36:51'),(3473,1,'en','plugins/translation/translation','choose_a_group','Choose a group','2023-11-19 00:36:51','2023-11-19 00:36:51'),(3474,1,'en','plugins/translation/translation','locales','Locales','2023-11-19 00:36:51','2023-11-19 00:36:51'),(3475,1,'en','plugins/translation/translation','theme-translations','Theme translations','2023-11-19 00:36:51','2023-11-19 00:36:51'),(3476,1,'en','plugins/translation/translation','admin-translations','Other translations','2023-11-19 00:36:51','2023-11-19 00:36:51'),(3477,1,'en','plugins/translation/translation','translate_from','Translate from','2023-11-19 00:36:51','2023-11-19 00:36:51'),(3478,1,'en','plugins/translation/translation','to','to','2023-11-19 00:36:51','2023-11-19 00:36:51'),(3479,1,'en','plugins/translation/translation','no_other_languages','No other language to translate!','2023-11-19 00:36:51','2023-11-19 00:36:51'),(3480,1,'en','plugins/translation/translation','edit','Edit','2023-11-19 00:36:51','2023-11-19 00:36:51'),(3481,1,'en','plugins/translation/translation','locale','Locale','2023-11-19 00:36:51','2023-11-19 00:36:51'),(3482,1,'en','plugins/translation/translation','locale_placeholder','Ex: en','2023-11-19 00:36:51','2023-11-19 00:36:51'),(3483,1,'en','plugins/translation/translation','name','Name','2023-11-19 00:36:51','2023-11-19 00:36:51'),(3484,1,'en','plugins/translation/translation','default_locale','Default locale?','2023-11-19 00:36:51','2023-11-19 00:36:51'),(3485,1,'en','plugins/translation/translation','actions','Actions','2023-11-19 00:36:51','2023-11-19 00:36:51'),(3486,1,'en','plugins/translation/translation','choose_language','Choose language','2023-11-19 00:36:51','2023-11-19 00:36:51'),(3487,1,'en','plugins/translation/translation','add_new_language','Add new language','2023-11-19 00:36:51','2023-11-19 00:36:51'),(3488,1,'en','plugins/translation/translation','select_language','Select language','2023-11-19 00:36:51','2023-11-19 00:36:51'),(3489,1,'en','plugins/translation/translation','flag','Flag','2023-11-19 00:36:51','2023-11-19 00:36:51'),(3490,1,'en','plugins/translation/translation','folder_is_not_writeable','Cannot write files! Folder :lang_path is not writable. Please chmod to make it writable!','2023-11-19 00:36:51','2023-11-19 00:36:51'),(3491,1,'en','plugins/translation/translation','delete','Delete','2023-11-19 00:36:51','2023-11-19 00:36:51'),(3492,1,'en','plugins/translation/translation','confirm_delete_message','Do you really want to delete this locale? It will delete all files/folders for this local in :lang_path!','2023-11-19 00:36:51','2023-11-19 00:36:51'),(3493,1,'en','plugins/translation/translation','download','Download','2023-11-19 00:36:51','2023-11-19 00:36:51'),(3494,1,'en','plugins/translation/translation','select_locale','Select locale','2023-11-19 00:36:51','2023-11-19 00:36:51'),(3495,1,'en','plugins/translation/translation','theme_translations_instruction','Click on text to translate. Do NOT translate variables, Eg. :username, :query, :link...','2023-11-19 00:36:51','2023-11-19 00:36:51'),(3496,1,'en','plugins/translation/translation','import_available_locale','Or import available locale from our GitHub repository','2023-11-19 00:36:51','2023-11-19 00:36:51'),(3497,1,'en','plugins/translation/translation','add_new_locale','Add new locale','2023-11-19 00:36:51','2023-11-19 00:36:51'),(3498,1,'en','plugins/translation/translation','download_locale','Download locale','2023-11-19 00:36:51','2023-11-19 00:36:51'),(3499,1,'en','plugins/translation/translation','import_available_locale_confirmation','Download locale from GitHub','2023-11-19 00:36:51','2023-11-19 00:36:51'),(3500,1,'en','plugins/translation/translation','import_available_locale_confirmation_content','Are you sure you want to download this locale? It will be downloaded into :lang_path, you can delete it later if you want.','2023-11-19 00:36:51','2023-11-19 00:36:51'),(3501,1,'en','plugins/translation/translation','is_default','Is default?','2023-11-19 00:36:51','2023-11-19 00:36:51');
/*!40000 ALTER TABLE `translations` ENABLE KEYS */;
UNLOCK TABLES;

--
-- Table structure for table `user_meta`
--

DROP TABLE IF EXISTS `user_meta`;
/*!40101 SET @saved_cs_client     = @@character_set_client */;
/*!50503 SET character_set_client = utf8mb4 */;
CREATE TABLE `user_meta` (
  `id` bigint unsigned NOT NULL AUTO_INCREMENT,
  `key` varchar(120) COLLATE utf8mb4_unicode_ci DEFAULT NULL,
  `value` varchar(255) COLLATE utf8mb4_unicode_ci DEFAULT NULL,
  `user_id` bigint unsigned NOT NULL,
  `created_at` timestamp NULL DEFAULT NULL,
  `updated_at` timestamp NULL DEFAULT NULL,
  PRIMARY KEY (`id`),
  KEY `user_meta_user_id_index` (`user_id`)
) ENGINE=InnoDB DEFAULT CHARSET=utf8mb4 COLLATE=utf8mb4_unicode_ci;
/*!40101 SET character_set_client = @saved_cs_client */;

--
-- Dumping data for table `user_meta`
--

LOCK TABLES `user_meta` WRITE;
/*!40000 ALTER TABLE `user_meta` DISABLE KEYS */;
/*!40000 ALTER TABLE `user_meta` ENABLE KEYS */;
UNLOCK TABLES;

--
-- Table structure for table `users`
--

DROP TABLE IF EXISTS `users`;
/*!40101 SET @saved_cs_client     = @@character_set_client */;
/*!50503 SET character_set_client = utf8mb4 */;
CREATE TABLE `users` (
  `id` bigint unsigned NOT NULL AUTO_INCREMENT,
  `email` varchar(191) COLLATE utf8mb4_unicode_ci NOT NULL,
  `email_verified_at` timestamp NULL DEFAULT NULL,
  `password` varchar(120) COLLATE utf8mb4_unicode_ci DEFAULT NULL,
  `remember_token` varchar(100) COLLATE utf8mb4_unicode_ci DEFAULT NULL,
  `created_at` timestamp NULL DEFAULT NULL,
  `updated_at` timestamp NULL DEFAULT NULL,
  `first_name` varchar(120) COLLATE utf8mb4_unicode_ci DEFAULT NULL,
  `last_name` varchar(120) COLLATE utf8mb4_unicode_ci DEFAULT NULL,
  `username` varchar(60) COLLATE utf8mb4_unicode_ci DEFAULT NULL,
  `avatar_id` bigint unsigned DEFAULT NULL,
  `super_user` tinyint(1) NOT NULL DEFAULT '0',
  `manage_supers` tinyint(1) NOT NULL DEFAULT '0',
  `permissions` text COLLATE utf8mb4_unicode_ci,
  `last_login` timestamp NULL DEFAULT NULL,
  PRIMARY KEY (`id`),
  UNIQUE KEY `users_email_unique` (`email`),
  UNIQUE KEY `users_username_unique` (`username`)
) ENGINE=InnoDB AUTO_INCREMENT=3 DEFAULT CHARSET=utf8mb4 COLLATE=utf8mb4_unicode_ci;
/*!40101 SET character_set_client = @saved_cs_client */;

--
-- Dumping data for table `users`
--

LOCK TABLES `users` WRITE;
/*!40000 ALTER TABLE `users` DISABLE KEYS */;
INSERT INTO `users` VALUES (1,'ayden.hilpert@schmeler.com',NULL,'$2y$12$gaw4u96xv7diS08mSIQPZ.zkcD0nj3zvs/d7ggqnaaTtOwno0nXaS',NULL,'2023-11-19 00:36:10','2023-11-19 00:36:10','Georgianna','Lakin','botble',NULL,1,1,NULL,NULL),(2,'fhagenes@koss.info',NULL,'$2y$12$k6HXgtO0qcdSWcrplm3jye9W17ajiRaCYz.rFzkBR3igs0cLVjNWy',NULL,'2023-11-19 00:36:10','2023-11-19 00:36:10','Elisabeth','Auer','admin',NULL,1,1,NULL,NULL);
/*!40000 ALTER TABLE `users` ENABLE KEYS */;
UNLOCK TABLES;

--
-- Table structure for table `widgets`
--

DROP TABLE IF EXISTS `widgets`;
/*!40101 SET @saved_cs_client     = @@character_set_client */;
/*!50503 SET character_set_client = utf8mb4 */;
CREATE TABLE `widgets` (
  `id` bigint unsigned NOT NULL AUTO_INCREMENT,
  `widget_id` varchar(120) COLLATE utf8mb4_unicode_ci NOT NULL,
  `sidebar_id` varchar(120) COLLATE utf8mb4_unicode_ci NOT NULL,
  `theme` varchar(120) COLLATE utf8mb4_unicode_ci NOT NULL,
  `position` tinyint unsigned NOT NULL DEFAULT '0',
  `data` text COLLATE utf8mb4_unicode_ci,
  `created_at` timestamp NULL DEFAULT NULL,
  `updated_at` timestamp NULL DEFAULT NULL,
  PRIMARY KEY (`id`)
) ENGINE=InnoDB AUTO_INCREMENT=17 DEFAULT CHARSET=utf8mb4 COLLATE=utf8mb4_unicode_ci;
/*!40101 SET character_set_client = @saved_cs_client */;

--
-- Dumping data for table `widgets`
--

LOCK TABLES `widgets` WRITE;
/*!40000 ALTER TABLE `widgets` DISABLE KEYS */;
INSERT INTO `widgets` VALUES (1,'SiteInfoWidget','footer_sidebar','nest',0,'{\"id\":\"SiteInfoWidget\",\"name\":\"Site information\",\"about\":\"Awesome grocery store website template\",\"phone\":\"(+91) - 540-025-124553\",\"address\":\"5171 W Campbell Ave undefined Kent, Utah 53127 United States\",\"email\":\"sale@Nest.com\",\"working_hours\":\"10:00 - 18:00, Mon - Sat\"}','2023-11-19 00:36:11','2023-11-19 00:36:11'),(2,'CustomMenuWidget','footer_sidebar','nest',1,'{\"id\":\"CustomMenuWidget\",\"name\":\"Company\",\"menu_id\":\"company\"}','2023-11-19 00:36:11','2023-11-19 00:36:11'),(3,'CustomMenuWidget','footer_sidebar','nest',2,'{\"id\":\"CustomMenuWidget\",\"name\":\"Categories\",\"menu_id\":\"product-categories\"}','2023-11-19 00:36:11','2023-11-19 00:36:11'),(4,'CustomMenuWidget','footer_sidebar','nest',3,'{\"id\":\"CustomMenuWidget\",\"name\":\"Information\",\"menu_id\":\"information\"}','2023-11-19 00:36:11','2023-11-19 00:36:11'),(5,'InstallAppWidget','footer_sidebar','nest',3,'{\"id\":\"InstallAppWidget\",\"name\":\"Install App\",\"apps_description\":\"From App Store or Google Play\",\"ios_app_url\":\"#\",\"ios_app_image\":\"general\\/app-store.jpg\",\"android_app_url\":\"#\",\"android_app_image\":\"general\\/google-play.jpg\",\"payment_gateway_description\":\"Secured Payment Gateways\",\"payment_gateway_image\":\"general\\/payment-methods.png\"}','2023-11-19 00:36:11','2023-11-19 00:36:11'),(6,'BlogSearchWidget','primary_sidebar','nest',0,'{\"id\":\"BlogSearchWidget\",\"name\":\"Search\"}','2023-11-19 00:36:11','2023-11-19 00:36:11'),(7,'ProductCategoriesWidget','primary_sidebar','nest',1,'{\"id\":\"ProductCategoriesWidget\",\"name\":\"Categories\"}','2023-11-19 00:36:11','2023-11-19 00:36:11'),(8,'TrendingProductsWidget','primary_sidebar','nest',2,'{\"id\":\"TrendingProductsWidget\",\"name\":\"Trending Now\",\"number_display\":4}','2023-11-19 00:36:11','2023-11-19 00:36:11'),(9,'GalleryWidget','primary_sidebar','nest',3,'{\"id\":\"GalleryWidget\",\"name\":\"Gallery\",\"slider_key\":\"slider-blog-1\"}','2023-11-19 00:36:11','2023-11-19 00:36:11'),(10,'TagsWidget','primary_sidebar','nest',4,'{\"id\":\"TagsWidget\",\"name\":\"Popular Tags\"}','2023-11-19 00:36:11','2023-11-19 00:36:11'),(11,'AdsWidget','primary_sidebar','nest',5,'{\"id\":\"AdsWidget\",\"name\":\"Oganic\",\"ads_key\":\"IZ6WU8KUALYI\"}','2023-11-19 00:36:11','2023-11-19 00:36:11'),(12,'ProductCategoriesWidget','product_sidebar','nest',1,'{\"id\":\"ProductCategoriesWidget\",\"name\":\"Categories\"}','2023-11-19 00:36:11','2023-11-19 00:36:11'),(13,'NewProductsWidget','product_sidebar','nest',3,'{\"id\":\"NewProductsWidget\",\"name\":\"New products\"}','2023-11-19 00:36:11','2023-11-19 00:36:11'),(14,'AdsWidget','product_sidebar','nest',4,'{\"id\":\"AdsWidget\",\"name\":\"Oganic\",\"ads_key\":\"IZ6WU8KUALYI\"}','2023-11-19 00:36:11','2023-11-19 00:36:11'),(15,'NewsletterWidget','pre_footer_sidebar','nest',0,'{\"id\":\"NewsletterWidget\",\"title\":\"Stay home & get your daily <br \\/>needs from our shop\",\"subtitle\":\"Start Your Daily Shopping with <span>Nest Mart<\\/span>\",\"image\":\"general\\/newsletter-image.png\",\"background_image\":\"general\\/newsletter-background-image.png\"}','2023-11-19 00:36:11','2023-11-19 00:36:11'),(16,'SiteFeaturesWidget','pre_footer_sidebar','nest',1,'{\"id\":\"SiteFeaturesWidget\",\"title\":\"Site Features\",\"data\":{\"1\":{\"icon\":\"general\\/icon-1.png\",\"title\":\"Best prices & offers\",\"subtitle\":\"Orders $50 or more\"},\"2\":{\"icon\":\"general\\/icon-2.png\",\"title\":\"Free delivery\",\"subtitle\":\"24\\/7 amazing services\"},\"3\":{\"icon\":\"general\\/icon-3.png\",\"title\":\"Great daily deal\",\"subtitle\":\"When you sign up\"},\"4\":{\"icon\":\"general\\/icon-4.png\",\"title\":\"Wide assortment\",\"subtitle\":\"Mega Discounts\"},\"5\":{\"icon\":\"general\\/icon-5.png\",\"title\":\"Easy returns\",\"subtitle\":\"Within 30 days\"}}}','2023-11-19 00:36:11','2023-11-19 00:36:11');
/*!40000 ALTER TABLE `widgets` ENABLE KEYS */;
UNLOCK TABLES;
/*!40103 SET TIME_ZONE=@OLD_TIME_ZONE */;

/*!40101 SET SQL_MODE=@OLD_SQL_MODE */;
/*!40014 SET FOREIGN_KEY_CHECKS=@OLD_FOREIGN_KEY_CHECKS */;
/*!40014 SET UNIQUE_CHECKS=@OLD_UNIQUE_CHECKS */;
/*!40101 SET CHARACTER_SET_CLIENT=@OLD_CHARACTER_SET_CLIENT */;
/*!40101 SET CHARACTER_SET_RESULTS=@OLD_CHARACTER_SET_RESULTS */;
/*!40101 SET COLLATION_CONNECTION=@OLD_COLLATION_CONNECTION */;
/*!40111 SET SQL_NOTES=@OLD_SQL_NOTES */;

-- Dump completed on 2023-11-19 14:36:53
